register	Set up job	﻿2026-08-17T14:03:29.8817264Z Current runner version: '2.336.0'
register	Set up job	2026-08-17T14:03:29.8843089Z ##[group]Runner Image Provisioner
register	Set up job	2026-08-17T14:03:29.8844012Z Hosted Compute Agent
register	Set up job	2026-08-17T14:03:29.8844633Z Version: 20260729.566
register	Set up job	2026-08-17T14:03:29.8845384Z Commit: cf7153fe6e25b664e8693c24944bf2b00355d109
register	Set up job	2026-08-17T14:03:29.8846181Z Build Date: 2026-07-29T19:17:02Z
register	Set up job	2026-08-17T14:03:29.8846917Z Worker ID: {5050ddc5-6225-43ee-bb18-06630448f15e}
register	Set up job	2026-08-17T14:03:29.8847670Z Azure Region: centralus
register	Set up job	2026-08-17T14:03:29.8848303Z ##[endgroup]
register	Set up job	2026-08-17T14:03:29.8850493Z ##[group]Operating System
register	Set up job	2026-08-17T14:03:29.8851529Z Ubuntu
register	Set up job	2026-08-17T14:03:29.8852412Z 24.04.4
register	Set up job	2026-08-17T14:03:29.8853321Z LTS
register	Set up job	2026-08-17T14:03:29.8854109Z ##[endgroup]
register	Set up job	2026-08-17T14:03:29.8855066Z ##[group]Runner Image
register	Set up job	2026-08-17T14:03:29.8856098Z Image: ubuntu-24.04
register	Set up job	2026-08-17T14:03:29.8857351Z Version: 20260810.271.1
register	Set up job	2026-08-17T14:03:29.8859167Z Included Software: https://github.com/actions/runner-images/blob/ubuntu24/20260810.271/images/ubuntu/Ubuntu2404-Readme.md
register	Set up job	2026-08-17T14:03:29.8862284Z Image Release: https://github.com/actions/runner-images/releases/tag/ubuntu24%2F20260810.271
register	Set up job	2026-08-17T14:03:29.8863938Z ##[endgroup]
register	Set up job	2026-08-17T14:03:29.8866474Z ##[group]GITHUB_TOKEN Permissions
register	Set up job	2026-08-17T14:03:29.8869298Z Contents: read
register	Set up job	2026-08-17T14:03:29.8870537Z Metadata: read
register	Set up job	2026-08-17T14:03:29.8871512Z ##[endgroup]
register	Set up job	2026-08-17T14:03:29.8874217Z Secret source: Actions
register	Set up job	2026-08-17T14:03:29.8876215Z Prepare workflow directory
register	Set up job	2026-08-17T14:03:29.9471024Z Prepare all required actions
register	Set up job	2026-08-17T14:03:29.9536506Z Getting action download info
register	Set up job	2026-08-17T14:03:30.1951504Z Download action repository 'actions/checkout@v4' (SHA:11d5960a326750d5838078e36cf38b85af677262)
register	Set up job	2026-08-17T14:03:30.3860893Z Complete job name: register
register	检出注册代码（私有 jjj）	﻿2026-08-17T14:03:30.4699443Z Node 20 is being deprecated. This workflow is running with Node 24 by default. If you need to temporarily use Node 20, you can set the ACTIONS_ALLOW_USE_UNSECURE_NODE_VERSION=true environment variable. For more information see: https://github.blog/changelog/2025-09-19-deprecation-of-node-20-on-github-actions-runners/
register	检出注册代码（私有 jjj）	2026-08-17T14:03:30.4708582Z ##[group]Run actions/checkout@v4
register	检出注册代码（私有 jjj）	2026-08-17T14:03:30.4709284Z with:
register	检出注册代码（私有 jjj）	2026-08-17T14:03:30.4709733Z   repository: DanielLawrence9553/jjj
register	检出注册代码（私有 jjj）	2026-08-17T14:03:30.4710699Z   token: ***
register	检出注册代码（私有 jjj）	2026-08-17T14:03:30.4711127Z   ref: master
register	检出注册代码（私有 jjj）	2026-08-17T14:03:30.4711571Z   ssh-strict: true
register	检出注册代码（私有 jjj）	2026-08-17T14:03:30.4712010Z   ssh-user: git
register	检出注册代码（私有 jjj）	2026-08-17T14:03:30.4712461Z   persist-credentials: true
register	检出注册代码（私有 jjj）	2026-08-17T14:03:30.4712951Z   clean: true
register	检出注册代码（私有 jjj）	2026-08-17T14:03:30.4713406Z   sparse-checkout-cone-mode: true
register	检出注册代码（私有 jjj）	2026-08-17T14:03:30.4713931Z   fetch-depth: 1
register	检出注册代码（私有 jjj）	2026-08-17T14:03:30.4714374Z   fetch-tags: false
register	检出注册代码（私有 jjj）	2026-08-17T14:03:30.4714830Z   show-progress: true
register	检出注册代码（私有 jjj）	2026-08-17T14:03:30.4715281Z   lfs: false
register	检出注册代码（私有 jjj）	2026-08-17T14:03:30.4715755Z   submodules: false
register	检出注册代码（私有 jjj）	2026-08-17T14:03:30.4716210Z   set-safe-directory: true
register	检出注册代码（私有 jjj）	2026-08-17T14:03:30.4716723Z   allow-unsafe-pr-checkout: false
register	检出注册代码（私有 jjj）	2026-08-17T14:03:30.4717413Z env:
register	检出注册代码（私有 jjj）	2026-08-17T14:03:30.4717985Z   GITHUB_TOKEN: ***
register	检出注册代码（私有 jjj）	2026-08-17T14:03:30.4718446Z ##[endgroup]
register	检出注册代码（私有 jjj）	2026-08-17T14:03:30.5728551Z Syncing repository: DanielLawrence9553/jjj
register	检出注册代码（私有 jjj）	2026-08-17T14:03:30.5730856Z ##[group]Getting Git version info
register	检出注册代码（私有 jjj）	2026-08-17T14:03:30.5731862Z Working directory is '/home/runner/work/ooo/ooo'
register	检出注册代码（私有 jjj）	2026-08-17T14:03:30.5733318Z [command]/usr/bin/git version
register	检出注册代码（私有 jjj）	2026-08-17T14:03:30.5813253Z git version 2.54.0
register	检出注册代码（私有 jjj）	2026-08-17T14:03:30.5835159Z ##[endgroup]
register	检出注册代码（私有 jjj）	2026-08-17T14:03:30.5851133Z Temporarily overriding HOME='/home/runner/work/_temp/89bcf24d-3bd5-4555-88c2-ceedd068036f' before making global git config changes
register	检出注册代码（私有 jjj）	2026-08-17T14:03:30.5852874Z Adding repository directory to the temporary git global config as a safe directory
register	检出注册代码（私有 jjj）	2026-08-17T14:03:30.5858048Z [command]/usr/bin/git config --global --add safe.directory /home/runner/work/ooo/ooo
register	检出注册代码（私有 jjj）	2026-08-17T14:03:30.5923175Z Deleting the contents of '/home/runner/work/ooo/ooo'
register	检出注册代码（私有 jjj）	2026-08-17T14:03:30.5928742Z ##[group]Initializing the repository
register	检出注册代码（私有 jjj）	2026-08-17T14:03:30.5933778Z [command]/usr/bin/git init /home/runner/work/ooo/ooo
register	检出注册代码（私有 jjj）	2026-08-17T14:03:30.6037859Z hint: Using 'master' as the name for the initial branch. This default branch name
register	检出注册代码（私有 jjj）	2026-08-17T14:03:30.6039138Z hint: will change to "main" in Git 3.0. To configure the initial branch name
register	检出注册代码（私有 jjj）	2026-08-17T14:03:30.6040136Z hint: to use in all of your new repositories, which will suppress this warning,
register	检出注册代码（私有 jjj）	2026-08-17T14:03:30.6041512Z hint: call:
register	检出注册代码（私有 jjj）	2026-08-17T14:03:30.6042146Z hint:
register	检出注册代码（私有 jjj）	2026-08-17T14:03:30.6042948Z hint: 	git config --global init.defaultBranch <name>
register	检出注册代码（私有 jjj）	2026-08-17T14:03:30.6043932Z hint:
register	检出注册代码（私有 jjj）	2026-08-17T14:03:30.6044888Z hint: Names commonly chosen instead of 'master' are 'main', 'trunk' and
register	检出注册代码（私有 jjj）	2026-08-17T14:03:30.6046260Z hint: 'development'. The just-created branch can be renamed via this command:
register	检出注册代码（私有 jjj）	2026-08-17T14:03:30.6047215Z hint:
register	检出注册代码（私有 jjj）	2026-08-17T14:03:30.6047912Z hint: 	git branch -m <name>
register	检出注册代码（私有 jjj）	2026-08-17T14:03:30.6048683Z hint:
register	检出注册代码（私有 jjj）	2026-08-17T14:03:30.6049357Z hint: Disable this message with "git config set advice.defaultBranchName false"
register	检出注册代码（私有 jjj）	2026-08-17T14:03:30.6050557Z Initialized empty Git repository in /home/runner/work/ooo/ooo/.git/
register	检出注册代码（私有 jjj）	2026-08-17T14:03:30.6063466Z [command]/usr/bin/git remote add origin https://github.com/DanielLawrence9553/jjj
register	检出注册代码（私有 jjj）	2026-08-17T14:03:30.6101982Z ##[endgroup]
register	检出注册代码（私有 jjj）	2026-08-17T14:03:30.6102813Z ##[group]Disabling automatic garbage collection
register	检出注册代码（私有 jjj）	2026-08-17T14:03:30.6106500Z [command]/usr/bin/git config --local gc.auto 0
register	检出注册代码（私有 jjj）	2026-08-17T14:03:30.6137064Z ##[endgroup]
register	检出注册代码（私有 jjj）	2026-08-17T14:03:30.6137823Z ##[group]Setting up auth
register	检出注册代码（私有 jjj）	2026-08-17T14:03:30.6144499Z [command]/usr/bin/git config --local --name-only --get-regexp core\.sshCommand
register	检出注册代码（私有 jjj）	2026-08-17T14:03:30.6182849Z [command]/usr/bin/git submodule foreach --recursive sh -c "git config --local --name-only --get-regexp 'core\.sshCommand' && git config --local --unset-all 'core.sshCommand' || :"
register	检出注册代码（私有 jjj）	2026-08-17T14:03:30.6599612Z [command]/usr/bin/git config --local --name-only --get-regexp http\.https\:\/\/github\.com\/\.extraheader
register	检出注册代码（私有 jjj）	2026-08-17T14:03:30.6642316Z [command]/usr/bin/git submodule foreach --recursive sh -c "git config --local --name-only --get-regexp 'http\.https\:\/\/github\.com\/\.extraheader' && git config --local --unset-all 'http.https://github.com/.extraheader' || :"
register	检出注册代码（私有 jjj）	2026-08-17T14:03:30.6885726Z [command]/usr/bin/git config --local --name-only --get-regexp ^includeIf\.gitdir:
register	检出注册代码（私有 jjj）	2026-08-17T14:03:30.6922635Z [command]/usr/bin/git submodule foreach --recursive git config --local --show-origin --name-only --get-regexp remote.origin.url
register	检出注册代码（私有 jjj）	2026-08-17T14:03:30.7158746Z [command]/usr/bin/git config --local http.https://github.com/.extraheader AUTHORIZATION: basic ***
register	检出注册代码（私有 jjj）	2026-08-17T14:03:30.7198452Z ##[endgroup]
register	检出注册代码（私有 jjj）	2026-08-17T14:03:30.7199322Z ##[group]Fetching the repository
register	检出注册代码（私有 jjj）	2026-08-17T14:03:30.7208339Z [command]/usr/bin/git -c protocol.version=2 fetch --no-tags --prune --no-recurse-submodules --depth=1 origin +refs/heads/master*:refs/remotes/origin/master* +refs/tags/master*:refs/tags/master*
register	检出注册代码（私有 jjj）	2026-08-17T14:03:31.6478294Z From https://github.com/DanielLawrence9553/jjj
register	检出注册代码（私有 jjj）	2026-08-17T14:03:31.6480158Z  * [new branch]      master     -> origin/master
register	检出注册代码（私有 jjj）	2026-08-17T14:03:31.6513794Z ##[endgroup]
register	检出注册代码（私有 jjj）	2026-08-17T14:03:31.6515653Z ##[group]Determining the checkout info
register	检出注册代码（私有 jjj）	2026-08-17T14:03:31.6522936Z [command]/usr/bin/git branch --list --remote origin/master
register	检出注册代码（私有 jjj）	2026-08-17T14:03:31.6555074Z   origin/master
register	检出注册代码（私有 jjj）	2026-08-17T14:03:31.6564522Z ##[endgroup]
register	检出注册代码（私有 jjj）	2026-08-17T14:03:31.6565520Z [command]/usr/bin/git sparse-checkout disable
register	检出注册代码（私有 jjj）	2026-08-17T14:03:31.6617003Z [command]/usr/bin/git config --local --unset-all extensions.worktreeConfig
register	检出注册代码（私有 jjj）	2026-08-17T14:03:31.6652919Z ##[group]Checking out the ref
register	检出注册代码（私有 jjj）	2026-08-17T14:03:31.6655972Z [command]/usr/bin/git checkout --progress --force -B master refs/remotes/origin/master
register	检出注册代码（私有 jjj）	2026-08-17T14:03:31.6807472Z Reset branch 'master'
register	检出注册代码（私有 jjj）	2026-08-17T14:03:31.6808942Z branch 'master' set up to track 'origin/master'.
register	检出注册代码（私有 jjj）	2026-08-17T14:03:31.6817677Z ##[endgroup]
register	检出注册代码（私有 jjj）	2026-08-17T14:03:31.6863970Z [command]/usr/bin/git log -1 --format=%H
register	检出注册代码（私有 jjj）	2026-08-17T14:03:31.6895534Z 91152f21c2d46059f1fb7b0fb78f7557b2a165dd
register	安装 warp（Cloudflare WARP 代理）	﻿2026-08-17T14:03:31.7162570Z ##[group]Run curl -fsSL https://pkg.cloudflareclient.com/pubkey.gpg | sudo gpg --yes --dearmor -o /usr/share/keyrings/cloudflare-warp-archive-keyring.gpg
register	安装 warp（Cloudflare WARP 代理）	2026-08-17T14:03:31.7167661Z ^[[36;1mcurl -fsSL https://pkg.cloudflareclient.com/pubkey.gpg | sudo gpg --yes --dearmor -o /usr/share/keyrings/cloudflare-warp-archive-keyring.gpg^[[0m
register	安装 warp（Cloudflare WARP 代理）	2026-08-17T14:03:31.7173455Z ^[[36;1mecho "deb [arch=amd64 signed-by=/usr/share/keyrings/cloudflare-warp-archive-keyring.gpg] https://pkg.cloudflareclient.com/ jammy main" | sudo tee /etc/apt/sources.list.d/cloudflare-client.list^[[0m
register	安装 warp（Cloudflare WARP 代理）	2026-08-17T14:03:31.7177281Z ^[[36;1msudo apt-get update^[[0m
register	安装 warp（Cloudflare WARP 代理）	2026-08-17T14:03:31.7178693Z ^[[36;1msudo apt-get install -y cloudflare-warp || true^[[0m
register	安装 warp（Cloudflare WARP 代理）	2026-08-17T14:03:31.7181000Z ^[[36;1msudo systemctl start warp-svc 2>/dev/null || warp-cli register 2>/dev/null || true^[[0m
register	安装 warp（Cloudflare WARP 代理）	2026-08-17T14:03:31.7229935Z shell: /usr/bin/bash -e {0}
register	安装 warp（Cloudflare WARP 代理）	2026-08-17T14:03:31.7231379Z env:
register	安装 warp（Cloudflare WARP 代理）	2026-08-17T14:03:31.7232904Z   GITHUB_TOKEN: ***
register	安装 warp（Cloudflare WARP 代理）	2026-08-17T14:03:31.7233973Z ##[endgroup]
register	安装 warp（Cloudflare WARP 代理）	2026-08-17T14:03:31.9815192Z deb [arch=amd64 signed-by=/usr/share/keyrings/cloudflare-warp-archive-keyring.gpg] https://pkg.cloudflareclient.com/ jammy main
register	安装 warp（Cloudflare WARP 代理）	2026-08-17T14:03:32.0732544Z Get:1 file:/etc/apt/apt-mirrors.txt Mirrorlist [144 B]
register	安装 warp（Cloudflare WARP 代理）	2026-08-17T14:03:32.1140934Z Hit:2 http://azure.archive.ubuntu.com/ubuntu noble InRelease
register	安装 warp（Cloudflare WARP 代理）	2026-08-17T14:03:32.1193554Z Get:3 http://azure.archive.ubuntu.com/ubuntu noble-updates InRelease [126 kB]
register	安装 warp（Cloudflare WARP 代理）	2026-08-17T14:03:32.1273821Z Get:4 http://azure.archive.ubuntu.com/ubuntu noble-backports InRelease [126 kB]
register	安装 warp（Cloudflare WARP 代理）	2026-08-17T14:03:32.1308725Z Get:5 http://azure.archive.ubuntu.com/ubuntu noble-security InRelease [126 kB]
register	安装 warp（Cloudflare WARP 代理）	2026-08-17T14:03:32.1323382Z Get:6 https://packages.microsoft.com/repos/azure-cli noble InRelease [3564 B]
register	安装 warp（Cloudflare WARP 代理）	2026-08-17T14:03:32.1373622Z Get:7 https://packages.microsoft.com/ubuntu/24.04/prod noble InRelease [3600 B]
register	安装 warp（Cloudflare WARP 代理）	2026-08-17T14:03:32.2236893Z Get:8 https://dl.google.com/linux/chrome-stable/deb stable InRelease [2548 B]
register	安装 warp（Cloudflare WARP 代理）	2026-08-17T14:03:32.2583197Z Get:9 http://azure.archive.ubuntu.com/ubuntu noble-updates/main amd64 Packages [1208 kB]
register	安装 warp（Cloudflare WARP 代理）	2026-08-17T14:03:32.2735445Z Get:10 http://azure.archive.ubuntu.com/ubuntu noble-updates/main Translation-en [284 kB]
register	安装 warp（Cloudflare WARP 代理）	2026-08-17T14:03:32.2744808Z Get:11 http://azure.archive.ubuntu.com/ubuntu noble-updates/main amd64 Components [181 kB]
register	安装 warp（Cloudflare WARP 代理）	2026-08-17T14:03:32.2802041Z Get:12 http://azure.archive.ubuntu.com/ubuntu noble-updates/universe amd64 Packages [1683 kB]
register	安装 warp（Cloudflare WARP 代理）	2026-08-17T14:03:32.2883163Z Get:13 http://azure.archive.ubuntu.com/ubuntu noble-updates/universe Translation-en [336 kB]
register	安装 warp（Cloudflare WARP 代理）	2026-08-17T14:03:32.2909846Z Get:14 http://azure.archive.ubuntu.com/ubuntu noble-updates/universe amd64 Components [388 kB]
register	安装 warp（Cloudflare WARP 代理）	2026-08-17T14:03:32.2924562Z Get:19 https://pkg.cloudflareclient.com jammy InRelease [2567 B]
register	安装 warp（Cloudflare WARP 代理）	2026-08-17T14:03:32.2951845Z Get:15 http://azure.archive.ubuntu.com/ubuntu noble-updates/restricted amd64 Packages [1452 kB]
register	安装 warp（Cloudflare WARP 代理）	2026-08-17T14:03:32.3063085Z Get:16 http://azure.archive.ubuntu.com/ubuntu noble-updates/restricted Translation-en [330 kB]
register	安装 warp（Cloudflare WARP 代理）	2026-08-17T14:03:32.3072178Z Get:17 http://azure.archive.ubuntu.com/ubuntu noble-updates/multiverse Translation-en [12.6 kB]
register	安装 warp（Cloudflare WARP 代理）	2026-08-17T14:03:32.3078693Z Get:18 http://azure.archive.ubuntu.com/ubuntu noble-updates/multiverse amd64 Components [940 B]
register	安装 warp（Cloudflare WARP 代理）	2026-08-17T14:03:32.3641768Z Get:20 http://azure.archive.ubuntu.com/ubuntu noble-backports/main amd64 Components [5744 B]
register	安装 warp（Cloudflare WARP 代理）	2026-08-17T14:03:32.3654299Z Get:21 http://azure.archive.ubuntu.com/ubuntu noble-backports/universe amd64 Components [12.6 kB]
register	安装 warp（Cloudflare WARP 代理）	2026-08-17T14:03:32.3729240Z Get:22 http://azure.archive.ubuntu.com/ubuntu noble-security/main amd64 Packages [934 kB]
register	安装 warp（Cloudflare WARP 代理）	2026-08-17T14:03:32.3793659Z Get:23 http://azure.archive.ubuntu.com/ubuntu noble-security/main Translation-en [202 kB]
register	安装 warp（Cloudflare WARP 代理）	2026-08-17T14:03:32.3810494Z Get:24 http://azure.archive.ubuntu.com/ubuntu noble-security/main amd64 Components [46.3 kB]
register	安装 warp（Cloudflare WARP 代理）	2026-08-17T14:03:32.3842956Z Get:25 http://azure.archive.ubuntu.com/ubuntu noble-security/universe amd64 Packages [1201 kB]
register	安装 warp（Cloudflare WARP 代理）	2026-08-17T14:03:32.3893442Z Get:26 http://azure.archive.ubuntu.com/ubuntu noble-security/universe Translation-en [240 kB]
register	安装 warp（Cloudflare WARP 代理）	2026-08-17T14:03:32.3922099Z Get:27 http://azure.archive.ubuntu.com/ubuntu noble-security/universe amd64 Components [76.2 kB]
register	安装 warp（Cloudflare WARP 代理）	2026-08-17T14:03:32.3937116Z Get:28 http://azure.archive.ubuntu.com/ubuntu noble-security/restricted amd64 Packages [1330 kB]
register	安装 warp（Cloudflare WARP 代理）	2026-08-17T14:03:32.4014865Z Get:29 http://azure.archive.ubuntu.com/ubuntu noble-security/restricted Translation-en [304 kB]
register	安装 warp（Cloudflare WARP 代理）	2026-08-17T14:03:32.4042441Z Get:30 http://azure.archive.ubuntu.com/ubuntu noble-security/multiverse Translation-en [10.9 kB]
register	安装 warp（Cloudflare WARP 代理）	2026-08-17T14:03:32.4353916Z Get:31 https://packages.microsoft.com/repos/azure-cli noble/main amd64 Packages [2452 B]
register	安装 warp（Cloudflare WARP 代理）	2026-08-17T14:03:32.4873735Z Get:32 https://packages.microsoft.com/ubuntu/24.04/prod noble/main armhf Packages [12.4 kB]
register	安装 warp（Cloudflare WARP 代理）	2026-08-17T14:03:32.4927972Z Get:33 https://packages.microsoft.com/ubuntu/24.04/prod noble/main amd64 Packages [326 kB]
register	安装 warp（Cloudflare WARP 代理）	2026-08-17T14:03:32.5054545Z Get:34 https://packages.microsoft.com/ubuntu/24.04/prod noble/main arm64 Packages [285 kB]
register	安装 warp（Cloudflare WARP 代理）	2026-08-17T14:03:32.6651259Z Get:35 https://dl.google.com/linux/chrome-stable/deb stable/main amd64 Packages [1416 B]
register	安装 warp（Cloudflare WARP 代理）	2026-08-17T14:03:32.7152425Z Get:36 https://pkg.cloudflareclient.com jammy/main amd64 Packages [506 B]
register	安装 warp（Cloudflare WARP 代理）	2026-08-17T14:03:36.5909206Z Fetched 11.3 MB in 1s (8179 kB/s)
register	安装 warp（Cloudflare WARP 代理）	2026-08-17T14:03:37.3377181Z Reading package lists...
register	安装 warp（Cloudflare WARP 代理）	2026-08-17T14:03:37.3706960Z Reading package lists...
register	安装 warp（Cloudflare WARP 代理）	2026-08-17T14:03:37.5372120Z Building dependency tree...
register	安装 warp（Cloudflare WARP 代理）	2026-08-17T14:03:37.5381212Z Reading state information...
register	安装 warp（Cloudflare WARP 代理）	2026-08-17T14:03:37.6961702Z The following additional packages will be installed:
register	安装 warp（Cloudflare WARP 代理）	2026-08-17T14:03:37.6962919Z   bubblewrap desktop-file-utils glib-networking glib-networking-common
register	安装 warp（Cloudflare WARP 代理）	2026-08-17T14:03:37.6963610Z   glib-networking-services gsettings-desktop-schemas gstreamer1.0-gl
register	安装 warp（Cloudflare WARP 代理）	2026-08-17T14:03:37.6964389Z   gstreamer1.0-plugins-base gstreamer1.0-plugins-good gstreamer1.0-x libaa1
register	安装 warp（Cloudflare WARP 代理）	2026-08-17T14:03:37.6965208Z   libasyncns0 libavc1394-0 libayatana-appindicator3-1 libayatana-ido3-0.4-0
register	安装 warp（Cloudflare WARP 代理）	2026-08-17T14:03:37.6966154Z   libayatana-indicator3-7 libcaca0 libcdparanoia0 libdv4t64 libegl-mesa0
register	安装 warp（Cloudflare WARP 代理）	2026-08-17T14:03:37.6967024Z   libegl1 libflac12t64 libgles2 libgraphene-1.0-0 libgstreamer-gl1.0-0
register	安装 warp（Cloudflare WARP 代理）	2026-08-17T14:03:37.6967842Z   libgstreamer-plugins-base1.0-0 libgstreamer-plugins-good1.0-0
register	安装 warp（Cloudflare WARP 代理）	2026-08-17T14:03:37.6968695Z   libharfbuzz-icu0 libhyphen0 libiec61883-0 libjavascriptcoregtk-4.1-0
register	安装 warp（Cloudflare WARP 代理）	2026-08-17T14:03:37.6969559Z   libmanette-0.2-0 libmp3lame0 libmpg123-0t64 libopus0 liborc-0.4-0t64
register	安装 warp（Cloudflare WARP 代理）	2026-08-17T14:03:37.6970494Z   libpipewire-0.3-0t64 libpipewire-0.3-common libproxy1v5 libpulse0
register	安装 warp（Cloudflare WARP 代理）	2026-08-17T14:03:37.6971218Z   libraw1394-11 libsecret-1-0 libsecret-common libshout3 libsndfile1
register	安装 warp（Cloudflare WARP 代理）	2026-08-17T14:03:37.6972006Z   libsoup-3.0-0 libsoup-3.0-common libspa-0.2-modules libspeex1 libtag1v5
register	安装 warp（Cloudflare WARP 代理）	2026-08-17T14:03:37.6972893Z   libtag1v5-vanilla libtheora0 libtss2-tcti-libtpms0t64
register	安装 warp（Cloudflare WARP 代理）	2026-08-17T14:03:37.6973617Z   libtss2-tcti-spi-helper0t64 libtss2-tctildr0t64 libtwolame0 libv4l-0t64
register	安装 warp（Cloudflare WARP 代理）	2026-08-17T14:03:37.6974417Z   libv4lconvert0t64 libvisual-0.4-0 libvorbisenc2 libvpx9 libwavpack1
register	安装 warp（Cloudflare WARP 代理）	2026-08-17T14:03:37.6975266Z   libwayland-server0 libwebkit2gtk-4.1-0 libwebrtc-audio-processing1 libxv1
register	安装 warp（Cloudflare WARP 代理）	2026-08-17T14:03:37.6977259Z   session-migration xdg-dbus-proxy xdg-desktop-portal xdg-desktop-portal-gtk
register	安装 warp（Cloudflare WARP 代理）	2026-08-17T14:03:37.6978057Z Suggested packages:
register	安装 warp（Cloudflare WARP 代理）	2026-08-17T14:03:37.6978602Z   traceroute gvfs libdv-bin oss-compat libvisual-0.4-plugins opus-tools
register	安装 warp（Cloudflare WARP 代理）	2026-08-17T14:03:37.6979334Z   pipewire pulseaudio libraw1394-doc speex gstreamer1.0-libav
register	安装 warp（Cloudflare WARP 代理）	2026-08-17T14:03:37.6980070Z   gstreamer1.0-plugins-bad gstreamer1.0-alsa accountsservice evince
register	安装 warp（Cloudflare WARP 代理）	2026-08-17T14:03:37.6981174Z   xdg-desktop-portal-gnome
register	安装 warp（Cloudflare WARP 代理）	2026-08-17T14:03:37.7660123Z The following NEW packages will be installed:
register	安装 warp（Cloudflare WARP 代理）	2026-08-17T14:03:37.7662067Z   bubblewrap cloudflare-warp desktop-file-utils glib-networking
register	安装 warp（Cloudflare WARP 代理）	2026-08-17T14:03:37.7663374Z   glib-networking-common glib-networking-services gsettings-desktop-schemas
register	安装 warp（Cloudflare WARP 代理）	2026-08-17T14:03:37.7664425Z   gstreamer1.0-gl gstreamer1.0-plugins-base gstreamer1.0-plugins-good
register	安装 warp（Cloudflare WARP 代理）	2026-08-17T14:03:37.7666355Z   gstreamer1.0-x libaa1 libasyncns0 libavc1394-0 libayatana-appindicator3-1
register	安装 warp（Cloudflare WARP 代理）	2026-08-17T14:03:37.7667548Z   libayatana-ido3-0.4-0 libayatana-indicator3-7 libcaca0 libcdparanoia0
register	安装 warp（Cloudflare WARP 代理）	2026-08-17T14:03:37.7668462Z   libdv4t64 libegl-mesa0 libegl1 libflac12t64 libgles2 libgraphene-1.0-0
register	安装 warp（Cloudflare WARP 代理）	2026-08-17T14:03:37.7669246Z   libgstreamer-gl1.0-0 libgstreamer-plugins-base1.0-0
register	安装 warp（Cloudflare WARP 代理）	2026-08-17T14:03:37.7670010Z   libgstreamer-plugins-good1.0-0 libharfbuzz-icu0 libhyphen0 libiec61883-0
register	安装 warp（Cloudflare WARP 代理）	2026-08-17T14:03:37.7670950Z   libjavascriptcoregtk-4.1-0 libmanette-0.2-0 libmp3lame0 libmpg123-0t64
register	安装 warp（Cloudflare WARP 代理）	2026-08-17T14:03:37.7671750Z   libopus0 liborc-0.4-0t64 libpipewire-0.3-0t64 libpipewire-0.3-common
register	安装 warp（Cloudflare WARP 代理）	2026-08-17T14:03:37.7672641Z   libproxy1v5 libpulse0 libraw1394-11 libsecret-1-0 libsecret-common libshout3
register	安装 warp（Cloudflare WARP 代理）	2026-08-17T14:03:37.7673565Z   libsndfile1 libsoup-3.0-0 libsoup-3.0-common libspa-0.2-modules libspeex1
register	安装 warp（Cloudflare WARP 代理）	2026-08-17T14:03:37.7674406Z   libtag1v5 libtag1v5-vanilla libtheora0 libtss2-tcti-libtpms0t64
register	安装 warp（Cloudflare WARP 代理）	2026-08-17T14:03:37.7675646Z   libtss2-tcti-spi-helper0t64 libtss2-tctildr0t64 libtwolame0 libv4l-0t64
register	安装 warp（Cloudflare WARP 代理）	2026-08-17T14:03:37.7677043Z   libv4lconvert0t64 libvisual-0.4-0 libvorbisenc2 libvpx9 libwavpack1
register	安装 warp（Cloudflare WARP 代理）	2026-08-17T14:03:37.7677920Z   libwayland-server0 libwebkit2gtk-4.1-0 libwebrtc-audio-processing1 libxv1
register	安装 warp（Cloudflare WARP 代理）	2026-08-17T14:03:37.7678802Z   session-migration xdg-dbus-proxy xdg-desktop-portal xdg-desktop-portal-gtk
register	安装 warp（Cloudflare WARP 代理）	2026-08-17T14:03:37.7925553Z 0 upgraded, 71 newly installed, 0 to remove and 12 not upgraded.
register	安装 warp（Cloudflare WARP 代理）	2026-08-17T14:03:37.7926037Z Need to get 119 MB of archives.
register	安装 warp（Cloudflare WARP 代理）	2026-08-17T14:03:37.7926419Z After this operation, 381 MB of additional disk space will be used.
register	安装 warp（Cloudflare WARP 代理）	2026-08-17T14:03:37.7926852Z Get:1 file:/etc/apt/apt-mirrors.txt Mirrorlist [144 B]
register	安装 warp（Cloudflare WARP 代理）	2026-08-17T14:03:37.8398531Z Get:2 http://azure.archive.ubuntu.com/ubuntu noble-updates/main amd64 bubblewrap amd64 0.9.0-1ubuntu0.1 [50.2 kB]
register	安装 warp（Cloudflare WARP 代理）	2026-08-17T14:03:37.8722747Z Get:3 http://azure.archive.ubuntu.com/ubuntu noble/main amd64 desktop-file-utils amd64 0.27-2build1 [53.8 kB]
register	安装 warp（Cloudflare WARP 代理）	2026-08-17T14:03:37.9070470Z Get:4 http://azure.archive.ubuntu.com/ubuntu noble/main amd64 libayatana-ido3-0.4-0 amd64 0.10.1-1build2 [56.6 kB]
register	安装 warp（Cloudflare WARP 代理）	2026-08-17T14:03:37.9376090Z Get:5 http://azure.archive.ubuntu.com/ubuntu noble/main amd64 libayatana-indicator3-7 amd64 0.9.4-1build1 [31.7 kB]
register	安装 warp（Cloudflare WARP 代理）	2026-08-17T14:03:37.9673768Z Get:6 http://azure.archive.ubuntu.com/ubuntu noble/main amd64 libayatana-appindicator3-1 amd64 0.5.93-1build3 [24.7 kB]
register	安装 warp（Cloudflare WARP 代理）	2026-08-17T14:03:37.9964432Z Get:72 https://pkg.cloudflareclient.com jammy/main amd64 cloudflare-warp amd64 2026.6.880.0 [74.6 MB]
register	安装 warp（Cloudflare WARP 代理）	2026-08-17T14:03:37.9967923Z Get:7 http://azure.archive.ubuntu.com/ubuntu noble-updates/main amd64 libjavascriptcoregtk-4.1-0 amd64 2.52.3-0ubuntu0.24.04.1 [8141 kB]
register	安装 warp（Cloudflare WARP 代理）	2026-08-17T14:03:38.1726966Z Get:8 http://azure.archive.ubuntu.com/ubuntu noble/main amd64 libcdparanoia0 amd64 3.10.2+debian-14build3 [48.5 kB]
register	安装 warp（Cloudflare WARP 代理）	2026-08-17T14:03:38.2019388Z Get:9 http://azure.archive.ubuntu.com/ubuntu noble-updates/main amd64 liborc-0.4-0t64 amd64 1:0.4.38-1ubuntu0.1 [207 kB]
register	安装 warp（Cloudflare WARP 代理）	2026-08-17T14:03:38.2321144Z Get:10 http://azure.archive.ubuntu.com/ubuntu noble-updates/main amd64 libgstreamer-plugins-base1.0-0 amd64 1.24.2-1ubuntu0.4 [862 kB]
register	安装 warp（Cloudflare WARP 代理）	2026-08-17T14:03:38.2659606Z Get:11 http://azure.archive.ubuntu.com/ubuntu noble/main amd64 libopus0 amd64 1.4-1build1 [208 kB]
register	安装 warp（Cloudflare WARP 代理）	2026-08-17T14:03:38.3003600Z Get:12 http://azure.archive.ubuntu.com/ubuntu noble/main amd64 libtheora0 amd64 1.1.1+dfsg.1-16.1build3 [211 kB]
register	安装 warp（Cloudflare WARP 代理）	2026-08-17T14:03:38.3306020Z Get:13 http://azure.archive.ubuntu.com/ubuntu noble/main amd64 libvisual-0.4-0 amd64 0.4.2-2build1 [115 kB]
register	安装 warp（Cloudflare WARP 代理）	2026-08-17T14:03:38.3596828Z Get:14 http://azure.archive.ubuntu.com/ubuntu noble/main amd64 libvorbisenc2 amd64 1.3.7-1build3 [80.8 kB]
register	安装 warp（Cloudflare WARP 代理）	2026-08-17T14:03:38.3887172Z Get:15 http://azure.archive.ubuntu.com/ubuntu noble-updates/main amd64 gstreamer1.0-plugins-base amd64 1.24.2-1ubuntu0.4 [721 kB]
register	安装 warp（Cloudflare WARP 代理）	2026-08-17T14:03:38.4217632Z Get:16 http://azure.archive.ubuntu.com/ubuntu noble/main amd64 libaa1 amd64 1.4p5-51.1 [49.9 kB]
register	安装 warp（Cloudflare WARP 代理）	2026-08-17T14:03:38.4601098Z Get:17 http://azure.archive.ubuntu.com/ubuntu noble/main amd64 libraw1394-11 amd64 2.1.2-2build3 [26.2 kB]
register	安装 warp（Cloudflare WARP 代理）	2026-08-17T14:03:38.5041865Z Get:18 http://azure.archive.ubuntu.com/ubuntu noble/main amd64 libavc1394-0 amd64 0.5.4-5build3 [15.4 kB]
register	安装 warp（Cloudflare WARP 代理）	2026-08-17T14:03:38.5448760Z Get:19 http://azure.archive.ubuntu.com/ubuntu noble-updates/main amd64 libcaca0 amd64 0.99.beta20-4ubuntu0.2 [209 kB]
register	安装 warp（Cloudflare WARP 代理）	2026-08-17T14:03:38.6864187Z Get:20 http://azure.archive.ubuntu.com/ubuntu noble/main amd64 libdv4t64 amd64 1.0.0-17.1build1 [63.2 kB]
register	安装 warp（Cloudflare WARP 代理）	2026-08-17T14:03:38.7167864Z Get:21 http://azure.archive.ubuntu.com/ubuntu noble/main amd64 libflac12t64 amd64 1.4.3+ds-2.1ubuntu2 [197 kB]
register	安装 warp（Cloudflare WARP 代理）	2026-08-17T14:03:38.7482545Z Get:22 http://azure.archive.ubuntu.com/ubuntu noble-updates/main amd64 libgstreamer-plugins-good1.0-0 amd64 1.24.2-1ubuntu1.5 [33.5 kB]
register	安装 warp（Cloudflare WARP 代理）	2026-08-17T14:03:38.7766777Z Get:23 http://azure.archive.ubuntu.com/ubuntu noble/main amd64 libiec61883-0 amd64 1.2.0-6build1 [24.5 kB]
register	安装 warp（Cloudflare WARP 代理）	2026-08-17T14:03:38.8054316Z Get:24 http://azure.archive.ubuntu.com/ubuntu noble/main amd64 libmp3lame0 amd64 3.100-6build1 [142 kB]
register	安装 warp（Cloudflare WARP 代理）	2026-08-17T14:03:38.8354805Z Get:25 http://azure.archive.ubuntu.com/ubuntu noble-updates/main amd64 libmpg123-0t64 amd64 1.32.5-1ubuntu1.1 [169 kB]
register	安装 warp（Cloudflare WARP 代理）	2026-08-17T14:03:38.8716281Z Get:26 http://azure.archive.ubuntu.com/ubuntu noble/main amd64 libasyncns0 amd64 0.8-6build4 [11.3 kB]
register	安装 warp（Cloudflare WARP 代理）	2026-08-17T14:03:38.9243182Z Get:27 http://azure.archive.ubuntu.com/ubuntu noble-updates/main amd64 libsndfile1 amd64 1.2.2-1ubuntu5.24.04.1 [209 kB]
register	安装 warp（Cloudflare WARP 代理）	2026-08-17T14:03:38.9556315Z Get:28 http://azure.archive.ubuntu.com/ubuntu noble-updates/main amd64 libpulse0 amd64 1:16.1+dfsg1-2ubuntu10.1 [292 kB]
register	安装 warp（Cloudflare WARP 代理）	2026-08-17T14:03:38.9861795Z Get:29 http://azure.archive.ubuntu.com/ubuntu noble-updates/main amd64 libspeex1 amd64 1.2.1-2ubuntu2.24.04.1 [59.6 kB]
register	安装 warp（Cloudflare WARP 代理）	2026-08-17T14:03:39.0151700Z Get:30 http://azure.archive.ubuntu.com/ubuntu noble/main amd64 libshout3 amd64 2.4.6-1build2 [50.3 kB]
register	安装 warp（Cloudflare WARP 代理）	2026-08-17T14:03:39.0439196Z Get:31 http://azure.archive.ubuntu.com/ubuntu noble/main amd64 libtag1v5-vanilla amd64 1.13.1-1build1 [326 kB]
register	安装 warp（Cloudflare WARP 代理）	2026-08-17T14:03:39.0935346Z Get:32 http://azure.archive.ubuntu.com/ubuntu noble/main amd64 libtag1v5 amd64 1.13.1-1build1 [11.7 kB]
register	安装 warp（Cloudflare WARP 代理）	2026-08-17T14:03:39.1221386Z Get:33 http://azure.archive.ubuntu.com/ubuntu noble/main amd64 libtwolame0 amd64 0.4.0-2build3 [52.3 kB]
register	安装 warp（Cloudflare WARP 代理）	2026-08-17T14:03:39.1506188Z Get:34 http://azure.archive.ubuntu.com/ubuntu noble/main amd64 libv4lconvert0t64 amd64 1.26.1-4build3 [87.6 kB]
register	安装 warp（Cloudflare WARP 代理）	2026-08-17T14:03:39.1800081Z Get:35 http://azure.archive.ubuntu.com/ubuntu noble/main amd64 libv4l-0t64 amd64 1.26.1-4build3 [46.9 kB]
register	安装 warp（Cloudflare WARP 代理）	2026-08-17T14:03:39.2088482Z Get:36 http://azure.archive.ubuntu.com/ubuntu noble-updates/main amd64 libvpx9 amd64 1.14.0-1ubuntu2.3 [1143 kB]
register	安装 warp（Cloudflare WARP 代理）	2026-08-17T14:03:39.2445504Z Get:37 http://azure.archive.ubuntu.com/ubuntu noble/main amd64 libwavpack1 amd64 5.6.0-1build1 [84.6 kB]
register	安装 warp（Cloudflare WARP 代理）	2026-08-17T14:03:39.3156147Z Get:38 http://azure.archive.ubuntu.com/ubuntu noble/main amd64 libproxy1v5 amd64 0.5.4-4build1 [26.5 kB]
register	安装 warp（Cloudflare WARP 代理）	2026-08-17T14:03:39.3445216Z Get:39 http://azure.archive.ubuntu.com/ubuntu noble/main amd64 glib-networking-common all 2.80.0-1build1 [6702 B]
register	安装 warp（Cloudflare WARP 代理）	2026-08-17T14:03:39.3732205Z Get:40 http://azure.archive.ubuntu.com/ubuntu noble/main amd64 glib-networking-services amd64 2.80.0-1build1 [12.8 kB]
register	安装 warp（Cloudflare WARP 代理）	2026-08-17T14:03:39.4015700Z Get:41 http://azure.archive.ubuntu.com/ubuntu noble/main amd64 session-migration amd64 0.3.9build1 [9034 B]
register	安装 warp（Cloudflare WARP 代理）	2026-08-17T14:03:39.4301397Z Get:42 http://azure.archive.ubuntu.com/ubuntu noble-updates/main amd64 gsettings-desktop-schemas all 46.1-0ubuntu1 [35.6 kB]
register	安装 warp（Cloudflare WARP 代理）	2026-08-17T14:03:39.4657543Z Get:43 http://azure.archive.ubuntu.com/ubuntu noble/main amd64 glib-networking amd64 2.80.0-1build1 [64.1 kB]
register	安装 warp（Cloudflare WARP 代理）	2026-08-17T14:03:39.4876731Z Get:44 http://azure.archive.ubuntu.com/ubuntu noble-updates/main amd64 libsoup-3.0-common all 3.4.4-5ubuntu0.7 [11.6 kB]
register	安装 warp（Cloudflare WARP 代理）	2026-08-17T14:03:39.5161068Z Get:45 http://azure.archive.ubuntu.com/ubuntu noble-updates/main amd64 libsoup-3.0-0 amd64 3.4.4-5ubuntu0.7 [292 kB]
register	安装 warp（Cloudflare WARP 代理）	2026-08-17T14:03:39.5463437Z Get:46 http://azure.archive.ubuntu.com/ubuntu noble-updates/main amd64 gstreamer1.0-plugins-good amd64 1.24.2-1ubuntu1.5 [2236 kB]
register	安装 warp（Cloudflare WARP 代理）	2026-08-17T14:03:39.5889134Z Get:47 http://azure.archive.ubuntu.com/ubuntu noble/main amd64 libgles2 amd64 1.7.0-1build1 [17.1 kB]
register	安装 warp（Cloudflare WARP 代理）	2026-08-17T14:03:39.6174564Z Get:48 http://azure.archive.ubuntu.com/ubuntu noble-updates/main amd64 xdg-dbus-proxy amd64 0.1.5-1ubuntu0.2 [26.4 kB]
register	安装 warp（Cloudflare WARP 代理）	2026-08-17T14:03:39.6463708Z Get:49 http://azure.archive.ubuntu.com/ubuntu noble-updates/main amd64 libegl-mesa0 amd64 25.2.8-0ubuntu0.24.04.2 [117 kB]
register	安装 warp（Cloudflare WARP 代理）	2026-08-17T14:03:39.6756300Z Get:50 http://azure.archive.ubuntu.com/ubuntu noble/main amd64 libegl1 amd64 1.7.0-1build1 [28.7 kB]
register	安装 warp（Cloudflare WARP 代理）	2026-08-17T14:03:39.7043365Z Get:51 http://azure.archive.ubuntu.com/ubuntu noble-updates/main amd64 libgstreamer-gl1.0-0 amd64 1.24.2-1ubuntu0.4 [214 kB]
register	安装 warp（Cloudflare WARP 代理）	2026-08-17T14:03:39.7341267Z Get:52 http://azure.archive.ubuntu.com/ubuntu noble/main amd64 libharfbuzz-icu0 amd64 8.3.0-2build2 [13.3 kB]
register	安装 warp（Cloudflare WARP 代理）	2026-08-17T14:03:39.7626746Z Get:53 http://azure.archive.ubuntu.com/ubuntu noble/main amd64 libhyphen0 amd64 2.8.8-7build3 [26.5 kB]
register	安装 warp（Cloudflare WARP 代理）	2026-08-17T14:03:39.7914070Z Get:54 http://azure.archive.ubuntu.com/ubuntu noble/main amd64 libmanette-0.2-0 amd64 0.2.7-1build2 [30.6 kB]
register	安装 warp（Cloudflare WARP 代理）	2026-08-17T14:03:39.8196980Z Get:55 http://azure.archive.ubuntu.com/ubuntu noble/main amd64 libsecret-common all 0.21.4-1build3 [4962 B]
register	安装 warp（Cloudflare WARP 代理）	2026-08-17T14:03:39.8481333Z Get:56 http://azure.archive.ubuntu.com/ubuntu noble/main amd64 libsecret-1-0 amd64 0.21.4-1build3 [116 kB]
register	安装 warp（Cloudflare WARP 代理）	2026-08-17T14:03:39.9195664Z Get:57 http://azure.archive.ubuntu.com/ubuntu noble/main amd64 libwayland-server0 amd64 1.22.0-2.1build1 [33.9 kB]
register	安装 warp（Cloudflare WARP 代理）	2026-08-17T14:03:39.9481529Z Get:58 http://azure.archive.ubuntu.com/ubuntu noble-updates/main amd64 libwebkit2gtk-4.1-0 amd64 2.52.3-0ubuntu0.24.04.1 [25.1 MB]
register	安装 warp（Cloudflare WARP 代理）	2026-08-17T14:03:40.1337760Z Get:59 http://azure.archive.ubuntu.com/ubuntu noble-updates/main amd64 libtss2-tcti-libtpms0t64 amd64 4.0.1-7.1ubuntu5.1 [15.9 kB]
register	安装 warp（Cloudflare WARP 代理）	2026-08-17T14:03:40.1622183Z Get:60 http://azure.archive.ubuntu.com/ubuntu noble-updates/main amd64 libtss2-tcti-spi-helper0t64 amd64 4.0.1-7.1ubuntu5.1 [16.2 kB]
register	安装 warp（Cloudflare WARP 代理）	2026-08-17T14:03:40.1908618Z Get:61 http://azure.archive.ubuntu.com/ubuntu noble-updates/main amd64 libtss2-tctildr0t64 amd64 4.0.1-7.1ubuntu5.1 [15.9 kB]
register	安装 warp（Cloudflare WARP 代理）	2026-08-17T14:03:40.2195882Z Get:62 http://azure.archive.ubuntu.com/ubuntu noble/main amd64 libgraphene-1.0-0 amd64 1.10.8-3build2 [46.2 kB]
register	安装 warp（Cloudflare WARP 代理）	2026-08-17T14:03:40.2485273Z Get:63 http://azure.archive.ubuntu.com/ubuntu noble-updates/main amd64 gstreamer1.0-gl amd64 1.24.2-1ubuntu0.4 [116 kB]
register	安装 warp（Cloudflare WARP 代理）	2026-08-17T14:03:40.2778770Z Get:64 http://azure.archive.ubuntu.com/ubuntu noble/main amd64 libxv1 amd64 2:1.0.11-1.1build1 [10.7 kB]
register	安装 warp（Cloudflare WARP 代理）	2026-08-17T14:03:40.3063508Z Get:65 http://azure.archive.ubuntu.com/ubuntu noble-updates/main amd64 gstreamer1.0-x amd64 1.24.2-1ubuntu0.4 [85.0 kB]
register	安装 warp（Cloudflare WARP 代理）	2026-08-17T14:03:40.3370111Z Get:66 http://azure.archive.ubuntu.com/ubuntu noble/main amd64 libwebrtc-audio-processing1 amd64 0.3.1-0ubuntu6 [290 kB]
register	安装 warp（Cloudflare WARP 代理）	2026-08-17T14:03:40.3791104Z Get:67 http://azure.archive.ubuntu.com/ubuntu noble-updates/main amd64 libspa-0.2-modules amd64 1.0.5-1ubuntu3.3 [628 kB]
register	安装 warp（Cloudflare WARP 代理）	2026-08-17T14:03:40.4238914Z Get:68 http://azure.archive.ubuntu.com/ubuntu noble-updates/main amd64 libpipewire-0.3-0t64 amd64 1.0.5-1ubuntu3.3 [252 kB]
register	安装 warp（Cloudflare WARP 代理）	2026-08-17T14:03:40.4640079Z Get:69 http://azure.archive.ubuntu.com/ubuntu noble-updates/main amd64 libpipewire-0.3-common all 1.0.5-1ubuntu3.3 [19.5 kB]
register	安装 warp（Cloudflare WARP 代理）	2026-08-17T14:03:40.5168308Z Get:70 http://azure.archive.ubuntu.com/ubuntu noble-updates/main amd64 xdg-desktop-portal amd64 1.18.4-1ubuntu2.24.04.2 [307 kB]
register	安装 warp（Cloudflare WARP 代理）	2026-08-17T14:03:40.5565880Z Get:71 http://azure.archive.ubuntu.com/ubuntu noble/main amd64 xdg-desktop-portal-gtk amd64 1.15.1-1build2 [80.3 kB]
register	安装 warp（Cloudflare WARP 代理）	2026-08-17T14:03:40.8854889Z Fetched 119 MB in 3s (42.8 MB/s)
register	安装 warp（Cloudflare WARP 代理）	2026-08-17T14:03:40.9082085Z Selecting previously unselected package bubblewrap.
register	安装 warp（Cloudflare WARP 代理）	2026-08-17T14:03:40.9328273Z (Reading database ... 
register	安装 warp（Cloudflare WARP 代理）	2026-08-17T14:03:40.9328700Z (Reading database ... 5%
register	安装 warp（Cloudflare WARP 代理）	2026-08-17T14:03:40.9329084Z (Reading database ... 10%
register	安装 warp（Cloudflare WARP 代理）	2026-08-17T14:03:40.9329664Z (Reading database ... 15%
register	安装 warp（Cloudflare WARP 代理）	2026-08-17T14:03:40.9330049Z (Reading database ... 20%
register	安装 warp（Cloudflare WARP 代理）	2026-08-17T14:03:40.9330983Z (Reading database ... 25%
register	安装 warp（Cloudflare WARP 代理）	2026-08-17T14:03:40.9331301Z (Reading database ... 30%
register	安装 warp（Cloudflare WARP 代理）	2026-08-17T14:03:40.9331614Z (Reading database ... 35%
register	安装 warp（Cloudflare WARP 代理）	2026-08-17T14:03:40.9331965Z (Reading database ... 40%
register	安装 warp（Cloudflare WARP 代理）	2026-08-17T14:03:40.9332340Z (Reading database ... 45%
register	安装 warp（Cloudflare WARP 代理）	2026-08-17T14:03:40.9332705Z (Reading database ... 50%
register	安装 warp（Cloudflare WARP 代理）	2026-08-17T14:03:40.9374977Z (Reading database ... 55%
register	安装 warp（Cloudflare WARP 代理）	2026-08-17T14:03:40.9953137Z (Reading database ... 60%
register	安装 warp（Cloudflare WARP 代理）	2026-08-17T14:03:41.0673094Z (Reading database ... 65%
register	安装 warp（Cloudflare WARP 代理）	2026-08-17T14:03:41.2360816Z (Reading database ... 70%
register	安装 warp（Cloudflare WARP 代理）	2026-08-17T14:03:41.4436047Z (Reading database ... 75%
register	安装 warp（Cloudflare WARP 代理）	2026-08-17T14:03:41.5691906Z (Reading database ... 80%
register	安装 warp（Cloudflare WARP 代理）	2026-08-17T14:03:41.7423188Z (Reading database ... 85%
register	安装 warp（Cloudflare WARP 代理）	2026-08-17T14:03:41.9040827Z (Reading database ... 90%
register	安装 warp（Cloudflare WARP 代理）	2026-08-17T14:03:42.0569624Z (Reading database ... 95%
register	安装 warp（Cloudflare WARP 代理）	2026-08-17T14:03:42.0570133Z (Reading database ... 100%
register	安装 warp（Cloudflare WARP 代理）	2026-08-17T14:03:42.0570966Z (Reading database ... 203139 files and directories currently installed.)
register	安装 warp（Cloudflare WARP 代理）	2026-08-17T14:03:42.0617388Z Preparing to unpack .../00-bubblewrap_0.9.0-1ubuntu0.1_amd64.deb ...
register	安装 warp（Cloudflare WARP 代理）	2026-08-17T14:03:42.0643946Z Unpacking bubblewrap (0.9.0-1ubuntu0.1) ...
register	安装 warp（Cloudflare WARP 代理）	2026-08-17T14:03:42.0921995Z Selecting previously unselected package desktop-file-utils.
register	安装 warp（Cloudflare WARP 代理）	2026-08-17T14:03:42.1053539Z Preparing to unpack .../01-desktop-file-utils_0.27-2build1_amd64.deb ...
register	安装 warp（Cloudflare WARP 代理）	2026-08-17T14:03:42.1062482Z Unpacking desktop-file-utils (0.27-2build1) ...
register	安装 warp（Cloudflare WARP 代理）	2026-08-17T14:03:42.1334642Z Selecting previously unselected package libayatana-ido3-0.4-0:amd64.
register	安装 warp（Cloudflare WARP 代理）	2026-08-17T14:03:42.1466694Z Preparing to unpack .../02-libayatana-ido3-0.4-0_0.10.1-1build2_amd64.deb ...
register	安装 warp（Cloudflare WARP 代理）	2026-08-17T14:03:42.1484410Z Unpacking libayatana-ido3-0.4-0:amd64 (0.10.1-1build2) ...
register	安装 warp（Cloudflare WARP 代理）	2026-08-17T14:03:42.1707642Z Selecting previously unselected package libayatana-indicator3-7:amd64.
register	安装 warp（Cloudflare WARP 代理）	2026-08-17T14:03:42.1839609Z Preparing to unpack .../03-libayatana-indicator3-7_0.9.4-1build1_amd64.deb ...
register	安装 warp（Cloudflare WARP 代理）	2026-08-17T14:03:42.1849779Z Unpacking libayatana-indicator3-7:amd64 (0.9.4-1build1) ...
register	安装 warp（Cloudflare WARP 代理）	2026-08-17T14:03:42.2064571Z Selecting previously unselected package libayatana-appindicator3-1.
register	安装 warp（Cloudflare WARP 代理）	2026-08-17T14:03:42.2196857Z Preparing to unpack .../04-libayatana-appindicator3-1_0.5.93-1build3_amd64.deb ...
register	安装 warp（Cloudflare WARP 代理）	2026-08-17T14:03:42.2205400Z Unpacking libayatana-appindicator3-1 (0.5.93-1build3) ...
register	安装 warp（Cloudflare WARP 代理）	2026-08-17T14:03:42.2421633Z Selecting previously unselected package libjavascriptcoregtk-4.1-0:amd64.
register	安装 warp（Cloudflare WARP 代理）	2026-08-17T14:03:42.2552629Z Preparing to unpack .../05-libjavascriptcoregtk-4.1-0_2.52.3-0ubuntu0.24.04.1_amd64.deb ...
register	安装 warp（Cloudflare WARP 代理）	2026-08-17T14:03:42.2561666Z Unpacking libjavascriptcoregtk-4.1-0:amd64 (2.52.3-0ubuntu0.24.04.1) ...
register	安装 warp（Cloudflare WARP 代理）	2026-08-17T14:03:42.3853244Z Selecting previously unselected package libcdparanoia0:amd64.
register	安装 warp（Cloudflare WARP 代理）	2026-08-17T14:03:42.3989145Z Preparing to unpack .../06-libcdparanoia0_3.10.2+debian-14build3_amd64.deb ...
register	安装 warp（Cloudflare WARP 代理）	2026-08-17T14:03:42.3997261Z Unpacking libcdparanoia0:amd64 (3.10.2+debian-14build3) ...
register	安装 warp（Cloudflare WARP 代理）	2026-08-17T14:03:42.4229472Z Selecting previously unselected package liborc-0.4-0t64:amd64.
register	安装 warp（Cloudflare WARP 代理）	2026-08-17T14:03:42.4363731Z Preparing to unpack .../07-liborc-0.4-0t64_1%3a0.4.38-1ubuntu0.1_amd64.deb ...
register	安装 warp（Cloudflare WARP 代理）	2026-08-17T14:03:42.4372807Z Unpacking liborc-0.4-0t64:amd64 (1:0.4.38-1ubuntu0.1) ...
register	安装 warp（Cloudflare WARP 代理）	2026-08-17T14:03:42.4617435Z Selecting previously unselected package libgstreamer-plugins-base1.0-0:amd64.
register	安装 warp（Cloudflare WARP 代理）	2026-08-17T14:03:42.4751509Z Preparing to unpack .../08-libgstreamer-plugins-base1.0-0_1.24.2-1ubuntu0.4_amd64.deb ...
register	安装 warp（Cloudflare WARP 代理）	2026-08-17T14:03:42.4759894Z Unpacking libgstreamer-plugins-base1.0-0:amd64 (1.24.2-1ubuntu0.4) ...
register	安装 warp（Cloudflare WARP 代理）	2026-08-17T14:03:42.5103024Z Selecting previously unselected package libopus0:amd64.
register	安装 warp（Cloudflare WARP 代理）	2026-08-17T14:03:42.5237875Z Preparing to unpack .../09-libopus0_1.4-1build1_amd64.deb ...
register	安装 warp（Cloudflare WARP 代理）	2026-08-17T14:03:42.5246964Z Unpacking libopus0:amd64 (1.4-1build1) ...
register	安装 warp（Cloudflare WARP 代理）	2026-08-17T14:03:42.5475035Z Selecting previously unselected package libtheora0:amd64.
register	安装 warp（Cloudflare WARP 代理）	2026-08-17T14:03:42.5607961Z Preparing to unpack .../10-libtheora0_1.1.1+dfsg.1-16.1build3_amd64.deb ...
register	安装 warp（Cloudflare WARP 代理）	2026-08-17T14:03:42.5617874Z Unpacking libtheora0:amd64 (1.1.1+dfsg.1-16.1build3) ...
register	安装 warp（Cloudflare WARP 代理）	2026-08-17T14:03:42.5856392Z Selecting previously unselected package libvisual-0.4-0:amd64.
register	安装 warp（Cloudflare WARP 代理）	2026-08-17T14:03:42.5985937Z Preparing to unpack .../11-libvisual-0.4-0_0.4.2-2build1_amd64.deb ...
register	安装 warp（Cloudflare WARP 代理）	2026-08-17T14:03:42.5994658Z Unpacking libvisual-0.4-0:amd64 (0.4.2-2build1) ...
register	安装 warp（Cloudflare WARP 代理）	2026-08-17T14:03:42.6232926Z Selecting previously unselected package libvorbisenc2:amd64.
register	安装 warp（Cloudflare WARP 代理）	2026-08-17T14:03:42.6363044Z Preparing to unpack .../12-libvorbisenc2_1.3.7-1build3_amd64.deb ...
register	安装 warp（Cloudflare WARP 代理）	2026-08-17T14:03:42.6371486Z Unpacking libvorbisenc2:amd64 (1.3.7-1build3) ...
register	安装 warp（Cloudflare WARP 代理）	2026-08-17T14:03:42.6594477Z Selecting previously unselected package gstreamer1.0-plugins-base:amd64.
register	安装 warp（Cloudflare WARP 代理）	2026-08-17T14:03:42.6726583Z Preparing to unpack .../13-gstreamer1.0-plugins-base_1.24.2-1ubuntu0.4_amd64.deb ...
register	安装 warp（Cloudflare WARP 代理）	2026-08-17T14:03:42.6734760Z Unpacking gstreamer1.0-plugins-base:amd64 (1.24.2-1ubuntu0.4) ...
register	安装 warp（Cloudflare WARP 代理）	2026-08-17T14:03:42.7079762Z Selecting previously unselected package libaa1:amd64.
register	安装 warp（Cloudflare WARP 代理）	2026-08-17T14:03:42.7215963Z Preparing to unpack .../14-libaa1_1.4p5-51.1_amd64.deb ...
register	安装 warp（Cloudflare WARP 代理）	2026-08-17T14:03:42.7224853Z Unpacking libaa1:amd64 (1.4p5-51.1) ...
register	安装 warp（Cloudflare WARP 代理）	2026-08-17T14:03:42.7441055Z Selecting previously unselected package libraw1394-11:amd64.
register	安装 warp（Cloudflare WARP 代理）	2026-08-17T14:03:42.7571208Z Preparing to unpack .../15-libraw1394-11_2.1.2-2build3_amd64.deb ...
register	安装 warp（Cloudflare WARP 代理）	2026-08-17T14:03:42.7578278Z Unpacking libraw1394-11:amd64 (2.1.2-2build3) ...
register	安装 warp（Cloudflare WARP 代理）	2026-08-17T14:03:42.7786373Z Selecting previously unselected package libavc1394-0:amd64.
register	安装 warp（Cloudflare WARP 代理）	2026-08-17T14:03:42.7915363Z Preparing to unpack .../16-libavc1394-0_0.5.4-5build3_amd64.deb ...
register	安装 warp（Cloudflare WARP 代理）	2026-08-17T14:03:42.7924011Z Unpacking libavc1394-0:amd64 (0.5.4-5build3) ...
register	安装 warp（Cloudflare WARP 代理）	2026-08-17T14:03:42.8131186Z Selecting previously unselected package libcaca0:amd64.
register	安装 warp（Cloudflare WARP 代理）	2026-08-17T14:03:42.8259853Z Preparing to unpack .../17-libcaca0_0.99.beta20-4ubuntu0.2_amd64.deb ...
register	安装 warp（Cloudflare WARP 代理）	2026-08-17T14:03:42.8267891Z Unpacking libcaca0:amd64 (0.99.beta20-4ubuntu0.2) ...
register	安装 warp（Cloudflare WARP 代理）	2026-08-17T14:03:42.8512430Z Selecting previously unselected package libdv4t64:amd64.
register	安装 warp（Cloudflare WARP 代理）	2026-08-17T14:03:42.8642724Z Preparing to unpack .../18-libdv4t64_1.0.0-17.1build1_amd64.deb ...
register	安装 warp（Cloudflare WARP 代理）	2026-08-17T14:03:42.8651613Z Unpacking libdv4t64:amd64 (1.0.0-17.1build1) ...
register	安装 warp（Cloudflare WARP 代理）	2026-08-17T14:03:42.8884445Z Selecting previously unselected package libflac12t64:amd64.
register	安装 warp（Cloudflare WARP 代理）	2026-08-17T14:03:42.9015610Z Preparing to unpack .../19-libflac12t64_1.4.3+ds-2.1ubuntu2_amd64.deb ...
register	安装 warp（Cloudflare WARP 代理）	2026-08-17T14:03:42.9025137Z Unpacking libflac12t64:amd64 (1.4.3+ds-2.1ubuntu2) ...
register	安装 warp（Cloudflare WARP 代理）	2026-08-17T14:03:42.9256669Z Selecting previously unselected package libgstreamer-plugins-good1.0-0:amd64.
register	安装 warp（Cloudflare WARP 代理）	2026-08-17T14:03:42.9393191Z Preparing to unpack .../20-libgstreamer-plugins-good1.0-0_1.24.2-1ubuntu1.5_amd64.deb ...
register	安装 warp（Cloudflare WARP 代理）	2026-08-17T14:03:42.9401402Z Unpacking libgstreamer-plugins-good1.0-0:amd64 (1.24.2-1ubuntu1.5) ...
register	安装 warp（Cloudflare WARP 代理）	2026-08-17T14:03:42.9622811Z Selecting previously unselected package libiec61883-0:amd64.
register	安装 warp（Cloudflare WARP 代理）	2026-08-17T14:03:42.9758155Z Preparing to unpack .../21-libiec61883-0_1.2.0-6build1_amd64.deb ...
register	安装 warp（Cloudflare WARP 代理）	2026-08-17T14:03:42.9767022Z Unpacking libiec61883-0:amd64 (1.2.0-6build1) ...
register	安装 warp（Cloudflare WARP 代理）	2026-08-17T14:03:42.9979910Z Selecting previously unselected package libmp3lame0:amd64.
register	安装 warp（Cloudflare WARP 代理）	2026-08-17T14:03:43.0114748Z Preparing to unpack .../22-libmp3lame0_3.100-6build1_amd64.deb ...
register	安装 warp（Cloudflare WARP 代理）	2026-08-17T14:03:43.0123057Z Unpacking libmp3lame0:amd64 (3.100-6build1) ...
register	安装 warp（Cloudflare WARP 代理）	2026-08-17T14:03:43.0350702Z Selecting previously unselected package libmpg123-0t64:amd64.
register	安装 warp（Cloudflare WARP 代理）	2026-08-17T14:03:43.0485415Z Preparing to unpack .../23-libmpg123-0t64_1.32.5-1ubuntu1.1_amd64.deb ...
register	安装 warp（Cloudflare WARP 代理）	2026-08-17T14:03:43.0494880Z Unpacking libmpg123-0t64:amd64 (1.32.5-1ubuntu1.1) ...
register	安装 warp（Cloudflare WARP 代理）	2026-08-17T14:03:43.0726560Z Selecting previously unselected package libasyncns0:amd64.
register	安装 warp（Cloudflare WARP 代理）	2026-08-17T14:03:43.0861192Z Preparing to unpack .../24-libasyncns0_0.8-6build4_amd64.deb ...
register	安装 warp（Cloudflare WARP 代理）	2026-08-17T14:03:43.0869841Z Unpacking libasyncns0:amd64 (0.8-6build4) ...
register	安装 warp（Cloudflare WARP 代理）	2026-08-17T14:03:43.1078534Z Selecting previously unselected package libsndfile1:amd64.
register	安装 warp（Cloudflare WARP 代理）	2026-08-17T14:03:43.1213787Z Preparing to unpack .../25-libsndfile1_1.2.2-1ubuntu5.24.04.1_amd64.deb ...
register	安装 warp（Cloudflare WARP 代理）	2026-08-17T14:03:43.1222735Z Unpacking libsndfile1:amd64 (1.2.2-1ubuntu5.24.04.1) ...
register	安装 warp（Cloudflare WARP 代理）	2026-08-17T14:03:43.1479004Z Selecting previously unselected package libpulse0:amd64.
register	安装 warp（Cloudflare WARP 代理）	2026-08-17T14:03:43.1615821Z Preparing to unpack .../26-libpulse0_1%3a16.1+dfsg1-2ubuntu10.1_amd64.deb ...
register	安装 warp（Cloudflare WARP 代理）	2026-08-17T14:03:43.1687023Z Unpacking libpulse0:amd64 (1:16.1+dfsg1-2ubuntu10.1) ...
register	安装 warp（Cloudflare WARP 代理）	2026-08-17T14:03:43.1949967Z Selecting previously unselected package libspeex1:amd64.
register	安装 warp（Cloudflare WARP 代理）	2026-08-17T14:03:43.2086529Z Preparing to unpack .../27-libspeex1_1.2.1-2ubuntu2.24.04.1_amd64.deb ...
register	安装 warp（Cloudflare WARP 代理）	2026-08-17T14:03:43.2100484Z Unpacking libspeex1:amd64 (1.2.1-2ubuntu2.24.04.1) ...
register	安装 warp（Cloudflare WARP 代理）	2026-08-17T14:03:43.2333167Z Selecting previously unselected package libshout3:amd64.
register	安装 warp（Cloudflare WARP 代理）	2026-08-17T14:03:43.2469382Z Preparing to unpack .../28-libshout3_2.4.6-1build2_amd64.deb ...
register	安装 warp（Cloudflare WARP 代理）	2026-08-17T14:03:43.2479829Z Unpacking libshout3:amd64 (2.4.6-1build2) ...
register	安装 warp（Cloudflare WARP 代理）	2026-08-17T14:03:43.2703305Z Selecting previously unselected package libtag1v5-vanilla:amd64.
register	安装 warp（Cloudflare WARP 代理）	2026-08-17T14:03:43.2840397Z Preparing to unpack .../29-libtag1v5-vanilla_1.13.1-1build1_amd64.deb ...
register	安装 warp（Cloudflare WARP 代理）	2026-08-17T14:03:43.2849465Z Unpacking libtag1v5-vanilla:amd64 (1.13.1-1build1) ...
register	安装 warp（Cloudflare WARP 代理）	2026-08-17T14:03:43.3090904Z Selecting previously unselected package libtag1v5:amd64.
register	安装 warp（Cloudflare WARP 代理）	2026-08-17T14:03:43.3227323Z Preparing to unpack .../30-libtag1v5_1.13.1-1build1_amd64.deb ...
register	安装 warp（Cloudflare WARP 代理）	2026-08-17T14:03:43.3234439Z Unpacking libtag1v5:amd64 (1.13.1-1build1) ...
register	安装 warp（Cloudflare WARP 代理）	2026-08-17T14:03:43.3434128Z Selecting previously unselected package libtwolame0:amd64.
register	安装 warp（Cloudflare WARP 代理）	2026-08-17T14:03:43.3569167Z Preparing to unpack .../31-libtwolame0_0.4.0-2build3_amd64.deb ...
register	安装 warp（Cloudflare WARP 代理）	2026-08-17T14:03:43.3576736Z Unpacking libtwolame0:amd64 (0.4.0-2build3) ...
register	安装 warp（Cloudflare WARP 代理）	2026-08-17T14:03:43.3783719Z Selecting previously unselected package libv4lconvert0t64:amd64.
register	安装 warp（Cloudflare WARP 代理）	2026-08-17T14:03:43.3916314Z Preparing to unpack .../32-libv4lconvert0t64_1.26.1-4build3_amd64.deb ...
register	安装 warp（Cloudflare WARP 代理）	2026-08-17T14:03:43.3923743Z Unpacking libv4lconvert0t64:amd64 (1.26.1-4build3) ...
register	安装 warp（Cloudflare WARP 代理）	2026-08-17T14:03:43.4142726Z Selecting previously unselected package libv4l-0t64:amd64.
register	安装 warp（Cloudflare WARP 代理）	2026-08-17T14:03:43.4276707Z Preparing to unpack .../33-libv4l-0t64_1.26.1-4build3_amd64.deb ...
register	安装 warp（Cloudflare WARP 代理）	2026-08-17T14:03:43.4283684Z Unpacking libv4l-0t64:amd64 (1.26.1-4build3) ...
register	安装 warp（Cloudflare WARP 代理）	2026-08-17T14:03:43.4510909Z Selecting previously unselected package libvpx9:amd64.
register	安装 warp（Cloudflare WARP 代理）	2026-08-17T14:03:43.4652668Z Preparing to unpack .../34-libvpx9_1.14.0-1ubuntu2.3_amd64.deb ...
register	安装 warp（Cloudflare WARP 代理）	2026-08-17T14:03:43.4659906Z Unpacking libvpx9:amd64 (1.14.0-1ubuntu2.3) ...
register	安装 warp（Cloudflare WARP 代理）	2026-08-17T14:03:43.5002422Z Selecting previously unselected package libwavpack1:amd64.
register	安装 warp（Cloudflare WARP 代理）	2026-08-17T14:03:43.5138611Z Preparing to unpack .../35-libwavpack1_5.6.0-1build1_amd64.deb ...
register	安装 warp（Cloudflare WARP 代理）	2026-08-17T14:03:43.5145716Z Unpacking libwavpack1:amd64 (5.6.0-1build1) ...
register	安装 warp（Cloudflare WARP 代理）	2026-08-17T14:03:43.5358983Z Selecting previously unselected package libproxy1v5:amd64.
register	安装 warp（Cloudflare WARP 代理）	2026-08-17T14:03:43.5495182Z Preparing to unpack .../36-libproxy1v5_0.5.4-4build1_amd64.deb ...
register	安装 warp（Cloudflare WARP 代理）	2026-08-17T14:03:43.5503037Z Unpacking libproxy1v5:amd64 (0.5.4-4build1) ...
register	安装 warp（Cloudflare WARP 代理）	2026-08-17T14:03:43.5713825Z Selecting previously unselected package glib-networking-common.
register	安装 warp（Cloudflare WARP 代理）	2026-08-17T14:03:43.5851610Z Preparing to unpack .../37-glib-networking-common_2.80.0-1build1_all.deb ...
register	安装 warp（Cloudflare WARP 代理）	2026-08-17T14:03:43.5858545Z Unpacking glib-networking-common (2.80.0-1build1) ...
register	安装 warp（Cloudflare WARP 代理）	2026-08-17T14:03:43.6064217Z Selecting previously unselected package glib-networking-services.
register	安装 warp（Cloudflare WARP 代理）	2026-08-17T14:03:43.6201776Z Preparing to unpack .../38-glib-networking-services_2.80.0-1build1_amd64.deb ...
register	安装 warp（Cloudflare WARP 代理）	2026-08-17T14:03:43.6210075Z Unpacking glib-networking-services (2.80.0-1build1) ...
register	安装 warp（Cloudflare WARP 代理）	2026-08-17T14:03:43.6426779Z Selecting previously unselected package session-migration.
register	安装 warp（Cloudflare WARP 代理）	2026-08-17T14:03:43.6563495Z Preparing to unpack .../39-session-migration_0.3.9build1_amd64.deb ...
register	安装 warp（Cloudflare WARP 代理）	2026-08-17T14:03:43.6572494Z Unpacking session-migration (0.3.9build1) ...
register	安装 warp（Cloudflare WARP 代理）	2026-08-17T14:03:43.6793612Z Selecting previously unselected package gsettings-desktop-schemas.
register	安装 warp（Cloudflare WARP 代理）	2026-08-17T14:03:43.6928208Z Preparing to unpack .../40-gsettings-desktop-schemas_46.1-0ubuntu1_all.deb ...
register	安装 warp（Cloudflare WARP 代理）	2026-08-17T14:03:43.6935029Z Unpacking gsettings-desktop-schemas (46.1-0ubuntu1) ...
register	安装 warp（Cloudflare WARP 代理）	2026-08-17T14:03:43.7277249Z Selecting previously unselected package glib-networking:amd64.
register	安装 warp（Cloudflare WARP 代理）	2026-08-17T14:03:43.7415024Z Preparing to unpack .../41-glib-networking_2.80.0-1build1_amd64.deb ...
register	安装 warp（Cloudflare WARP 代理）	2026-08-17T14:03:43.7421135Z Unpacking glib-networking:amd64 (2.80.0-1build1) ...
register	安装 warp（Cloudflare WARP 代理）	2026-08-17T14:03:43.7632518Z Selecting previously unselected package libsoup-3.0-common.
register	安装 warp（Cloudflare WARP 代理）	2026-08-17T14:03:43.7766926Z Preparing to unpack .../42-libsoup-3.0-common_3.4.4-5ubuntu0.7_all.deb ...
register	安装 warp（Cloudflare WARP 代理）	2026-08-17T14:03:43.7772728Z Unpacking libsoup-3.0-common (3.4.4-5ubuntu0.7) ...
register	安装 warp（Cloudflare WARP 代理）	2026-08-17T14:03:43.7971527Z Selecting previously unselected package libsoup-3.0-0:amd64.
register	安装 warp（Cloudflare WARP 代理）	2026-08-17T14:03:43.8105342Z Preparing to unpack .../43-libsoup-3.0-0_3.4.4-5ubuntu0.7_amd64.deb ...
register	安装 warp（Cloudflare WARP 代理）	2026-08-17T14:03:43.8113134Z Unpacking libsoup-3.0-0:amd64 (3.4.4-5ubuntu0.7) ...
register	安装 warp（Cloudflare WARP 代理）	2026-08-17T14:03:43.8339375Z Selecting previously unselected package gstreamer1.0-plugins-good:amd64.
register	安装 warp（Cloudflare WARP 代理）	2026-08-17T14:03:43.8473270Z Preparing to unpack .../44-gstreamer1.0-plugins-good_1.24.2-1ubuntu1.5_amd64.deb ...
register	安装 warp（Cloudflare WARP 代理）	2026-08-17T14:03:43.8480567Z Unpacking gstreamer1.0-plugins-good:amd64 (1.24.2-1ubuntu1.5) ...
register	安装 warp（Cloudflare WARP 代理）	2026-08-17T14:03:43.9045385Z Selecting previously unselected package libgles2:amd64.
register	安装 warp（Cloudflare WARP 代理）	2026-08-17T14:03:43.9183843Z Preparing to unpack .../45-libgles2_1.7.0-1build1_amd64.deb ...
register	安装 warp（Cloudflare WARP 代理）	2026-08-17T14:03:43.9191955Z Unpacking libgles2:amd64 (1.7.0-1build1) ...
register	安装 warp（Cloudflare WARP 代理）	2026-08-17T14:03:43.9397092Z Selecting previously unselected package xdg-dbus-proxy.
register	安装 warp（Cloudflare WARP 代理）	2026-08-17T14:03:43.9532247Z Preparing to unpack .../46-xdg-dbus-proxy_0.1.5-1ubuntu0.2_amd64.deb ...
register	安装 warp（Cloudflare WARP 代理）	2026-08-17T14:03:43.9540346Z Unpacking xdg-dbus-proxy (0.1.5-1ubuntu0.2) ...
register	安装 warp（Cloudflare WARP 代理）	2026-08-17T14:03:43.9749708Z Selecting previously unselected package libegl-mesa0:amd64.
register	安装 warp（Cloudflare WARP 代理）	2026-08-17T14:03:43.9885253Z Preparing to unpack .../47-libegl-mesa0_25.2.8-0ubuntu0.24.04.2_amd64.deb ...
register	安装 warp（Cloudflare WARP 代理）	2026-08-17T14:03:43.9893074Z Unpacking libegl-mesa0:amd64 (25.2.8-0ubuntu0.24.04.2) ...
register	安装 warp（Cloudflare WARP 代理）	2026-08-17T14:03:44.0122281Z Selecting previously unselected package libegl1:amd64.
register	安装 warp（Cloudflare WARP 代理）	2026-08-17T14:03:44.0258485Z Preparing to unpack .../48-libegl1_1.7.0-1build1_amd64.deb ...
register	安装 warp（Cloudflare WARP 代理）	2026-08-17T14:03:44.0266328Z Unpacking libegl1:amd64 (1.7.0-1build1) ...
register	安装 warp（Cloudflare WARP 代理）	2026-08-17T14:03:44.0485974Z Selecting previously unselected package libgstreamer-gl1.0-0:amd64.
register	安装 warp（Cloudflare WARP 代理）	2026-08-17T14:03:44.0620132Z Preparing to unpack .../49-libgstreamer-gl1.0-0_1.24.2-1ubuntu0.4_amd64.deb ...
register	安装 warp（Cloudflare WARP 代理）	2026-08-17T14:03:44.0629671Z Unpacking libgstreamer-gl1.0-0:amd64 (1.24.2-1ubuntu0.4) ...
register	安装 warp（Cloudflare WARP 代理）	2026-08-17T14:03:44.0859483Z Selecting previously unselected package libharfbuzz-icu0:amd64.
register	安装 warp（Cloudflare WARP 代理）	2026-08-17T14:03:44.0995735Z Preparing to unpack .../50-libharfbuzz-icu0_8.3.0-2build2_amd64.deb ...
register	安装 warp（Cloudflare WARP 代理）	2026-08-17T14:03:44.1003670Z Unpacking libharfbuzz-icu0:amd64 (8.3.0-2build2) ...
register	安装 warp（Cloudflare WARP 代理）	2026-08-17T14:03:44.1221290Z Selecting previously unselected package libhyphen0:amd64.
register	安装 warp（Cloudflare WARP 代理）	2026-08-17T14:03:44.1357687Z Preparing to unpack .../51-libhyphen0_2.8.8-7build3_amd64.deb ...
register	安装 warp（Cloudflare WARP 代理）	2026-08-17T14:03:44.1365817Z Unpacking libhyphen0:amd64 (2.8.8-7build3) ...
register	安装 warp（Cloudflare WARP 代理）	2026-08-17T14:03:44.1584997Z Selecting previously unselected package libmanette-0.2-0:amd64.
register	安装 warp（Cloudflare WARP 代理）	2026-08-17T14:03:44.1722996Z Preparing to unpack .../52-libmanette-0.2-0_0.2.7-1build2_amd64.deb ...
register	安装 warp（Cloudflare WARP 代理）	2026-08-17T14:03:44.1729873Z Unpacking libmanette-0.2-0:amd64 (0.2.7-1build2) ...
register	安装 warp（Cloudflare WARP 代理）	2026-08-17T14:03:44.1932734Z Selecting previously unselected package libsecret-common.
register	安装 warp（Cloudflare WARP 代理）	2026-08-17T14:03:44.2067018Z Preparing to unpack .../53-libsecret-common_0.21.4-1build3_all.deb ...
register	安装 warp（Cloudflare WARP 代理）	2026-08-17T14:03:44.2074506Z Unpacking libsecret-common (0.21.4-1build3) ...
register	安装 warp（Cloudflare WARP 代理）	2026-08-17T14:03:44.2272722Z Selecting previously unselected package libsecret-1-0:amd64.
register	安装 warp（Cloudflare WARP 代理）	2026-08-17T14:03:44.2406264Z Preparing to unpack .../54-libsecret-1-0_0.21.4-1build3_amd64.deb ...
register	安装 warp（Cloudflare WARP 代理）	2026-08-17T14:03:44.2414104Z Unpacking libsecret-1-0:amd64 (0.21.4-1build3) ...
register	安装 warp（Cloudflare WARP 代理）	2026-08-17T14:03:44.2633766Z Selecting previously unselected package libwayland-server0:amd64.
register	安装 warp（Cloudflare WARP 代理）	2026-08-17T14:03:44.2770965Z Preparing to unpack .../55-libwayland-server0_1.22.0-2.1build1_amd64.deb ...
register	安装 warp（Cloudflare WARP 代理）	2026-08-17T14:03:44.2777869Z Unpacking libwayland-server0:amd64 (1.22.0-2.1build1) ...
register	安装 warp（Cloudflare WARP 代理）	2026-08-17T14:03:44.2988027Z Selecting previously unselected package libwebkit2gtk-4.1-0:amd64.
register	安装 warp（Cloudflare WARP 代理）	2026-08-17T14:03:44.3122074Z Preparing to unpack .../56-libwebkit2gtk-4.1-0_2.52.3-0ubuntu0.24.04.1_amd64.deb ...
register	安装 warp（Cloudflare WARP 代理）	2026-08-17T14:03:44.3129459Z Unpacking libwebkit2gtk-4.1-0:amd64 (2.52.3-0ubuntu0.24.04.1) ...
register	安装 warp（Cloudflare WARP 代理）	2026-08-17T14:03:44.6486537Z Selecting previously unselected package libtss2-tcti-libtpms0t64:amd64.
register	安装 warp（Cloudflare WARP 代理）	2026-08-17T14:03:44.6625984Z Preparing to unpack .../57-libtss2-tcti-libtpms0t64_4.0.1-7.1ubuntu5.1_amd64.deb ...
register	安装 warp（Cloudflare WARP 代理）	2026-08-17T14:03:44.6633354Z Unpacking libtss2-tcti-libtpms0t64:amd64 (4.0.1-7.1ubuntu5.1) ...
register	安装 warp（Cloudflare WARP 代理）	2026-08-17T14:03:44.6836813Z Selecting previously unselected package libtss2-tcti-spi-helper0t64:amd64.
register	安装 warp（Cloudflare WARP 代理）	2026-08-17T14:03:44.6971480Z Preparing to unpack .../58-libtss2-tcti-spi-helper0t64_4.0.1-7.1ubuntu5.1_amd64.deb ...
register	安装 warp（Cloudflare WARP 代理）	2026-08-17T14:03:44.6977928Z Unpacking libtss2-tcti-spi-helper0t64:amd64 (4.0.1-7.1ubuntu5.1) ...
register	安装 warp（Cloudflare WARP 代理）	2026-08-17T14:03:44.7178221Z Selecting previously unselected package libtss2-tctildr0t64:amd64.
register	安装 warp（Cloudflare WARP 代理）	2026-08-17T14:03:44.7311554Z Preparing to unpack .../59-libtss2-tctildr0t64_4.0.1-7.1ubuntu5.1_amd64.deb ...
register	安装 warp（Cloudflare WARP 代理）	2026-08-17T14:03:44.7319549Z Unpacking libtss2-tctildr0t64:amd64 (4.0.1-7.1ubuntu5.1) ...
register	安装 warp（Cloudflare WARP 代理）	2026-08-17T14:03:44.7526737Z Selecting previously unselected package cloudflare-warp.
register	安装 warp（Cloudflare WARP 代理）	2026-08-17T14:03:44.7659093Z Preparing to unpack .../60-cloudflare-warp_2026.6.880.0_amd64.deb ...
register	安装 warp（Cloudflare WARP 代理）	2026-08-17T14:03:44.7666367Z Unpacking cloudflare-warp (2026.6.880.0) ...
register	安装 warp（Cloudflare WARP 代理）	2026-08-17T14:03:45.8612105Z Selecting previously unselected package libgraphene-1.0-0:amd64.
register	安装 warp（Cloudflare WARP 代理）	2026-08-17T14:03:45.8753774Z Preparing to unpack .../61-libgraphene-1.0-0_1.10.8-3build2_amd64.deb ...
register	安装 warp（Cloudflare WARP 代理）	2026-08-17T14:03:45.8762975Z Unpacking libgraphene-1.0-0:amd64 (1.10.8-3build2) ...
register	安装 warp（Cloudflare WARP 代理）	2026-08-17T14:03:45.8967693Z Selecting previously unselected package gstreamer1.0-gl:amd64.
register	安装 warp（Cloudflare WARP 代理）	2026-08-17T14:03:45.9105058Z Preparing to unpack .../62-gstreamer1.0-gl_1.24.2-1ubuntu0.4_amd64.deb ...
register	安装 warp（Cloudflare WARP 代理）	2026-08-17T14:03:45.9111766Z Unpacking gstreamer1.0-gl:amd64 (1.24.2-1ubuntu0.4) ...
register	安装 warp（Cloudflare WARP 代理）	2026-08-17T14:03:45.9328733Z Selecting previously unselected package libxv1:amd64.
register	安装 warp（Cloudflare WARP 代理）	2026-08-17T14:03:45.9462860Z Preparing to unpack .../63-libxv1_2%3a1.0.11-1.1build1_amd64.deb ...
register	安装 warp（Cloudflare WARP 代理）	2026-08-17T14:03:45.9471016Z Unpacking libxv1:amd64 (2:1.0.11-1.1build1) ...
register	安装 warp（Cloudflare WARP 代理）	2026-08-17T14:03:45.9668015Z Selecting previously unselected package gstreamer1.0-x:amd64.
register	安装 warp（Cloudflare WARP 代理）	2026-08-17T14:03:45.9798518Z Preparing to unpack .../64-gstreamer1.0-x_1.24.2-1ubuntu0.4_amd64.deb ...
register	安装 warp（Cloudflare WARP 代理）	2026-08-17T14:03:45.9806218Z Unpacking gstreamer1.0-x:amd64 (1.24.2-1ubuntu0.4) ...
register	安装 warp（Cloudflare WARP 代理）	2026-08-17T14:03:46.0020852Z Selecting previously unselected package libwebrtc-audio-processing1:amd64.
register	安装 warp（Cloudflare WARP 代理）	2026-08-17T14:03:46.0150117Z Preparing to unpack .../65-libwebrtc-audio-processing1_0.3.1-0ubuntu6_amd64.deb ...
register	安装 warp（Cloudflare WARP 代理）	2026-08-17T14:03:46.0158144Z Unpacking libwebrtc-audio-processing1:amd64 (0.3.1-0ubuntu6) ...
register	安装 warp（Cloudflare WARP 代理）	2026-08-17T14:03:46.0382101Z Selecting previously unselected package libspa-0.2-modules:amd64.
register	安装 warp（Cloudflare WARP 代理）	2026-08-17T14:03:46.0516425Z Preparing to unpack .../66-libspa-0.2-modules_1.0.5-1ubuntu3.3_amd64.deb ...
register	安装 warp（Cloudflare WARP 代理）	2026-08-17T14:03:46.0523302Z Unpacking libspa-0.2-modules:amd64 (1.0.5-1ubuntu3.3) ...
register	安装 warp（Cloudflare WARP 代理）	2026-08-17T14:03:46.0839941Z Selecting previously unselected package libpipewire-0.3-0t64:amd64.
register	安装 warp（Cloudflare WARP 代理）	2026-08-17T14:03:46.0975923Z Preparing to unpack .../67-libpipewire-0.3-0t64_1.0.5-1ubuntu3.3_amd64.deb ...
register	安装 warp（Cloudflare WARP 代理）	2026-08-17T14:03:46.0982944Z Unpacking libpipewire-0.3-0t64:amd64 (1.0.5-1ubuntu3.3) ...
register	安装 warp（Cloudflare WARP 代理）	2026-08-17T14:03:46.1215892Z Selecting previously unselected package libpipewire-0.3-common.
register	安装 warp（Cloudflare WARP 代理）	2026-08-17T14:03:46.1351520Z Preparing to unpack .../68-libpipewire-0.3-common_1.0.5-1ubuntu3.3_all.deb ...
register	安装 warp（Cloudflare WARP 代理）	2026-08-17T14:03:46.1359773Z Unpacking libpipewire-0.3-common (1.0.5-1ubuntu3.3) ...
register	安装 warp（Cloudflare WARP 代理）	2026-08-17T14:03:46.1579859Z Selecting previously unselected package xdg-desktop-portal.
register	安装 warp（Cloudflare WARP 代理）	2026-08-17T14:03:46.1751075Z Preparing to unpack .../69-xdg-desktop-portal_1.18.4-1ubuntu2.24.04.2_amd64.deb ...
register	安装 warp（Cloudflare WARP 代理）	2026-08-17T14:03:46.1761082Z Unpacking xdg-desktop-portal (1.18.4-1ubuntu2.24.04.2) ...
register	安装 warp（Cloudflare WARP 代理）	2026-08-17T14:03:46.2030582Z Selecting previously unselected package xdg-desktop-portal-gtk.
register	安装 warp（Cloudflare WARP 代理）	2026-08-17T14:03:46.2165438Z Preparing to unpack .../70-xdg-desktop-portal-gtk_1.15.1-1build2_amd64.deb ...
register	安装 warp（Cloudflare WARP 代理）	2026-08-17T14:03:46.2172383Z Unpacking xdg-desktop-portal-gtk (1.15.1-1build2) ...
register	安装 warp（Cloudflare WARP 代理）	2026-08-17T14:03:46.2643186Z Setting up libpipewire-0.3-common (1.0.5-1ubuntu3.3) ...
register	安装 warp（Cloudflare WARP 代理）	2026-08-17T14:03:46.2683767Z Setting up bubblewrap (0.9.0-1ubuntu0.1) ...
register	安装 warp（Cloudflare WARP 代理）	2026-08-17T14:03:46.2725750Z Setting up libcdparanoia0:amd64 (3.10.2+debian-14build3) ...
register	安装 warp（Cloudflare WARP 代理）	2026-08-17T14:03:46.2741018Z Setting up libwayland-server0:amd64 (1.22.0-2.1build1) ...
register	安装 warp（Cloudflare WARP 代理）	2026-08-17T14:03:46.2759353Z Setting up session-migration (0.3.9build1) ...
register	安装 warp（Cloudflare WARP 代理）	2026-08-17T14:03:46.4091805Z Created symlink /etc/systemd/user/graphical-session-pre.target.wants/session-migration.service → /usr/lib/systemd/user/session-migration.service.
register	安装 warp（Cloudflare WARP 代理）	2026-08-17T14:03:46.4092596Z 
register	安装 warp（Cloudflare WARP 代理）	2026-08-17T14:03:46.4124958Z Setting up libraw1394-11:amd64 (2.1.2-2build3) ...
register	安装 warp（Cloudflare WARP 代理）	2026-08-17T14:03:46.4141066Z Setting up libproxy1v5:amd64 (0.5.4-4build1) ...
register	安装 warp（Cloudflare WARP 代理）	2026-08-17T14:03:46.4157861Z Setting up libtss2-tcti-spi-helper0t64:amd64 (4.0.1-7.1ubuntu5.1) ...
register	安装 warp（Cloudflare WARP 代理）	2026-08-17T14:03:46.4175755Z Setting up libtag1v5-vanilla:amd64 (1.13.1-1build1) ...
register	安装 warp（Cloudflare WARP 代理）	2026-08-17T14:03:46.4219662Z Setting up libharfbuzz-icu0:amd64 (8.3.0-2build2) ...
register	安装 warp（Cloudflare WARP 代理）	2026-08-17T14:03:46.4236709Z Setting up desktop-file-utils (0.27-2build1) ...
register	安装 warp（Cloudflare WARP 代理）	2026-08-17T14:03:46.4500752Z Setting up libspeex1:amd64 (1.2.1-2ubuntu2.24.04.1) ...
register	安装 warp（Cloudflare WARP 代理）	2026-08-17T14:03:46.4516840Z Setting up libcaca0:amd64 (0.99.beta20-4ubuntu0.2) ...
register	安装 warp（Cloudflare WARP 代理）	2026-08-17T14:03:46.4533018Z Setting up libv4lconvert0t64:amd64 (1.26.1-4build3) ...
register	安装 warp（Cloudflare WARP 代理）	2026-08-17T14:03:46.4549165Z Setting up libtwolame0:amd64 (0.4.0-2build3) ...
register	安装 warp（Cloudflare WARP 代理）	2026-08-17T14:03:46.4566453Z Setting up libhyphen0:amd64 (2.8.8-7build3) ...
register	安装 warp（Cloudflare WARP 代理）	2026-08-17T14:03:46.4582509Z Setting up libvisual-0.4-0:amd64 (0.4.2-2build1) ...
register	安装 warp（Cloudflare WARP 代理）	2026-08-17T14:03:46.4601273Z Setting up libmanette-0.2-0:amd64 (0.2.7-1build2) ...
register	安装 warp（Cloudflare WARP 代理）	2026-08-17T14:03:46.4621772Z Setting up libwebrtc-audio-processing1:amd64 (0.3.1-0ubuntu6) ...
register	安装 warp（Cloudflare WARP 代理）	2026-08-17T14:03:46.4641632Z Setting up libtss2-tcti-libtpms0t64:amd64 (4.0.1-7.1ubuntu5.1) ...
register	安装 warp（Cloudflare WARP 代理）	2026-08-17T14:03:46.4659651Z Setting up libsoup-3.0-common (3.4.4-5ubuntu0.7) ...
register	安装 warp（Cloudflare WARP 代理）	2026-08-17T14:03:46.4678192Z Setting up libmpg123-0t64:amd64 (1.32.5-1ubuntu1.1) ...
register	安装 warp（Cloudflare WARP 代理）	2026-08-17T14:03:46.4700698Z Setting up libayatana-ido3-0.4-0:amd64 (0.10.1-1build2) ...
register	安装 warp（Cloudflare WARP 代理）	2026-08-17T14:03:46.4720903Z Setting up liborc-0.4-0t64:amd64 (1:0.4.38-1ubuntu0.1) ...
register	安装 warp（Cloudflare WARP 代理）	2026-08-17T14:03:46.4737888Z Setting up libtss2-tctildr0t64:amd64 (4.0.1-7.1ubuntu5.1) ...
register	安装 warp（Cloudflare WARP 代理）	2026-08-17T14:03:46.4756209Z Setting up libegl-mesa0:amd64 (25.2.8-0ubuntu0.24.04.2) ...
register	安装 warp（Cloudflare WARP 代理）	2026-08-17T14:03:46.4774385Z Setting up libjavascriptcoregtk-4.1-0:amd64 (2.52.3-0ubuntu0.24.04.1) ...
register	安装 warp（Cloudflare WARP 代理）	2026-08-17T14:03:46.4791422Z Setting up libgles2:amd64 (1.7.0-1build1) ...
register	安装 warp（Cloudflare WARP 代理）	2026-08-17T14:03:46.4809405Z Setting up libspa-0.2-modules:amd64 (1.0.5-1ubuntu3.3) ...
register	安装 warp（Cloudflare WARP 代理）	2026-08-17T14:03:46.4826284Z Setting up libopus0:amd64 (1.4-1build1) ...
register	安装 warp（Cloudflare WARP 代理）	2026-08-17T14:03:46.4844766Z Setting up libxv1:amd64 (2:1.0.11-1.1build1) ...
register	安装 warp（Cloudflare WARP 代理）	2026-08-17T14:03:46.4862907Z Setting up libdv4t64:amd64 (1.0.0-17.1build1) ...
register	安装 warp（Cloudflare WARP 代理）	2026-08-17T14:03:46.4879437Z Setting up libv4l-0t64:amd64 (1.26.1-4build3) ...
register	安装 warp（Cloudflare WARP 代理）	2026-08-17T14:03:46.4896780Z Setting up xdg-dbus-proxy (0.1.5-1ubuntu0.2) ...
register	安装 warp（Cloudflare WARP 代理）	2026-08-17T14:03:46.4915558Z Setting up libvpx9:amd64 (1.14.0-1ubuntu2.3) ...
register	安装 warp（Cloudflare WARP 代理）	2026-08-17T14:03:46.4932875Z Setting up libtag1v5:amd64 (1.13.1-1build1) ...
register	安装 warp（Cloudflare WARP 代理）	2026-08-17T14:03:46.4950750Z Setting up libasyncns0:amd64 (0.8-6build4) ...
register	安装 warp（Cloudflare WARP 代理）	2026-08-17T14:03:46.4969097Z Setting up libwavpack1:amd64 (5.6.0-1build1) ...
register	安装 warp（Cloudflare WARP 代理）	2026-08-17T14:03:46.4986562Z Setting up libtheora0:amd64 (1.1.1+dfsg.1-16.1build3) ...
register	安装 warp（Cloudflare WARP 代理）	2026-08-17T14:03:46.5003355Z Setting up libegl1:amd64 (1.7.0-1build1) ...
register	安装 warp（Cloudflare WARP 代理）	2026-08-17T14:03:46.5022344Z Setting up libflac12t64:amd64 (1.4.3+ds-2.1ubuntu2) ...
register	安装 warp（Cloudflare WARP 代理）	2026-08-17T14:03:46.5040519Z Setting up glib-networking-common (2.80.0-1build1) ...
register	安装 warp（Cloudflare WARP 代理）	2026-08-17T14:03:46.5059001Z Setting up libayatana-indicator3-7:amd64 (0.9.4-1build1) ...
register	安装 warp（Cloudflare WARP 代理）	2026-08-17T14:03:46.5078950Z Setting up libpipewire-0.3-0t64:amd64 (1.0.5-1ubuntu3.3) ...
register	安装 warp（Cloudflare WARP 代理）	2026-08-17T14:03:46.5097744Z Setting up libsecret-common (0.21.4-1build3) ...
register	安装 warp（Cloudflare WARP 代理）	2026-08-17T14:03:46.5114987Z Setting up libmp3lame0:amd64 (3.100-6build1) ...
register	安装 warp（Cloudflare WARP 代理）	2026-08-17T14:03:46.5133936Z Setting up libgraphene-1.0-0:amd64 (1.10.8-3build2) ...
register	安装 warp（Cloudflare WARP 代理）	2026-08-17T14:03:46.5152012Z Setting up libvorbisenc2:amd64 (1.3.7-1build3) ...
register	安装 warp（Cloudflare WARP 代理）	2026-08-17T14:03:46.5168809Z Setting up libaa1:amd64 (1.4p5-51.1) ...
register	安装 warp（Cloudflare WARP 代理）	2026-08-17T14:03:46.5187818Z Setting up libiec61883-0:amd64 (1.2.0-6build1) ...
register	安装 warp（Cloudflare WARP 代理）	2026-08-17T14:03:46.5204578Z Setting up libavc1394-0:amd64 (0.5.4-5build3) ...
register	安装 warp（Cloudflare WARP 代理）	2026-08-17T14:03:46.5227013Z Setting up gsettings-desktop-schemas (46.1-0ubuntu1) ...
register	安装 warp（Cloudflare WARP 代理）	2026-08-17T14:03:46.5245585Z Setting up glib-networking-services (2.80.0-1build1) ...
register	安装 warp（Cloudflare WARP 代理）	2026-08-17T14:03:46.5263787Z Setting up xdg-desktop-portal (1.18.4-1ubuntu2.24.04.2) ...
register	安装 warp（Cloudflare WARP 代理）	2026-08-17T14:03:46.6302470Z Created symlink /etc/systemd/user/graphical-session-pre.target.wants/xdg-desktop-portal-rewrite-launchers.service → /usr/lib/systemd/user/xdg-desktop-portal-rewrite-launchers.service.
register	安装 warp（Cloudflare WARP 代理）	2026-08-17T14:03:46.6303405Z 
register	安装 warp（Cloudflare WARP 代理）	2026-08-17T14:03:46.6337228Z Setting up libgstreamer-plugins-base1.0-0:amd64 (1.24.2-1ubuntu0.4) ...
register	安装 warp（Cloudflare WARP 代理）	2026-08-17T14:03:46.6356259Z Setting up libsecret-1-0:amd64 (0.21.4-1build3) ...
register	安装 warp（Cloudflare WARP 代理）	2026-08-17T14:03:46.6374590Z Setting up libgstreamer-plugins-good1.0-0:amd64 (1.24.2-1ubuntu1.5) ...
register	安装 warp（Cloudflare WARP 代理）	2026-08-17T14:03:46.6393214Z Setting up libgstreamer-gl1.0-0:amd64 (1.24.2-1ubuntu0.4) ...
register	安装 warp（Cloudflare WARP 代理）	2026-08-17T14:03:46.6411561Z Setting up gstreamer1.0-plugins-base:amd64 (1.24.2-1ubuntu0.4) ...
register	安装 warp（Cloudflare WARP 代理）	2026-08-17T14:03:46.6431575Z Setting up libayatana-appindicator3-1 (0.5.93-1build3) ...
register	安装 warp（Cloudflare WARP 代理）	2026-08-17T14:03:46.6448864Z Setting up libshout3:amd64 (2.4.6-1build2) ...
register	安装 warp（Cloudflare WARP 代理）	2026-08-17T14:03:46.6466111Z Setting up libsndfile1:amd64 (1.2.2-1ubuntu5.24.04.1) ...
register	安装 warp（Cloudflare WARP 代理）	2026-08-17T14:03:46.6485658Z Setting up gstreamer1.0-gl:amd64 (1.24.2-1ubuntu0.4) ...
register	安装 warp（Cloudflare WARP 代理）	2026-08-17T14:03:46.6502958Z Setting up gstreamer1.0-x:amd64 (1.24.2-1ubuntu0.4) ...
register	安装 warp（Cloudflare WARP 代理）	2026-08-17T14:03:46.6519800Z Setting up libpulse0:amd64 (1:16.1+dfsg1-2ubuntu10.1) ...
register	安装 warp（Cloudflare WARP 代理）	2026-08-17T14:03:46.6866875Z Processing triggers for hicolor-icon-theme (0.17-2) ...
register	安装 warp（Cloudflare WARP 代理）	2026-08-17T14:03:46.9509983Z Processing triggers for libc-bin (2.39-0ubuntu8.8) ...
register	安装 warp（Cloudflare WARP 代理）	2026-08-17T14:03:47.0306985Z Processing triggers for man-db (2.12.0-4build2) ...
register	安装 warp（Cloudflare WARP 代理）	2026-08-17T14:03:47.0329318Z Not building database; man-db/auto-update is not 'true'.
register	安装 warp（Cloudflare WARP 代理）	2026-08-17T14:03:47.0340922Z Processing triggers for libglib2.0-0t64:amd64 (2.80.0-6ubuntu3.8) ...
register	安装 warp（Cloudflare WARP 代理）	2026-08-17T14:03:47.0738099Z Setting up glib-networking:amd64 (2.80.0-1build1) ...
register	安装 warp（Cloudflare WARP 代理）	2026-08-17T14:03:47.0777777Z Setting up xdg-desktop-portal-gtk (1.15.1-1build2) ...
register	安装 warp（Cloudflare WARP 代理）	2026-08-17T14:03:47.0829699Z Setting up libsoup-3.0-0:amd64 (3.4.4-5ubuntu0.7) ...
register	安装 warp（Cloudflare WARP 代理）	2026-08-17T14:03:47.0906180Z Setting up gstreamer1.0-plugins-good:amd64 (1.24.2-1ubuntu1.5) ...
register	安装 warp（Cloudflare WARP 代理）	2026-08-17T14:03:47.0967600Z Setting up libwebkit2gtk-4.1-0:amd64 (2.52.3-0ubuntu0.24.04.1) ...
register	安装 warp（Cloudflare WARP 代理）	2026-08-17T14:03:47.1008187Z Setting up cloudflare-warp (2026.6.880.0) ...
register	安装 warp（Cloudflare WARP 代理）	2026-08-17T14:03:47.6275402Z Created symlink /home/runner/.config/systemd/user/graphical-session.target.wants/warp-taskbar.service → /usr/lib/systemd/user/warp-taskbar.service.
register	安装 warp（Cloudflare WARP 代理）	2026-08-17T14:03:47.6276613Z 
register	安装 warp（Cloudflare WARP 代理）	2026-08-17T14:03:48.5829760Z Created symlink /etc/systemd/system/multi-user.target.wants/warp-svc.service → /usr/lib/systemd/system/warp-svc.service.
register	安装 warp（Cloudflare WARP 代理）	2026-08-17T14:03:48.5830761Z 
register	安装 warp（Cloudflare WARP 代理）	2026-08-17T14:03:48.8919306Z Processing triggers for libc-bin (2.39-0ubuntu8.8) ...
register	安装 warp（Cloudflare WARP 代理）	2026-08-17T14:03:49.5381448Z 
register	安装 warp（Cloudflare WARP 代理）	2026-08-17T14:03:49.5382032Z Running kernel seems to be up-to-date.
register	安装 warp（Cloudflare WARP 代理）	2026-08-17T14:03:49.5382317Z 
register	安装 warp（Cloudflare WARP 代理）	2026-08-17T14:03:49.5382428Z No services need to be restarted.
register	安装 warp（Cloudflare WARP 代理）	2026-08-17T14:03:49.5382619Z 
register	安装 warp（Cloudflare WARP 代理）	2026-08-17T14:03:49.5382723Z No containers need to be restarted.
register	安装 warp（Cloudflare WARP 代理）	2026-08-17T14:03:49.5382911Z 
register	安装 warp（Cloudflare WARP 代理）	2026-08-17T14:03:49.5383042Z No user sessions are running outdated binaries.
register	安装 warp（Cloudflare WARP 代理）	2026-08-17T14:03:49.5383426Z 
register	安装 warp（Cloudflare WARP 代理）	2026-08-17T14:03:49.5383687Z No VM guests are running outdated hypervisor (qemu) binaries on this host.
register	配置并启用 warp 代理	﻿2026-08-17T14:03:50.4083974Z ##[group]Run warp-cli --accept-tos registration new || true
register	配置并启用 warp 代理	2026-08-17T14:03:50.4084646Z ^[[36;1mwarp-cli --accept-tos registration new || true^[[0m
register	配置并启用 warp 代理	2026-08-17T14:03:50.4085001Z ^[[36;1mwarp-cli --accept-tos mode proxy^[[0m
register	配置并启用 warp 代理	2026-08-17T14:03:50.4085324Z ^[[36;1mwarp-cli --accept-tos proxy port 40000^[[0m
register	配置并启用 warp 代理	2026-08-17T14:03:50.4085659Z ^[[36;1mwarp-cli --accept-tos connect || true^[[0m
register	配置并启用 warp 代理	2026-08-17T14:03:50.4085967Z ^[[36;1mfor i in $(seq 1 60); do^[[0m
register	配置并启用 warp 代理	2026-08-17T14:03:50.4086413Z ^[[36;1m  if warp-cli --accept-tos status 2>&1 | grep -q "^Status update: Connected"; then break; fi^[[0m
register	配置并启用 warp 代理	2026-08-17T14:03:50.4086870Z ^[[36;1m  sleep 5^[[0m
register	配置并启用 warp 代理	2026-08-17T14:03:50.4087088Z ^[[36;1mdone^[[0m
register	配置并启用 warp 代理	2026-08-17T14:03:50.4087313Z ^[[36;1mecho "--- warp status ---"^[[0m
register	配置并启用 warp 代理	2026-08-17T14:03:50.4087602Z ^[[36;1mwarp-cli --accept-tos status^[[0m
register	配置并启用 warp 代理	2026-08-17T14:03:50.4087879Z ^[[36;1mfor i in $(seq 1 12); do^[[0m
register	配置并启用 warp 代理	2026-08-17T14:03:50.4088431Z ^[[36;1m  curl -sf --proxy socks5h://127.0.0.1:40000 https://www.cloudflare.com/cdn-cgi/trace | grep -qE "^(ip|warp)=" && break^[[0m
register	配置并启用 warp 代理	2026-08-17T14:03:50.4089024Z ^[[36;1m  sleep 5^[[0m
register	配置并启用 warp 代理	2026-08-17T14:03:50.4089241Z ^[[36;1mdone^[[0m
register	配置并启用 warp 代理	2026-08-17T14:03:50.4089718Z ^[[36;1mcurl -sS --proxy socks5h://127.0.0.1:40000 https://www.cloudflare.com/cdn-cgi/trace | grep -E "^(ip|warp)=" || {^[[0m
register	配置并启用 warp 代理	2026-08-17T14:03:50.4090776Z ^[[36;1m  echo "::error::warp代理不可用(127.0.0.1:40000)"; warp-cli --accept-tos status; exit 1; }^[[0m
register	配置并启用 warp 代理	2026-08-17T14:03:50.4091245Z ^[[36;1mecho "WARP_READY=1" >> $GITHUB_ENV^[[0m
register	配置并启用 warp 代理	2026-08-17T14:03:50.4133671Z shell: /usr/bin/bash -e {0}
register	配置并启用 warp 代理	2026-08-17T14:03:50.4133943Z env:
register	配置并启用 warp 代理	2026-08-17T14:03:50.4134405Z   GITHUB_TOKEN: ***
register	配置并启用 warp 代理	2026-08-17T14:03:50.4134639Z ##[endgroup]
register	配置并启用 warp 代理	2026-08-17T14:03:51.3970668Z Success
register	配置并启用 warp 代理	2026-08-17T14:03:51.4027157Z Success
register	配置并启用 warp 代理	2026-08-17T14:03:51.4068125Z Success
register	配置并启用 warp 代理	2026-08-17T14:03:51.4117178Z Success
register	配置并启用 warp 代理	2026-08-17T14:03:56.4311371Z --- warp status ---
register	配置并启用 warp 代理	2026-08-17T14:03:56.4345031Z Status update: Connected
register	配置并启用 warp 代理	2026-08-17T14:03:56.4345954Z Network: healthy
register	配置并启用 warp 代理	2026-08-17T14:03:56.5485379Z ip=2a09:bac5:7491:2d2::48:e7
register	配置并启用 warp 代理	2026-08-17T14:03:56.5485752Z warp=on
register	安装 Python 依赖	﻿2026-08-17T14:03:56.5517787Z ##[group]Run python -m pip install --upgrade pip
register	安装 Python 依赖	2026-08-17T14:03:56.5518219Z ^[[36;1mpython -m pip install --upgrade pip^[[0m
register	安装 Python 依赖	2026-08-17T14:03:56.5518545Z ^[[36;1mpip install -r requirements.txt^[[0m
register	安装 Python 依赖	2026-08-17T14:03:56.5518836Z ^[[36;1mpip install camoufox^[[0m
register	安装 Python 依赖	2026-08-17T14:03:56.5519090Z ^[[36;1mcamoufox sync^[[0m
register	安装 Python 依赖	2026-08-17T14:03:56.5562353Z shell: /usr/bin/bash -e {0}
register	安装 Python 依赖	2026-08-17T14:03:56.5562652Z env:
register	安装 Python 依赖	2026-08-17T14:03:56.5563106Z   GITHUB_TOKEN: ***
register	安装 Python 依赖	2026-08-17T14:03:56.5563357Z   WARP_READY: 1
register	安装 Python 依赖	2026-08-17T14:03:56.5563568Z ##[endgroup]
register	安装 Python 依赖	2026-08-17T14:03:57.9527544Z Defaulting to user installation because normal site-packages is not writeable
register	安装 Python 依赖	2026-08-17T14:03:58.6118519Z Requirement already satisfied: pip in /usr/lib/python3/dist-packages (24.0)
register	安装 Python 依赖	2026-08-17T14:03:58.7467403Z Collecting pip
register	安装 Python 依赖	2026-08-17T14:03:58.8409003Z   Downloading pip-26.2.1-py3-none-any.whl.metadata (4.6 kB)
register	安装 Python 依赖	2026-08-17T14:03:58.8605480Z Downloading pip-26.2.1-py3-none-any.whl (1.8 MB)
register	安装 Python 依赖	2026-08-17T14:03:58.9759673Z    ━━━━━━━━━━━━━━━━━━━━━━━━━━━━━━━━━━━━━━━━ 1.8/1.8 MB 16.4 MB/s eta 0:00:00
register	安装 Python 依赖	2026-08-17T14:03:59.2155099Z Installing collected packages: pip
register	安装 Python 依赖	2026-08-17T14:03:59.9865502Z Successfully installed pip-26.2.1
register	安装 Python 依赖	2026-08-17T14:04:00.3483801Z Defaulting to user installation because normal site-packages is not writeable
register	安装 Python 依赖	2026-08-17T14:04:00.5320409Z Collecting curl_cffi>=0.15.0 (from -r requirements.txt (line 1))
register	安装 Python 依赖	2026-08-17T14:04:00.6129014Z   Downloading curl_cffi-0.16.0-cp310-abi3-manylinux2014_x86_64.manylinux_2_17_x86_64.whl.metadata (17 kB)
register	安装 Python 依赖	2026-08-17T14:04:00.6435349Z Collecting pyotp>=2.9.0 (from -r requirements.txt (line 2))
register	安装 Python 依赖	2026-08-17T14:04:00.6588117Z   Downloading pyotp-2.10.0-py3-none-any.whl.metadata (10 kB)
register	安装 Python 依赖	2026-08-17T14:04:00.6878195Z Collecting flask>=3.0.0 (from -r requirements.txt (line 3))
register	安装 Python 依赖	2026-08-17T14:04:00.7035983Z   Downloading flask-3.1.3-py3-none-any.whl.metadata (3.2 kB)
register	安装 Python 依赖	2026-08-17T14:04:00.7076069Z Requirement already satisfied: requests>=2.31.0 in /usr/lib/python3/dist-packages (from -r requirements.txt (line 4)) (2.31.0)
register	安装 Python 依赖	2026-08-17T14:04:00.8050939Z Collecting pycryptodome>=3.23.0 (from -r requirements.txt (line 5))
register	安装 Python 依赖	2026-08-17T14:04:00.8206674Z   Downloading pycryptodome-3.23.0-cp37-abi3-manylinux_2_17_x86_64.manylinux2014_x86_64.whl.metadata (3.4 kB)
register	安装 Python 依赖	2026-08-17T14:04:00.8589558Z Collecting selenium>=4.20.0 (from -r requirements.txt (line 6))
register	安装 Python 依赖	2026-08-17T14:04:00.8743835Z   Downloading selenium-4.47.0-py3-none-any.whl.metadata (7.4 kB)
register	安装 Python 依赖	2026-08-17T14:04:00.8787738Z Requirement already satisfied: cryptography>=41 in /usr/lib/python3/dist-packages (from -r requirements.txt (line 8)) (41.0.7)
register	安装 Python 依赖	2026-08-17T14:04:00.9044533Z Collecting cloakbrowser>=0.4.10 (from cloakbrowser[geoip]>=0.4.10->-r requirements.txt (line 9))
register	安装 Python 依赖	2026-08-17T14:04:00.9209543Z   Downloading cloakbrowser-0.5.7-py3-none-any.whl.metadata (70 kB)
register	安装 Python 依赖	2026-08-17T14:04:00.9881245Z Collecting playwright>=1.49.0 (from -r requirements.txt (line 10))
register	安装 Python 依赖	2026-08-17T14:04:01.0037166Z   Downloading playwright-1.62.0-py3-none-manylinux1_x86_64.whl.metadata (3.3 kB)
register	安装 Python 依赖	2026-08-17T14:04:01.0285348Z Collecting python-dotenv>=1.0.0 (from -r requirements.txt (line 11))
register	安装 Python 依赖	2026-08-17T14:04:01.0438380Z   Downloading python_dotenv-1.2.3-py3-none-any.whl.metadata (29 kB)
register	安装 Python 依赖	2026-08-17T14:04:01.3176777Z Collecting sqlalchemy>=2.0 (from -r requirements.txt (line 13))
register	安装 Python 依赖	2026-08-17T14:04:01.3334281Z   Downloading sqlalchemy-2.0.52-cp312-cp312-manylinux2014_x86_64.manylinux_2_17_x86_64.manylinux_2_28_x86_64.whl.metadata (9.6 kB)
register	安装 Python 依赖	2026-08-17T14:04:01.4051263Z Collecting psycopg2-binary>=2.9 (from -r requirements.txt (line 14))
register	安装 Python 依赖	2026-08-17T14:04:01.4208506Z   Downloading psycopg2_binary-2.9.12-cp312-cp312-manylinux2014_x86_64.manylinux_2_17_x86_64.whl.metadata (4.9 kB)
register	安装 Python 依赖	2026-08-17T14:04:01.5265501Z Collecting cffi>=2.0.0 (from curl_cffi>=0.15.0->-r requirements.txt (line 1))
register	安装 Python 依赖	2026-08-17T14:04:01.5420614Z   Downloading cffi-2.1.1-cp312-cp312-manylinux2014_x86_64.manylinux_2_17_x86_64.whl.metadata (2.5 kB)
register	安装 Python 依赖	2026-08-17T14:04:01.5686062Z Collecting certifi>=2024.2.2 (from curl_cffi>=0.15.0->-r requirements.txt (line 1))
register	安装 Python 依赖	2026-08-17T14:04:01.5839279Z   Downloading certifi-2026.7.22-py3-none-any.whl.metadata (2.5 kB)
register	安装 Python 依赖	2026-08-17T14:04:01.6062661Z Collecting blinker>=1.9.0 (from flask>=3.0.0->-r requirements.txt (line 3))
register	安装 Python 依赖	2026-08-17T14:04:01.6215082Z   Downloading blinker-1.9.0-py3-none-any.whl.metadata (1.6 kB)
register	安装 Python 依赖	2026-08-17T14:04:01.6246797Z Requirement already satisfied: click>=8.1.3 in /usr/lib/python3/dist-packages (from flask>=3.0.0->-r requirements.txt (line 3)) (8.1.6)
register	安装 Python 依赖	2026-08-17T14:04:01.6439099Z Collecting itsdangerous>=2.2.0 (from flask>=3.0.0->-r requirements.txt (line 3))
register	安装 Python 依赖	2026-08-17T14:04:01.6592657Z   Downloading itsdangerous-2.2.0-py3-none-any.whl.metadata (1.9 kB)
register	安装 Python 依赖	2026-08-17T14:04:01.6626985Z Requirement already satisfied: jinja2>=3.1.2 in /usr/lib/python3/dist-packages (from flask>=3.0.0->-r requirements.txt (line 3)) (3.1.2)
register	安装 Python 依赖	2026-08-17T14:04:01.6634325Z Requirement already satisfied: markupsafe>=2.1.1 in /usr/lib/python3/dist-packages (from flask>=3.0.0->-r requirements.txt (line 3)) (2.1.5)
register	安装 Python 依赖	2026-08-17T14:04:01.6886930Z Collecting werkzeug>=3.1.0 (from flask>=3.0.0->-r requirements.txt (line 3))
register	安装 Python 依赖	2026-08-17T14:04:01.7058732Z   Downloading werkzeug-3.1.8-py3-none-any.whl.metadata (4.0 kB)
register	安装 Python 依赖	2026-08-17T14:04:01.7341215Z Collecting trio<1.0,>=0.31.0 (from selenium>=4.20.0->-r requirements.txt (line 6))
register	安装 Python 依赖	2026-08-17T14:04:01.7499463Z   Downloading trio-0.34.0-py3-none-any.whl.metadata (8.5 kB)
register	安装 Python 依赖	2026-08-17T14:04:01.7727932Z Collecting trio-websocket<1.0,>=0.12.2 (from selenium>=4.20.0->-r requirements.txt (line 6))
register	安装 Python 依赖	2026-08-17T14:04:01.7882088Z   Downloading trio_websocket-0.12.2-py3-none-any.whl.metadata (5.1 kB)
register	安装 Python 依赖	2026-08-17T14:04:01.8139329Z Collecting typing_extensions<5.0,>=4.15.0 (from selenium>=4.20.0->-r requirements.txt (line 6))
register	安装 Python 依赖	2026-08-17T14:04:01.8294057Z   Downloading typing_extensions-4.16.0-py3-none-any.whl.metadata (3.3 kB)
register	安装 Python 依赖	2026-08-17T14:04:01.8581026Z Collecting urllib3<3.0,>=2.6.3 (from urllib3[socks]<3.0,>=2.6.3->selenium>=4.20.0->-r requirements.txt (line 6))
register	安装 Python 依赖	2026-08-17T14:04:01.8734162Z   Downloading urllib3-2.7.0-py3-none-any.whl.metadata (6.9 kB)
register	安装 Python 依赖	2026-08-17T14:04:01.8998932Z Collecting websocket-client<2.0,>=1.8.0 (from selenium>=4.20.0->-r requirements.txt (line 6))
register	安装 Python 依赖	2026-08-17T14:04:01.9154539Z   Downloading websocket_client-1.9.0-py3-none-any.whl.metadata (8.3 kB)
register	安装 Python 依赖	2026-08-17T14:04:01.9199192Z Requirement already satisfied: attrs>=23.2.0 in /usr/lib/python3/dist-packages (from trio<1.0,>=0.31.0->selenium>=4.20.0->-r requirements.txt (line 6)) (23.2.0)
register	安装 Python 依赖	2026-08-17T14:04:01.9405199Z Collecting sortedcontainers (from trio<1.0,>=0.31.0->selenium>=4.20.0->-r requirements.txt (line 6))
register	安装 Python 依赖	2026-08-17T14:04:01.9562496Z   Downloading sortedcontainers-2.4.0-py2.py3-none-any.whl.metadata (10 kB)
register	安装 Python 依赖	2026-08-17T14:04:01.9596114Z Requirement already satisfied: idna in /usr/lib/python3/dist-packages (from trio<1.0,>=0.31.0->selenium>=4.20.0->-r requirements.txt (line 6)) (3.6)
register	安装 Python 依赖	2026-08-17T14:04:01.9782030Z Collecting outcome (from trio<1.0,>=0.31.0->selenium>=4.20.0->-r requirements.txt (line 6))
register	安装 Python 依赖	2026-08-17T14:04:01.9936009Z   Downloading outcome-1.3.0.post0-py2.py3-none-any.whl.metadata (2.6 kB)
register	安装 Python 依赖	2026-08-17T14:04:02.0151921Z Collecting sniffio>=1.3.0 (from trio<1.0,>=0.31.0->selenium>=4.20.0->-r requirements.txt (line 6))
register	安装 Python 依赖	2026-08-17T14:04:02.0306126Z   Downloading sniffio-1.3.1-py3-none-any.whl.metadata (3.9 kB)
register	安装 Python 依赖	2026-08-17T14:04:02.0544177Z Collecting wsproto>=0.14 (from trio-websocket<1.0,>=0.12.2->selenium>=4.20.0->-r requirements.txt (line 6))
register	安装 Python 依赖	2026-08-17T14:04:02.0697296Z   Downloading wsproto-1.3.2-py3-none-any.whl.metadata (5.2 kB)
register	安装 Python 依赖	2026-08-17T14:04:02.0928436Z Collecting pysocks!=1.5.7,<2.0,>=1.5.6 (from urllib3[socks]<3.0,>=2.6.3->selenium>=4.20.0->-r requirements.txt (line 6))
register	安装 Python 依赖	2026-08-17T14:04:02.1083877Z   Downloading PySocks-1.7.1-py3-none-any.whl.metadata (13 kB)
register	安装 Python 依赖	2026-08-17T14:04:02.1385915Z Collecting httpx>=0.24 (from cloakbrowser>=0.4.10->cloakbrowser[geoip]>=0.4.10->-r requirements.txt (line 9))
register	安装 Python 依赖	2026-08-17T14:04:02.1540086Z   Downloading httpx-0.28.1-py3-none-any.whl.metadata (7.1 kB)
register	安装 Python 依赖	2026-08-17T14:04:02.1803677Z Collecting pyee<14,>=13 (from playwright>=1.49.0->-r requirements.txt (line 10))
register	安装 Python 依赖	2026-08-17T14:04:02.1957604Z   Downloading pyee-13.0.1-py3-none-any.whl.metadata (3.0 kB)
register	安装 Python 依赖	2026-08-17T14:04:02.3585746Z Collecting greenlet<4.0.0,>=3.1.1 (from playwright>=1.49.0->-r requirements.txt (line 10))
register	安装 Python 依赖	2026-08-17T14:04:02.3741798Z   Downloading greenlet-3.5.5-cp312-cp312-manylinux_2_24_x86_64.manylinux_2_28_x86_64.whl.metadata (3.8 kB)
register	安装 Python 依赖	2026-08-17T14:04:02.4035645Z Collecting pycparser (from cffi>=2.0.0->curl_cffi>=0.15.0->-r requirements.txt (line 1))
register	安装 Python 依赖	2026-08-17T14:04:02.4189421Z   Downloading pycparser-3.0-py3-none-any.whl.metadata (8.2 kB)
register	安装 Python 依赖	2026-08-17T14:04:02.4454743Z Collecting geoip2>=4.0 (from cloakbrowser[geoip]>=0.4.10->-r requirements.txt (line 9))
register	安装 Python 依赖	2026-08-17T14:04:02.4613201Z   Downloading geoip2-5.3.0-py3-none-any.whl.metadata (19 kB)
register	安装 Python 依赖	2026-08-17T14:04:02.4836443Z Collecting socksio>=1.0 (from cloakbrowser[geoip]>=0.4.10->-r requirements.txt (line 9))
register	安装 Python 依赖	2026-08-17T14:04:02.4988937Z   Downloading socksio-1.0.0-py3-none-any.whl.metadata (6.1 kB)
register	安装 Python 依赖	2026-08-17T14:04:02.9381887Z Collecting aiohttp<4.0.0,>=3.14.1 (from geoip2>=4.0->cloakbrowser[geoip]>=0.4.10->-r requirements.txt (line 9))
register	安装 Python 依赖	2026-08-17T14:04:02.9539770Z   Downloading aiohttp-3.14.3-cp312-cp312-manylinux2014_x86_64.manylinux_2_17_x86_64.manylinux_2_28_x86_64.whl.metadata (8.3 kB)
register	安装 Python 依赖	2026-08-17T14:04:03.0105908Z Collecting maxminddb<4.0.0,>=3.0.0 (from geoip2>=4.0->cloakbrowser[geoip]>=0.4.10->-r requirements.txt (line 9))
register	安装 Python 依赖	2026-08-17T14:04:03.0269211Z   Downloading maxminddb-3.1.1-cp312-cp312-manylinux2014_x86_64.manylinux_2_17_x86_64.manylinux_2_28_x86_64.whl.metadata (5.3 kB)
register	安装 Python 依赖	2026-08-17T14:04:03.0523907Z Collecting aiohappyeyeballs>=2.5.0 (from aiohttp<4.0.0,>=3.14.1->geoip2>=4.0->cloakbrowser[geoip]>=0.4.10->-r requirements.txt (line 9))
register	安装 Python 依赖	2026-08-17T14:04:03.0678168Z   Downloading aiohappyeyeballs-2.7.1-py3-none-any.whl.metadata (5.9 kB)
register	安装 Python 依赖	2026-08-17T14:04:03.0892899Z Collecting aiosignal>=1.4.0 (from aiohttp<4.0.0,>=3.14.1->geoip2>=4.0->cloakbrowser[geoip]>=0.4.10->-r requirements.txt (line 9))
register	安装 Python 依赖	2026-08-17T14:04:03.1046904Z   Downloading aiosignal-1.4.0-py3-none-any.whl.metadata (3.7 kB)
register	安装 Python 依赖	2026-08-17T14:04:03.1927800Z Collecting frozenlist>=1.1.1 (from aiohttp<4.0.0,>=3.14.1->geoip2>=4.0->cloakbrowser[geoip]>=0.4.10->-r requirements.txt (line 9))
register	安装 Python 依赖	2026-08-17T14:04:03.2085608Z   Downloading frozenlist-1.8.0-cp312-cp312-manylinux1_x86_64.manylinux_2_28_x86_64.manylinux_2_5_x86_64.whl.metadata (20 kB)
register	安装 Python 依赖	2026-08-17T14:04:03.4028979Z Collecting multidict<7.0,>=4.5 (from aiohttp<4.0.0,>=3.14.1->geoip2>=4.0->cloakbrowser[geoip]>=0.4.10->-r requirements.txt (line 9))
register	安装 Python 依赖	2026-08-17T14:04:03.4188184Z   Downloading multidict-6.7.1-cp312-cp312-manylinux2014_x86_64.manylinux_2_17_x86_64.manylinux_2_28_x86_64.whl.metadata (5.3 kB)
register	安装 Python 依赖	2026-08-17T14:04:03.4763162Z Collecting propcache>=0.2.0 (from aiohttp<4.0.0,>=3.14.1->geoip2>=4.0->cloakbrowser[geoip]>=0.4.10->-r requirements.txt (line 9))
register	安装 Python 依赖	2026-08-17T14:04:03.4921202Z   Downloading propcache-0.5.2-cp312-cp312-manylinux2014_x86_64.manylinux_2_17_x86_64.manylinux_2_28_x86_64.whl.metadata (16 kB)
register	安装 Python 依赖	2026-08-17T14:04:03.7064613Z Collecting yarl<2.0,>=1.17.0 (from aiohttp<4.0.0,>=3.14.1->geoip2>=4.0->cloakbrowser[geoip]>=0.4.10->-r requirements.txt (line 9))
register	安装 Python 依赖	2026-08-17T14:04:03.7223080Z   Downloading yarl-1.24.5-cp312-cp312-manylinux2014_x86_64.manylinux_2_17_x86_64.manylinux_2_28_x86_64.whl.metadata (103 kB)
register	安装 Python 依赖	2026-08-17T14:04:03.7684548Z Collecting anyio (from httpx>=0.24->cloakbrowser>=0.4.10->cloakbrowser[geoip]>=0.4.10->-r requirements.txt (line 9))
register	安装 Python 依赖	2026-08-17T14:04:03.7838337Z   Downloading anyio-4.14.2-py3-none-any.whl.metadata (4.6 kB)
register	安装 Python 依赖	2026-08-17T14:04:03.8105514Z Collecting httpcore==1.* (from httpx>=0.24->cloakbrowser>=0.4.10->cloakbrowser[geoip]>=0.4.10->-r requirements.txt (line 9))
register	安装 Python 依赖	2026-08-17T14:04:03.8260897Z   Downloading httpcore-1.0.9-py3-none-any.whl.metadata (21 kB)
register	安装 Python 依赖	2026-08-17T14:04:03.8497839Z Collecting h11>=0.16 (from httpcore==1.*->httpx>=0.24->cloakbrowser>=0.4.10->cloakbrowser[geoip]>=0.4.10->-r requirements.txt (line 9))
register	安装 Python 依赖	2026-08-17T14:04:03.8652336Z   Downloading h11-0.16.0-py3-none-any.whl.metadata (8.3 kB)
register	安装 Python 依赖	2026-08-17T14:04:03.8937895Z Downloading curl_cffi-0.16.0-cp310-abi3-manylinux2014_x86_64.manylinux_2_17_x86_64.whl (13.5 MB)
register	安装 Python 依赖	2026-08-17T14:04:04.0531205Z    ━━━━━━━━━━━━━━━━━━━━━━━━━━━━━━━━━━━━━━━━ 13.5/13.5 MB 93.3 MB/s  0:00:00
register	安装 Python 依赖	2026-08-17T14:04:04.0688246Z Downloading pyotp-2.10.0-py3-none-any.whl (13 kB)
register	安装 Python 依赖	2026-08-17T14:04:04.0863408Z Downloading flask-3.1.3-py3-none-any.whl (103 kB)
register	安装 Python 依赖	2026-08-17T14:04:04.1035560Z Downloading pycryptodome-3.23.0-cp37-abi3-manylinux_2_17_x86_64.manylinux2014_x86_64.whl (2.3 MB)
register	安装 Python 依赖	2026-08-17T14:04:04.1122301Z    ━━━━━━━━━━━━━━━━━━━━━━━━━━━━━━━━━━━━━━━━ 2.3/2.3 MB 321.5 MB/s  0:00:00
register	安装 Python 依赖	2026-08-17T14:04:04.1276045Z Downloading selenium-4.47.0-py3-none-any.whl (9.5 MB)
register	安装 Python 依赖	2026-08-17T14:04:04.1675804Z    ━━━━━━━━━━━━━━━━━━━━━━━━━━━━━━━━━━━━━━━━ 9.5/9.5 MB 246.0 MB/s  0:00:00
register	安装 Python 依赖	2026-08-17T14:04:04.1831706Z Downloading trio-0.34.0-py3-none-any.whl (511 kB)
register	安装 Python 依赖	2026-08-17T14:04:04.2013794Z Downloading trio_websocket-0.12.2-py3-none-any.whl (21 kB)
register	安装 Python 依赖	2026-08-17T14:04:04.2185754Z Downloading typing_extensions-4.16.0-py3-none-any.whl (45 kB)
register	安装 Python 依赖	2026-08-17T14:04:04.2356782Z Downloading urllib3-2.7.0-py3-none-any.whl (131 kB)
register	安装 Python 依赖	2026-08-17T14:04:04.2530713Z Downloading PySocks-1.7.1-py3-none-any.whl (16 kB)
register	安装 Python 依赖	2026-08-17T14:04:04.2703982Z Downloading websocket_client-1.9.0-py3-none-any.whl (82 kB)
register	安装 Python 依赖	2026-08-17T14:04:04.2885372Z Downloading cloakbrowser-0.5.7-py3-none-any.whl (125 kB)
register	安装 Python 依赖	2026-08-17T14:04:04.3062218Z Downloading playwright-1.62.0-py3-none-manylinux1_x86_64.whl (47.7 MB)
register	安装 Python 依赖	2026-08-17T14:04:04.4529511Z    ━━━━━━━━━━━━━━━━━━━━━━━━━━━━━━━━━━━━━━━━ 47.7/47.7 MB 330.9 MB/s  0:00:00
register	安装 Python 依赖	2026-08-17T14:04:04.4690115Z Downloading greenlet-3.5.5-cp312-cp312-manylinux_2_24_x86_64.manylinux_2_28_x86_64.whl (621 kB)
register	安装 Python 依赖	2026-08-17T14:04:04.4737824Z    ━━━━━━━━━━━━━━━━━━━━━━━━━━━━━━━━━━━━━━━━ 621.4/621.4 kB 131.4 MB/s  0:00:00
register	安装 Python 依赖	2026-08-17T14:04:04.4893274Z Downloading pyee-13.0.1-py3-none-any.whl (15 kB)
register	安装 Python 依赖	2026-08-17T14:04:04.5064032Z Downloading python_dotenv-1.2.3-py3-none-any.whl (22 kB)
register	安装 Python 依赖	2026-08-17T14:04:04.5239422Z Downloading sqlalchemy-2.0.52-cp312-cp312-manylinux2014_x86_64.manylinux_2_17_x86_64.manylinux_2_28_x86_64.whl (3.4 MB)
register	安装 Python 依赖	2026-08-17T14:04:04.5360861Z    ━━━━━━━━━━━━━━━━━━━━━━━━━━━━━━━━━━━━━━━━ 3.4/3.4 MB 348.5 MB/s  0:00:00
register	安装 Python 依赖	2026-08-17T14:04:04.5518669Z Downloading psycopg2_binary-2.9.12-cp312-cp312-manylinux2014_x86_64.manylinux_2_17_x86_64.whl (4.3 MB)
register	安装 Python 依赖	2026-08-17T14:04:04.5648641Z    ━━━━━━━━━━━━━━━━━━━━━━━━━━━━━━━━━━━━━━━━ 4.3/4.3 MB 374.2 MB/s  0:00:00
register	安装 Python 依赖	2026-08-17T14:04:04.5801472Z Downloading blinker-1.9.0-py3-none-any.whl (8.5 kB)
register	安装 Python 依赖	2026-08-17T14:04:04.5971382Z Downloading certifi-2026.7.22-py3-none-any.whl (136 kB)
register	安装 Python 依赖	2026-08-17T14:04:04.6142214Z Downloading cffi-2.1.1-cp312-cp312-manylinux2014_x86_64.manylinux_2_17_x86_64.whl (221 kB)
register	安装 Python 依赖	2026-08-17T14:04:04.6317669Z Downloading geoip2-5.3.0-py3-none-any.whl (29 kB)
register	安装 Python 依赖	2026-08-17T14:04:04.6491826Z Downloading aiohttp-3.14.3-cp312-cp312-manylinux2014_x86_64.manylinux_2_17_x86_64.manylinux_2_28_x86_64.whl (1.8 MB)
register	安装 Python 依赖	2026-08-17T14:04:04.6563064Z    ━━━━━━━━━━━━━━━━━━━━━━━━━━━━━━━━━━━━━━━━ 1.8/1.8 MB 304.8 MB/s  0:00:00
register	安装 Python 依赖	2026-08-17T14:04:04.6726989Z Downloading maxminddb-3.1.1-cp312-cp312-manylinux2014_x86_64.manylinux_2_17_x86_64.manylinux_2_28_x86_64.whl (101 kB)
register	安装 Python 依赖	2026-08-17T14:04:04.6899362Z Downloading multidict-6.7.1-cp312-cp312-manylinux2014_x86_64.manylinux_2_17_x86_64.manylinux_2_28_x86_64.whl (256 kB)
register	安装 Python 依赖	2026-08-17T14:04:04.7077032Z Downloading yarl-1.24.5-cp312-cp312-manylinux2014_x86_64.manylinux_2_17_x86_64.manylinux_2_28_x86_64.whl (109 kB)
register	安装 Python 依赖	2026-08-17T14:04:04.7250389Z Downloading aiohappyeyeballs-2.7.1-py3-none-any.whl (15 kB)
register	安装 Python 依赖	2026-08-17T14:04:04.7419954Z Downloading aiosignal-1.4.0-py3-none-any.whl (7.5 kB)
register	安装 Python 依赖	2026-08-17T14:04:04.7613707Z Downloading frozenlist-1.8.0-cp312-cp312-manylinux1_x86_64.manylinux_2_28_x86_64.manylinux_2_5_x86_64.whl (242 kB)
register	安装 Python 依赖	2026-08-17T14:04:04.7789845Z Downloading httpx-0.28.1-py3-none-any.whl (73 kB)
register	安装 Python 依赖	2026-08-17T14:04:04.7964735Z Downloading httpcore-1.0.9-py3-none-any.whl (78 kB)
register	安装 Python 依赖	2026-08-17T14:04:04.8142009Z Downloading h11-0.16.0-py3-none-any.whl (37 kB)
register	安装 Python 依赖	2026-08-17T14:04:04.8313945Z Downloading itsdangerous-2.2.0-py3-none-any.whl (16 kB)
register	安装 Python 依赖	2026-08-17T14:04:04.8485167Z Downloading outcome-1.3.0.post0-py2.py3-none-any.whl (10 kB)
register	安装 Python 依赖	2026-08-17T14:04:04.8654375Z Downloading propcache-0.5.2-cp312-cp312-manylinux2014_x86_64.manylinux_2_17_x86_64.manylinux_2_28_x86_64.whl (61 kB)
register	安装 Python 依赖	2026-08-17T14:04:04.8825706Z Downloading sniffio-1.3.1-py3-none-any.whl (10 kB)
register	安装 Python 依赖	2026-08-17T14:04:04.8994865Z Downloading socksio-1.0.0-py3-none-any.whl (12 kB)
register	安装 Python 依赖	2026-08-17T14:04:04.9166611Z Downloading werkzeug-3.1.8-py3-none-any.whl (226 kB)
register	安装 Python 依赖	2026-08-17T14:04:04.9342023Z Downloading wsproto-1.3.2-py3-none-any.whl (24 kB)
register	安装 Python 依赖	2026-08-17T14:04:04.9510041Z Downloading anyio-4.14.2-py3-none-any.whl (125 kB)
register	安装 Python 依赖	2026-08-17T14:04:04.9680386Z Downloading pycparser-3.0-py3-none-any.whl (48 kB)
register	安装 Python 依赖	2026-08-17T14:04:04.9850493Z Downloading sortedcontainers-2.4.0-py2.py3-none-any.whl (29 kB)
register	安装 Python 依赖	2026-08-17T14:04:05.2668316Z Installing collected packages: sortedcontainers, werkzeug, websocket-client, urllib3, typing_extensions, socksio, sniffio, python-dotenv, pysocks, pyotp, pycryptodome, pycparser, psycopg2-binary, propcache, outcome, multidict, maxminddb, itsdangerous, h11, greenlet, frozenlist, certifi, blinker, aiohappyeyeballs, yarl, wsproto, trio, sqlalchemy, pyee, httpcore, flask, cffi, anyio, aiosignal, trio-websocket, playwright, httpx, curl_cffi, aiohttp, selenium, geoip2, cloakbrowser
register	安装 Python 依赖	2026-08-17T14:04:10.1693224Z 
register	安装 Python 依赖	2026-08-17T14:04:10.1726473Z Successfully installed aiohappyeyeballs-2.7.1 aiohttp-3.14.3 aiosignal-1.4.0 anyio-4.14.2 blinker-1.9.0 certifi-2026.7.22 cffi-2.1.1 cloakbrowser-0.5.7 curl_cffi-0.16.0 flask-3.1.3 frozenlist-1.8.0 geoip2-5.3.0 greenlet-3.5.5 h11-0.16.0 httpcore-1.0.9 httpx-0.28.1 itsdangerous-2.2.0 maxminddb-3.1.1 multidict-6.7.1 outcome-1.3.0.post0 playwright-1.62.0 propcache-0.5.2 psycopg2-binary-2.9.12 pycparser-3.0 pycryptodome-3.23.0 pyee-13.0.1 pyotp-2.10.0 pysocks-1.7.1 python-dotenv-1.2.3 selenium-4.47.0 sniffio-1.3.1 socksio-1.0.0 sortedcontainers-2.4.0 sqlalchemy-2.0.52 trio-0.34.0 trio-websocket-0.12.2 typing_extensions-4.16.0 urllib3-2.7.0 websocket-client-1.9.0 werkzeug-3.1.8 wsproto-1.3.2 yarl-1.24.5
register	安装 Python 依赖	2026-08-17T14:04:10.5781227Z Defaulting to user installation because normal site-packages is not writeable
register	安装 Python 依赖	2026-08-17T14:04:10.6928527Z Collecting camoufox
register	安装 Python 依赖	2026-08-17T14:04:10.7751225Z   Downloading camoufox-0.5.4-py3-none-any.whl.metadata (10 kB)
register	安装 Python 依赖	2026-08-17T14:04:10.7994987Z Collecting browserforge<2.0.0,>=1.2.4 (from camoufox)
register	安装 Python 依赖	2026-08-17T14:04:10.8154742Z   Downloading browserforge-1.2.4-py3-none-any.whl.metadata (28 kB)
register	安装 Python 依赖	2026-08-17T14:04:10.8547737Z Collecting inquirer (from camoufox)
register	安装 Python 依赖	2026-08-17T14:04:10.8708666Z   Downloading inquirer-3.4.1-py3-none-any.whl.metadata (6.8 kB)
register	安装 Python 依赖	2026-08-17T14:04:10.9129702Z Collecting language-tags (from camoufox)
register	安装 Python 依赖	2026-08-17T14:04:10.9282539Z   Downloading language_tags-1.3.1-py3-none-any.whl.metadata (6.5 kB)
register	安装 Python 依赖	2026-08-17T14:04:11.1721874Z Collecting lxml (from camoufox)
register	安装 Python 依赖	2026-08-17T14:04:11.1877527Z   Downloading lxml-6.1.1-cp312-cp312-manylinux_2_26_x86_64.manylinux_2_28_x86_64.whl.metadata (3.5 kB)
register	安装 Python 依赖	2026-08-17T14:04:11.3511577Z Collecting numpy (from camoufox)
register	安装 Python 依赖	2026-08-17T14:04:11.3666246Z   Downloading numpy-2.5.2-cp312-cp312-manylinux_2_27_x86_64.manylinux_2_28_x86_64.whl.metadata (6.6 kB)
register	安装 Python 依赖	2026-08-17T14:04:11.5553380Z Collecting orjson (from camoufox)
register	安装 Python 依赖	2026-08-17T14:04:11.5712026Z   Downloading orjson-3.12.0-cp312-cp312-manylinux_2_17_x86_64.manylinux2014_x86_64.whl.metadata (41 kB)
register	安装 Python 依赖	2026-08-17T14:04:11.5802309Z Requirement already satisfied: platformdirs in /usr/local/lib/python3.12/dist-packages (from camoufox) (4.11.2)
register	安装 Python 依赖	2026-08-17T14:04:11.6012301Z Collecting playwright<1.61 (from camoufox)
register	安装 Python 依赖	2026-08-17T14:04:11.6175250Z   Downloading playwright-1.60.0-py3-none-manylinux1_x86_64.whl.metadata (3.5 kB)
register	安装 Python 依赖	2026-08-17T14:04:11.6208140Z Requirement already satisfied: pysocks in /home/runner/.local/lib/python3.12/site-packages (from camoufox) (1.7.1)
register	安装 Python 依赖	2026-08-17T14:04:11.6211648Z Requirement already satisfied: pyyaml in /usr/lib/python3/dist-packages (from camoufox) (6.0.1)
register	安装 Python 依赖	2026-08-17T14:04:11.6219391Z Requirement already satisfied: requests in /usr/lib/python3/dist-packages (from camoufox) (2.31.0)
register	安装 Python 依赖	2026-08-17T14:04:11.6222916Z Requirement already satisfied: rich in /usr/lib/python3/dist-packages (from camoufox) (13.7.1)
register	安装 Python 依赖	2026-08-17T14:04:11.6456584Z Collecting rich-click (from camoufox)
register	安装 Python 依赖	2026-08-17T14:04:11.6609445Z   Downloading rich_click-1.9.8-py3-none-any.whl.metadata (8.7 kB)
register	安装 Python 依赖	2026-08-17T14:04:11.6847226Z Collecting screeninfo (from camoufox)
register	安装 Python 依赖	2026-08-17T14:04:11.7110728Z   Downloading screeninfo-0.8.1-py3-none-any.whl.metadata (2.9 kB)
register	安装 Python 依赖	2026-08-17T14:04:11.7144421Z Requirement already satisfied: typing_extensions in /home/runner/.local/lib/python3.12/site-packages (from camoufox) (4.16.0)
register	安装 Python 依赖	2026-08-17T14:04:11.7346411Z Collecting ua_parser (from camoufox)
register	安装 Python 依赖	2026-08-17T14:04:11.7533104Z   Downloading ua_parser-1.0.2-py3-none-any.whl.metadata (5.5 kB)
register	安装 Python 依赖	2026-08-17T14:04:11.7772105Z Collecting apify_fingerprint_datapoints (from browserforge<2.0.0,>=1.2.4->camoufox)
register	安装 Python 依赖	2026-08-17T14:04:11.7933268Z   Downloading apify_fingerprint_datapoints-0.15.0-py3-none-any.whl.metadata (14 kB)
register	安装 Python 依赖	2026-08-17T14:04:11.7991026Z Requirement already satisfied: click in /usr/lib/python3/dist-packages (from browserforge<2.0.0,>=1.2.4->camoufox) (8.1.6)
register	安装 Python 依赖	2026-08-17T14:04:11.7998805Z Requirement already satisfied: pyee<14,>=13 in /home/runner/.local/lib/python3.12/site-packages (from playwright<1.61->camoufox) (13.0.1)
register	安装 Python 依赖	2026-08-17T14:04:11.8003030Z Requirement already satisfied: greenlet<4.0.0,>=3.1.1 in /home/runner/.local/lib/python3.12/site-packages (from playwright<1.61->camoufox) (3.5.5)
register	安装 Python 依赖	2026-08-17T14:04:11.8272696Z Collecting blessed>=1.19.0 (from inquirer->camoufox)
register	安装 Python 依赖	2026-08-17T14:04:11.8431993Z   Downloading blessed-1.48.0-py3-none-any.whl.metadata (13 kB)
register	安装 Python 依赖	2026-08-17T14:04:11.8671876Z Collecting editor>=1.6.0 (from inquirer->camoufox)
register	安装 Python 依赖	2026-08-17T14:04:11.8831225Z   Downloading editor-1.8.0-py3-none-any.whl.metadata (2.3 kB)
register	安装 Python 依赖	2026-08-17T14:04:11.9081420Z Collecting readchar>=4.2.0 (from inquirer->camoufox)
register	安装 Python 依赖	2026-08-17T14:04:11.9243441Z   Downloading readchar-4.2.2-py3-none-any.whl.metadata (7.5 kB)
register	安装 Python 依赖	2026-08-17T14:04:11.9515494Z Collecting wcwidth>=0.8.1 (from blessed>=1.19.0->inquirer->camoufox)
register	安装 Python 依赖	2026-08-17T14:04:11.9668101Z   Downloading wcwidth-0.8.2-py3-none-any.whl.metadata (43 kB)
register	安装 Python 依赖	2026-08-17T14:04:11.9943507Z Collecting jinxed<3,>=2.1 (from blessed>=1.19.0->inquirer->camoufox)
register	安装 Python 依赖	2026-08-17T14:04:12.0100071Z   Downloading jinxed-2.1.0-py2.py3-none-any.whl.metadata (7.2 kB)
register	安装 Python 依赖	2026-08-17T14:04:12.0332393Z Collecting runs (from editor>=1.6.0->inquirer->camoufox)
register	安装 Python 依赖	2026-08-17T14:04:12.0502805Z   Downloading runs-1.3.0-py3-none-any.whl.metadata (10 kB)
register	安装 Python 依赖	2026-08-17T14:04:12.0750621Z Collecting xmod (from editor>=1.6.0->inquirer->camoufox)
register	安装 Python 依赖	2026-08-17T14:04:12.0907963Z   Downloading xmod-1.10.0-py3-none-any.whl.metadata (1.8 kB)
register	安装 Python 依赖	2026-08-17T14:04:12.0983290Z Requirement already satisfied: markdown-it-py>=2.2.0 in /usr/lib/python3/dist-packages (from rich->camoufox) (3.0.0)
register	安装 Python 依赖	2026-08-17T14:04:12.0989171Z Requirement already satisfied: pygments<3.0.0,>=2.13.0 in /usr/lib/python3/dist-packages (from rich->camoufox) (2.17.2)
register	安装 Python 依赖	2026-08-17T14:04:12.1005714Z Requirement already satisfied: mdurl~=0.1 in /usr/lib/python3/dist-packages (from markdown-it-py>=2.2.0->rich->camoufox) (0.1.2)
register	安装 Python 依赖	2026-08-17T14:04:12.1233661Z Collecting ua-parser-builtins (from ua_parser->camoufox)
register	安装 Python 依赖	2026-08-17T14:04:12.1395183Z   Downloading ua_parser_builtins-202606-py3-none-any.whl.metadata (1.8 kB)
register	安装 Python 依赖	2026-08-17T14:04:12.1600659Z Downloading camoufox-0.5.4-py3-none-any.whl (1.4 MB)
register	安装 Python 依赖	2026-08-17T14:04:12.2482097Z    ━━━━━━━━━━━━━━━━━━━━━━━━━━━━━━━━━━━━━━━━ 1.4/1.4 MB 20.4 MB/s  0:00:00
register	安装 Python 依赖	2026-08-17T14:04:12.2651386Z Downloading browserforge-1.2.4-py3-none-any.whl (37 kB)
register	安装 Python 依赖	2026-08-17T14:04:12.2827885Z Downloading playwright-1.60.0-py3-none-manylinux1_x86_64.whl (47.5 MB)
register	安装 Python 依赖	2026-08-17T14:04:12.5153432Z    ━━━━━━━━━━━━━━━━━━━━━━━━━━━━━━━━━━━━━━━━ 47.5/47.5 MB 205.7 MB/s  0:00:00
register	安装 Python 依赖	2026-08-17T14:04:12.5334133Z Downloading apify_fingerprint_datapoints-0.15.0-py3-none-any.whl (761 kB)
register	安装 Python 依赖	2026-08-17T14:04:12.5387008Z    ━━━━━━━━━━━━━━━━━━━━━━━━━━━━━━━━━━━━━━━━ 761.8/761.8 kB 169.2 MB/s  0:00:00
register	安装 Python 依赖	2026-08-17T14:04:12.5545325Z Downloading inquirer-3.4.1-py3-none-any.whl (18 kB)
register	安装 Python 依赖	2026-08-17T14:04:12.5724828Z Downloading blessed-1.48.0-py3-none-any.whl (131 kB)
register	安装 Python 依赖	2026-08-17T14:04:12.5898357Z Downloading jinxed-2.1.0-py2.py3-none-any.whl (104 kB)
register	安装 Python 依赖	2026-08-17T14:04:12.6077914Z Downloading editor-1.8.0-py3-none-any.whl (4.0 kB)
register	安装 Python 依赖	2026-08-17T14:04:12.6246341Z Downloading readchar-4.2.2-py3-none-any.whl (9.4 kB)
register	安装 Python 依赖	2026-08-17T14:04:12.6416966Z Downloading wcwidth-0.8.2-py3-none-any.whl (323 kB)
register	安装 Python 依赖	2026-08-17T14:04:12.6601378Z Downloading language_tags-1.3.1-py3-none-any.whl (216 kB)
register	安装 Python 依赖	2026-08-17T14:04:12.6781298Z Downloading lxml-6.1.1-cp312-cp312-manylinux_2_26_x86_64.manylinux_2_28_x86_64.whl (5.2 MB)
register	安装 Python 依赖	2026-08-17T14:04:12.6965068Z    ━━━━━━━━━━━━━━━━━━━━━━━━━━━━━━━━━━━━━━━━ 5.2/5.2 MB 340.3 MB/s  0:00:00
register	安装 Python 依赖	2026-08-17T14:04:12.7124411Z Downloading numpy-2.5.2-cp312-cp312-manylinux_2_27_x86_64.manylinux_2_28_x86_64.whl (16.7 MB)
register	安装 Python 依赖	2026-08-17T14:04:12.7723983Z    ━━━━━━━━━━━━━━━━━━━━━━━━━━━━━━━━━━━━━━━━ 16.7/16.7 MB 291.6 MB/s  0:00:00
register	安装 Python 依赖	2026-08-17T14:04:12.7880772Z Downloading orjson-3.12.0-cp312-cp312-manylinux_2_17_x86_64.manylinux2014_x86_64.whl (131 kB)
register	安装 Python 依赖	2026-08-17T14:04:12.8053333Z Downloading rich_click-1.9.8-py3-none-any.whl (72 kB)
register	安装 Python 依赖	2026-08-17T14:04:12.8230013Z Downloading runs-1.3.0-py3-none-any.whl (6.4 kB)
register	安装 Python 依赖	2026-08-17T14:04:12.8411728Z Downloading screeninfo-0.8.1-py3-none-any.whl (12 kB)
register	安装 Python 依赖	2026-08-17T14:04:12.8581357Z Downloading ua_parser-1.0.2-py3-none-any.whl (31 kB)
register	安装 Python 依赖	2026-08-17T14:04:12.8754928Z Downloading ua_parser_builtins-202606-py3-none-any.whl (90 kB)
register	安装 Python 依赖	2026-08-17T14:04:12.8934624Z Downloading xmod-1.10.0-py3-none-any.whl (4.7 kB)
register	安装 Python 依赖	2026-08-17T14:04:13.1256980Z Installing collected packages: jinxed, xmod, wcwidth, ua-parser-builtins, screeninfo, readchar, orjson, numpy, lxml, language-tags, apify_fingerprint_datapoints, ua_parser, runs, playwright, browserforge, blessed, rich-click, editor, inquirer, camoufox
register	安装 Python 依赖	2026-08-17T14:04:15.4382265Z   Attempting uninstall: playwright
register	安装 Python 依赖	2026-08-17T14:04:15.4404705Z     Found existing installation: playwright 1.62.0
register	安装 Python 依赖	2026-08-17T14:04:15.4488147Z     Uninstalling playwright-1.62.0:
register	安装 Python 依赖	2026-08-17T14:04:15.4511070Z       Successfully uninstalled playwright-1.62.0
register	安装 Python 依赖	2026-08-17T14:04:16.4386851Z 
register	安装 Python 依赖	2026-08-17T14:04:16.4426938Z Successfully installed apify_fingerprint_datapoints-0.15.0 blessed-1.48.0 browserforge-1.2.4 camoufox-0.5.4 editor-1.8.0 inquirer-3.4.1 jinxed-2.1.0 language-tags-1.3.1 lxml-6.1.1 numpy-2.5.2 orjson-3.12.0 playwright-1.60.0 readchar-4.2.2 rich-click-1.9.8 runs-1.3.0 screeninfo-0.8.1 ua-parser-builtins-202606 ua_parser-1.0.2 wcwidth-0.8.2 xmod-1.10.0
register	安装 Python 依赖	2026-08-17T14:04:17.1117009Z Syncing repositories...
register	安装 Python 依赖	2026-08-17T14:04:29.4928871Z   Official... Error: 404 Client Error: Not Found for url: 
register	安装 Python 依赖	2026-08-17T14:04:29.4929645Z https://api.github.com/repos/camoufox/camoufox/releases
register	安装 Python 依赖	2026-08-17T14:04:31.4867604Z   CoryKing... 0 versions
register	安装 Python 依赖	2026-08-17T14:04:33.6690593Z   JWriter20... 0 versions
register	安装 Python 依赖	2026-08-17T14:04:33.6695881Z 
register	安装 Python 依赖	2026-08-17T14:04:33.6696226Z Synced 0 versions from 2 repos.
register	检查 warp 出口	﻿2026-08-17T14:04:33.7481849Z ##[group]Run curl -sS --proxy socks5h://127.0.0.1:40000 https://www.cloudflare.com/cdn-cgi/trace | grep -E "^(ip|warp)="
register	检查 warp 出口	2026-08-17T14:04:33.7482721Z ^[[36;1mcurl -sS --proxy socks5h://127.0.0.1:40000 https://www.cloudflare.com/cdn-cgi/trace | grep -E "^(ip|warp)="^[[0m
register	检查 warp 出口	2026-08-17T14:04:33.7524094Z shell: /usr/bin/bash -e {0}
register	检查 warp 出口	2026-08-17T14:04:33.7524376Z env:
register	检查 warp 出口	2026-08-17T14:04:33.7524862Z   GITHUB_TOKEN: ***
register	检查 warp 出口	2026-08-17T14:04:33.7525093Z   WARP_READY: 1
register	检查 warp 出口	2026-08-17T14:04:33.7525326Z ##[endgroup]
register	检查 warp 出口	2026-08-17T14:04:33.8068373Z ip=2a09:bac5:7491:2d2::48:e7
register	检查 warp 出口	2026-08-17T14:04:33.8068815Z warp=on
register	注册（免费无鉴权服务商）	﻿2026-08-17T14:04:33.8132705Z ##[group]Run python main.py -n "100" --workers "3" --continue-on-fail --verbose
register	注册（免费无鉴权服务商）	2026-08-17T14:04:33.8133490Z ^[[36;1mpython main.py -n "100" --workers "3" --continue-on-fail --verbose^[[0m
register	注册（免费无鉴权服务商）	2026-08-17T14:04:33.8173740Z shell: /usr/bin/bash -e {0}
register	注册（免费无鉴权服务商）	2026-08-17T14:04:33.8174042Z env:
register	注册（免费无鉴权服务商）	2026-08-17T14:04:33.8174507Z   GITHUB_TOKEN: ***
register	注册（免费无鉴权服务商）	2026-08-17T14:04:33.8174750Z   WARP_READY: 1
register	注册（免费无鉴权服务商）	2026-08-17T14:04:33.8174979Z   REGISTRATION_DRIVER: camoufox
register	注册（免费无鉴权服务商）	2026-08-17T14:04:33.8175290Z   PROXY_POOL: socks5://127.0.0.1:40000
register	注册（免费无鉴权服务商）	2026-08-17T14:04:33.8175586Z   CAMOUFOX_USE_PROXY: true
register	注册（免费无鉴权服务商）	2026-08-17T14:04:33.8176114Z   EMAIL_SOURCE: tempmail,onesecmail,dropmail,tempmailc,throwawaymail,catchmail,myagentinbox,mailtm,qxfy
register	注册（免费无鉴权服务商）	2026-08-17T14:04:33.8176657Z   USE_EMAIL_SERVICE: true
register	注册（免费无鉴权服务商）	2026-08-17T14:04:33.8176920Z   DEAD_DOMAIN_REPO: DanielLawrence9553/db
register	注册（免费无鉴权服务商）	2026-08-17T14:04:33.8177704Z   SESSION_DATABASE_URL: ***
register	注册（免费无鉴权服务商）	2026-08-17T14:04:33.8177953Z ##[endgroup]
register	注册（免费无鉴权服务商）	2026-08-17T14:04:34.0340946Z 14:04:34 [DEBUG] Starting new HTTPS connection (1): raw.githubusercontent.com:443
register	注册（免费无鉴权服务商）	2026-08-17T14:04:34.2273820Z 14:04:34 [DEBUG] https://raw.githubusercontent.com:443 "GET /DanielLawrence9553/db/main/dead_email_domains.json HTTP/1.1" 200 49
register	注册（免费无鉴权服务商）	2026-08-17T14:04:34.2287892Z 14:04:34 [INFO] [EmailProvider] 已从仓库同步 1 个死域名
register	注册（免费无鉴权服务商）	2026-08-17T14:04:34.2293376Z 14:04:34 [INFO] [批量] 本批次归档目录：/home/runner/work/ooo/ooo/accounts/20260817-100个-3线程
register	注册（免费无鉴权服务商）	2026-08-17T14:04:34.2294099Z 14:04:34 [INFO] [批量] 启用多线程注册：目标 100，并发 3
register	注册（免费无鉴权服务商）	2026-08-17T14:04:34.2296502Z 14:04:34 [INFO] [批量] 开始第 1/100 个注册
register	注册（免费无鉴权服务商）	2026-08-17T14:04:34.2301374Z 14:04:34 [INFO] [批量] 开始第 2/100 个注册
register	注册（免费无鉴权服务商）	2026-08-17T14:04:34.2306368Z 14:04:34 [INFO] [批量] 开始第 3/100 个注册
register	注册（免费无鉴权服务商）	2026-08-17T14:04:34.2406698Z 14:04:34 [INFO] [Catchmail] 已生成临时邮箱: lm93ox4wl1@catchmail.io
register	注册（免费无鉴权服务商）	2026-08-17T14:04:34.2408324Z 14:04:34 [INFO] [EmailProvider] 使用邮箱来源: catchmail, email=lm93ox4wl1@catchmail.io (order=['catchmail', 'tempmail', 'dropmail', 'qxfy', 'tempmailc', 'onesecmail', 'myagentinbox', 'throwawaymail', 'mailtm'])
register	注册（免费无鉴权服务商）	2026-08-17T14:04:34.2409898Z 14:04:34 [DEBUG] 自动获取邮箱: lm93ox4wl1@catchmail.io
register	注册（免费无鉴权服务商）	2026-08-17T14:04:34.2413810Z 14:04:34 [DEBUG] 自动生成显示名称: Iacgfeh Pxqhshi
register	注册（免费无鉴权服务商）	2026-08-17T14:04:34.2417410Z 14:04:34 [DEBUG] Starting new HTTPS connection (1): api.mail.tm:443
register	注册（免费无鉴权服务商）	2026-08-17T14:04:34.2436332Z 14:04:34 [INFO] [Catchmail] 已生成临时邮箱: qilyt11mo8@catchmail.io
register	注册（免费无鉴权服务商）	2026-08-17T14:04:34.2437711Z 14:04:34 [INFO] [EmailProvider] 使用邮箱来源: catchmail, email=qilyt11mo8@catchmail.io (order=['catchmail', 'tempmail', 'throwawaymail', 'dropmail', 'qxfy', 'tempmailc', 'mailtm', 'myagentinbox', 'onesecmail'])
register	注册（免费无鉴权服务商）	2026-08-17T14:04:34.2438584Z 14:04:34 [DEBUG] 自动获取邮箱: qilyt11mo8@catchmail.io
register	注册（免费无鉴权服务商）	2026-08-17T14:04:34.2438943Z 14:04:34 [DEBUG] 自动生成显示名称: Abyewcd Vpeo
register	注册（免费无鉴权服务商）	2026-08-17T14:04:34.6362338Z 14:04:34 [INFO] [Camoufox] 使用代理: socks5://127.0.0.1:40000
register	注册（免费无鉴权服务商）	2026-08-17T14:04:34.6363146Z 14:04:34 [INFO] [Camoufox] 启动无头浏览器 (headless=True)...
register	注册（免费无鉴权服务商）	2026-08-17T14:04:34.6365607Z 14:04:34 [DEBUG] Using selector: EpollSelector
register	注册（免费无鉴权服务商）	2026-08-17T14:04:34.6366315Z 14:04:34 [INFO] [Camoufox] 使用代理: socks5://127.0.0.1:40000
register	注册（免费无鉴权服务商）	2026-08-17T14:04:34.6366918Z 14:04:34 [INFO] [Camoufox] 启动无头浏览器 (headless=True)...
register	注册（免费无鉴权服务商）	2026-08-17T14:04:34.6367509Z 14:04:34 [DEBUG] Using selector: EpollSelector
register	注册（免费无鉴权服务商）	2026-08-17T14:04:34.9854306Z 14:04:34 [DEBUG] https://api.mail.tm:443 "GET /domains HTTP/1.1" 200 172
register	注册（免费无鉴权服务商）	2026-08-17T14:04:34.9889106Z 14:04:34 [INFO] [Mail.tm] 已获取可用域名: emalupe.com
register	注册（免费无鉴权服务商）	2026-08-17T14:04:34.9902362Z 14:04:34 [DEBUG] Starting new HTTPS connection (1): api.mail.tm:443
register	注册（免费无鉴权服务商）	2026-08-17T14:04:34.9935620Z 14:04:34 [DEBUG] Starting new HTTPS connection (1): addons.mozilla.org:443
register	注册（免费无鉴权服务商）	2026-08-17T14:04:35.0156741Z 14:04:35 [ERROR] [Camoufox注册] 失败：RuntimeError: Camoufox 浏览器二进制未安装，请先执行: camoufox fetch
register	注册（免费无鉴权服务商）	2026-08-17T14:04:35.0563818Z 14:04:35 [INFO] [Catchmail] 已释放邮箱上下文: lm93ox4wl1@catchmail.io（status=available, note=Camoufox失败: Camoufox 浏览器二进制未安装，请先执行: camoufox fetch）
register	注册（免费无鉴权服务商）	2026-08-17T14:04:35.0567191Z 14:04:35 [INFO] [批量] 开始第 4/100 个注册
register	注册（免费无鉴权服务商）	2026-08-17T14:04:35.0575602Z 14:04:35 [DEBUG] Starting new HTTPS connection (1): tempmailc.com:443
register	注册（免费无鉴权服务商）	2026-08-17T14:04:35.1013478Z 14:04:35 [DEBUG] https://addons.mozilla.org:443 "GET /firefox/downloads/latest/ublock-origin/latest.xpi HTTP/1.1" 302 0
register	注册（免费无鉴权服务商）	2026-08-17T14:04:35.1169609Z 14:04:35 [DEBUG] https://addons.mozilla.org:443 "GET /firefox/downloads/file/4940584/ublock_origin-1.73.0.xpi HTTP/1.1" 200 4679419
register	注册（免费无鉴权服务商）	2026-08-17T14:04:35.1210702Z 
register	注册（免费无鉴权服务商）	2026-08-17T14:04:35.1211099Z Downloading addon (UBO): 0%
register	注册（免费无鉴权服务商）	2026-08-17T14:04:35.1262013Z Downloading addon (UBO): 0%
register	注册（免费无鉴权服务商）	2026-08-17T14:04:35.1262384Z Downloading addon (UBO): 1%
register	注册（免费无鉴权服务商）	2026-08-17T14:04:35.1315668Z Downloading addon (UBO): 1%
register	注册（免费无鉴权服务商）	2026-08-17T14:04:35.1316025Z Downloading addon (UBO): 1%
register	注册（免费无鉴权服务商）	2026-08-17T14:04:35.1346946Z Downloading addon (UBO): 1%
register	注册（免费无鉴权服务商）	2026-08-17T14:04:35.1347279Z Downloading addon (UBO): 1%
register	注册（免费无鉴权服务商）	2026-08-17T14:04:35.1372404Z Downloading addon (UBO): 1%
register	注册（免费无鉴权服务商）	2026-08-17T14:04:35.1372939Z Downloading addon (UBO): 2%
register	注册（免费无鉴权服务商）	2026-08-17T14:04:35.1386109Z Downloading addon (UBO): 2%
register	注册（免费无鉴权服务商）	2026-08-17T14:04:35.1386529Z Downloading addon (UBO): 2%
register	注册（免费无鉴权服务商）	2026-08-17T14:04:35.1405119Z Downloading addon (UBO): 2%
register	注册（免费无鉴权服务商）	2026-08-17T14:04:35.1405516Z Downloading addon (UBO): 2%
register	注册（免费无鉴权服务商）	2026-08-17T14:04:35.1439831Z Downloading addon (UBO): 2%
register	注册（免费无鉴权服务商）	2026-08-17T14:04:35.1440424Z Downloading addon (UBO): 3%
register	注册（免费无鉴权服务商）	2026-08-17T14:04:35.1453314Z Downloading addon (UBO): 3%
register	注册（免费无鉴权服务商）	2026-08-17T14:04:35.1453631Z Downloading addon (UBO): 3%
register	注册（免费无鉴权服务商）	2026-08-17T14:04:35.1471169Z Downloading addon (UBO): 3%
register	注册（免费无鉴权服务商）	2026-08-17T14:04:35.1471786Z Downloading addon (UBO): 3%
register	注册（免费无鉴权服务商）	2026-08-17T14:04:35.1502934Z Downloading addon (UBO): 4%
register	注册（免费无鉴权服务商）	2026-08-17T14:04:35.1503325Z Downloading addon (UBO): 4%
register	注册（免费无鉴权服务商）	2026-08-17T14:04:35.1535294Z Downloading addon (UBO): 4%
register	注册（免费无鉴权服务商）	2026-08-17T14:04:35.1535629Z Downloading addon (UBO): 4%
register	注册（免费无鉴权服务商）	2026-08-17T14:04:35.1559913Z Downloading addon (UBO): 4%
register	注册（免费无鉴权服务商）	2026-08-17T14:04:35.1560528Z Downloading addon (UBO): 4%
register	注册（免费无鉴权服务商）	2026-08-17T14:04:35.1560943Z Downloading addon (UBO): 5%
register	注册（免费无鉴权服务商）	2026-08-17T14:04:35.1561260Z Downloading addon (UBO): 5%
register	注册（免费无鉴权服务商）	2026-08-17T14:04:35.1572663Z Downloading addon (UBO): 5%
register	注册（免费无鉴权服务商）	2026-08-17T14:04:35.1573300Z Downloading addon (UBO): 5%
register	注册（免费无鉴权服务商）	2026-08-17T14:04:35.1573743Z Downloading addon (UBO): 5%
register	注册（免费无鉴权服务商）	2026-08-17T14:04:35.1574066Z Downloading addon (UBO): 5%
register	注册（免费无鉴权服务商）	2026-08-17T14:04:35.1585601Z Downloading addon (UBO): 6%
register	注册（免费无鉴权服务商）	2026-08-17T14:04:35.1585912Z Downloading addon (UBO): 6%
register	注册（免费无鉴权服务商）	2026-08-17T14:04:35.1601494Z Downloading addon (UBO): 6%
register	注册（免费无鉴权服务商）	2026-08-17T14:04:35.1601840Z Downloading addon (UBO): 6%
register	注册（免费无鉴权服务商）	2026-08-17T14:04:35.1616496Z Downloading addon (UBO): 6%
register	注册（免费无鉴权服务商）	2026-08-17T14:04:35.1616863Z Downloading addon (UBO): 6%
register	注册（免费无鉴权服务商）	2026-08-17T14:04:35.1634040Z Downloading addon (UBO): 7%
register	注册（免费无鉴权服务商）	2026-08-17T14:04:35.1634380Z Downloading addon (UBO): 7%
register	注册（免费无鉴权服务商）	2026-08-17T14:04:35.1666693Z Downloading addon (UBO): 7%
register	注册（免费无鉴权服务商）	2026-08-17T14:04:35.1667067Z Downloading addon (UBO): 7%
register	注册（免费无鉴权服务商）	2026-08-17T14:04:35.1690663Z Downloading addon (UBO): 7%
register	注册（免费无鉴权服务商）	2026-08-17T14:04:35.1691108Z Downloading addon (UBO): 8%
register	注册（免费无鉴权服务商）	2026-08-17T14:04:35.1704258Z Downloading addon (UBO): 8%
register	注册（免费无鉴权服务商）	2026-08-17T14:04:35.1704556Z Downloading addon (UBO): 8%
register	注册（免费无鉴权服务商）	2026-08-17T14:04:35.1705691Z Downloading addon (UBO): 8%
register	注册（免费无鉴权服务商）	2026-08-17T14:04:35.1705986Z Downloading addon (UBO): 8%
register	注册（免费无鉴权服务商）	2026-08-17T14:04:35.1734266Z Downloading addon (UBO): 8%
register	注册（免费无鉴权服务商）	2026-08-17T14:04:35.1734675Z Downloading addon (UBO): 9%
register	注册（免费无鉴权服务商）	2026-08-17T14:04:35.1735039Z Downloading addon (UBO): 9%
register	注册（免费无鉴权服务商）	2026-08-17T14:04:35.1735481Z Downloading addon (UBO): 9%
register	注册（免费无鉴权服务商）	2026-08-17T14:04:35.1735763Z Downloading addon (UBO): 9%
register	注册（免费无鉴权服务商）	2026-08-17T14:04:35.1735999Z Downloading addon (UBO): 9%
register	注册（免费无鉴权服务商）	2026-08-17T14:04:35.1747698Z Downloading addon (UBO): 9%
register	注册（免费无鉴权服务商）	2026-08-17T14:04:35.1748056Z Downloading addon (UBO): 10%
register	注册（免费无鉴权服务商）	2026-08-17T14:04:35.1749027Z Downloading addon (UBO): 10%
register	注册（免费无鉴权服务商）	2026-08-17T14:04:35.1749428Z Downloading addon (UBO): 10%
register	注册（免费无鉴权服务商）	2026-08-17T14:04:35.1778635Z Downloading addon (UBO): 10%
register	注册（免费无鉴权服务商）	2026-08-17T14:04:35.1778975Z Downloading addon (UBO): 10%
register	注册（免费无鉴权服务商）	2026-08-17T14:04:35.1821478Z Downloading addon (UBO): 11%
register	注册（免费无鉴权服务商）	2026-08-17T14:04:35.1821905Z Downloading addon (UBO): 11%
register	注册（免费无鉴权服务商）	2026-08-17T14:04:35.1822588Z Downloading addon (UBO): 11%
register	注册（免费无鉴权服务商）	2026-08-17T14:04:35.1823058Z Downloading addon (UBO): 11%
register	注册（免费无鉴权服务商）	2026-08-17T14:04:35.1824669Z Downloading addon (UBO): 11%
register	注册（免费无鉴权服务商）	2026-08-17T14:04:35.1825114Z Downloading addon (UBO): 11%
register	注册（免费无鉴权服务商）	2026-08-17T14:04:35.1825422Z Downloading addon (UBO): 12%
register	注册（免费无鉴权服务商）	2026-08-17T14:04:35.1825661Z Downloading addon (UBO): 12%
register	注册（免费无鉴权服务商）	2026-08-17T14:04:35.1838007Z Downloading addon (UBO): 12%
register	注册（免费无鉴权服务商）	2026-08-17T14:04:35.1838783Z Downloading addon (UBO): 12%
register	注册（免费无鉴权服务商）	2026-08-17T14:04:35.1839499Z Downloading addon (UBO): 12%
register	注册（免费无鉴权服务商）	2026-08-17T14:04:35.1839938Z Downloading addon (UBO): 12%
register	注册（免费无鉴权服务商）	2026-08-17T14:04:35.1840516Z Downloading addon (UBO): 13%
register	注册（免费无鉴权服务商）	2026-08-17T14:04:35.1840768Z Downloading addon (UBO): 13%
register	注册（免费无鉴权服务商）	2026-08-17T14:04:35.1865892Z Downloading addon (UBO): 13%
register	注册（免费无鉴权服务商）	2026-08-17T14:04:35.1866267Z Downloading addon (UBO): 13%
register	注册（免费无鉴权服务商）	2026-08-17T14:04:35.1866679Z Downloading addon (UBO): 13%
register	注册（免费无鉴权服务商）	2026-08-17T14:04:35.1867039Z Downloading addon (UBO): 13%
register	注册（免费无鉴权服务商）	2026-08-17T14:04:35.1867678Z Downloading addon (UBO): 14%
register	注册（免费无鉴权服务商）	2026-08-17T14:04:35.1868010Z Downloading addon (UBO): 14%
register	注册（免费无鉴权服务商）	2026-08-17T14:04:35.1868450Z Downloading addon (UBO): 14%
register	注册（免费无鉴权服务商）	2026-08-17T14:04:35.1868734Z Downloading addon (UBO): 14%
register	注册（免费无鉴权服务商）	2026-08-17T14:04:35.1880681Z Downloading addon (UBO): 14%
register	注册（免费无鉴权服务商）	2026-08-17T14:04:35.1881185Z Downloading addon (UBO): 15%
register	注册（免费无鉴权服务商）	2026-08-17T14:04:35.1883121Z Downloading addon (UBO): 15%
register	注册（免费无鉴权服务商）	2026-08-17T14:04:35.1883570Z Downloading addon (UBO): 15%
register	注册（免费无鉴权服务商）	2026-08-17T14:04:35.1883957Z Downloading addon (UBO): 15%
register	注册（免费无鉴权服务商）	2026-08-17T14:04:35.1884208Z Downloading addon (UBO): 15%
register	注册（免费无鉴权服务商）	2026-08-17T14:04:35.1896649Z Downloading addon (UBO): 15%
register	注册（免费无鉴权服务商）	2026-08-17T14:04:35.1896918Z Downloading addon (UBO): 16%
register	注册（免费无鉴权服务商）	2026-08-17T14:04:35.1898008Z Downloading addon (UBO): 16%
register	注册（免费无鉴权服务商）	2026-08-17T14:04:35.1898584Z Downloading addon (UBO): 16%
register	注册（免费无鉴权服务商）	2026-08-17T14:04:35.1909724Z Downloading addon (UBO): 16%
register	注册（免费无鉴权服务商）	2026-08-17T14:04:35.1910117Z Downloading addon (UBO): 16%
register	注册（免费无鉴权服务商）	2026-08-17T14:04:35.1952732Z Downloading addon (UBO): 16%
register	注册（免费无鉴权服务商）	2026-08-17T14:04:35.1953163Z Downloading addon (UBO): 17%
register	注册（免费无鉴权服务商）	2026-08-17T14:04:35.1969442Z Downloading addon (UBO): 17%
register	注册（免费无鉴权服务商）	2026-08-17T14:04:35.1969900Z Downloading addon (UBO): 17%
register	注册（免费无鉴权服务商）	2026-08-17T14:04:35.1970468Z Downloading addon (UBO): 17%
register	注册（免费无鉴权服务商）	2026-08-17T14:04:35.1971824Z Downloading addon (UBO): 17%
register	注册（免费无鉴权服务商）	2026-08-17T14:04:35.1972130Z Downloading addon (UBO): 18%
register	注册（免费无鉴权服务商）	2026-08-17T14:04:35.1972374Z Downloading addon (UBO): 18%
register	注册（免费无鉴权服务商）	2026-08-17T14:04:35.1972609Z Downloading addon (UBO): 18%
register	注册（免费无鉴权服务商）	2026-08-17T14:04:35.1972850Z Downloading addon (UBO): 18%
register	注册（免费无鉴权服务商）	2026-08-17T14:04:35.1997723Z Downloading addon (UBO): 18%
register	注册（免费无鉴权服务商）	2026-08-17T14:04:35.1998157Z Downloading addon (UBO): 18%
register	注册（免费无鉴权服务商）	2026-08-17T14:04:35.2000452Z Downloading addon (UBO): 19%
register	注册（免费无鉴权服务商）	2026-08-17T14:04:35.2000738Z Downloading addon (UBO): 19%
register	注册（免费无鉴权服务商）	2026-08-17T14:04:35.2001002Z Downloading addon (UBO): 19%
register	注册（免费无鉴权服务商）	2026-08-17T14:04:35.2001250Z Downloading addon (UBO): 19%
register	注册（免费无鉴权服务商）	2026-08-17T14:04:35.2001490Z Downloading addon (UBO): 19%
register	注册（免费无鉴权服务商）	2026-08-17T14:04:35.2001727Z Downloading addon (UBO): 19%
register	注册（免费无鉴权服务商）	2026-08-17T14:04:35.2011951Z Downloading addon (UBO): 20%
register	注册（免费无鉴权服务商）	2026-08-17T14:04:35.2012309Z Downloading addon (UBO): 20%
register	注册（免费无鉴权服务商）	2026-08-17T14:04:35.2013937Z Downloading addon (UBO): 20%
register	注册（免费无鉴权服务商）	2026-08-17T14:04:35.2014370Z Downloading addon (UBO): 20%
register	注册（免费无鉴权服务商）	2026-08-17T14:04:35.2014758Z Downloading addon (UBO): 20%
register	注册（免费无鉴权服务商）	2026-08-17T14:04:35.2015006Z Downloading addon (UBO): 20%
register	注册（免费无鉴权服务商）	2026-08-17T14:04:35.2028919Z Downloading addon (UBO): 21%
register	注册（免费无鉴权服务商）	2026-08-17T14:04:35.2029241Z Downloading addon (UBO): 21%
register	注册（免费无鉴权服务商）	2026-08-17T14:04:35.2031398Z Downloading addon (UBO): 21%
register	注册（免费无鉴权服务商）	2026-08-17T14:04:35.2031838Z Downloading addon (UBO): 21%
register	注册（免费无鉴权服务商）	2026-08-17T14:04:35.2032250Z Downloading addon (UBO): 21%
register	注册（免费无鉴权服务商）	2026-08-17T14:04:35.2032648Z Downloading addon (UBO): 22%
register	注册（免费无鉴权服务商）	2026-08-17T14:04:35.2032969Z Downloading addon (UBO): 22%
register	注册（免费无鉴权服务商）	2026-08-17T14:04:35.2033220Z Downloading addon (UBO): 22%
register	注册（免费无鉴权服务商）	2026-08-17T14:04:35.2061729Z Downloading addon (UBO): 22%
register	注册（免费无鉴权服务商）	2026-08-17T14:04:35.2062303Z Downloading addon (UBO): 22%
register	注册（免费无鉴权服务商）	2026-08-17T14:04:35.2062688Z Downloading addon (UBO): 22%
register	注册（免费无鉴权服务商）	2026-08-17T14:04:35.2063081Z Downloading addon (UBO): 23%
register	注册（免费无鉴权服务商）	2026-08-17T14:04:35.2083977Z Downloading addon (UBO): 23%
register	注册（免费无鉴权服务商）	2026-08-17T14:04:35.2084422Z Downloading addon (UBO): 23%
register	注册（免费无鉴权服务商）	2026-08-17T14:04:35.2100025Z Downloading addon (UBO): 23%
register	注册（免费无鉴权服务商）	2026-08-17T14:04:35.2100625Z Downloading addon (UBO): 23%
register	注册（免费无鉴权服务商）	2026-08-17T14:04:35.2103284Z Downloading addon (UBO): 23%
register	注册（免费无鉴权服务商）	2026-08-17T14:04:35.2103677Z Downloading addon (UBO): 24%
register	注册（免费无鉴权服务商）	2026-08-17T14:04:35.2105503Z Downloading addon (UBO): 24%
register	注册（免费无鉴权服务商）	2026-08-17T14:04:35.2105903Z Downloading addon (UBO): 24%
register	注册（免费无鉴权服务商）	2026-08-17T14:04:35.2106278Z Downloading addon (UBO): 24%
register	注册（免费无鉴权服务商）	2026-08-17T14:04:35.2106998Z Downloading addon (UBO): 24%
register	注册（免费无鉴权服务商）	2026-08-17T14:04:35.2107393Z Downloading addon (UBO): 25%
register	注册（免费无鉴权服务商）	2026-08-17T14:04:35.2107790Z Downloading addon (UBO): 25%
register	注册（免费无鉴权服务商）	2026-08-17T14:04:35.2108163Z Downloading addon (UBO): 25%
register	注册（免费无鉴权服务商）	2026-08-17T14:04:35.2108545Z Downloading addon (UBO): 25%
register	注册（免费无鉴权服务商）	2026-08-17T14:04:35.2108924Z Downloading addon (UBO): 25%
register	注册（免费无鉴权服务商）	2026-08-17T14:04:35.2110086Z Downloading addon (UBO): 25%
register	注册（免费无鉴权服务商）	2026-08-17T14:04:35.2110630Z Downloading addon (UBO): 26%
register	注册（免费无鉴权服务商）	2026-08-17T14:04:35.2111004Z Downloading addon (UBO): 26%
register	注册（免费无鉴权服务商）	2026-08-17T14:04:35.2111378Z Downloading addon (UBO): 26%
register	注册（免费无鉴权服务商）	2026-08-17T14:04:35.2111761Z Downloading addon (UBO): 26%
register	注册（免费无鉴权服务商）	2026-08-17T14:04:35.2128592Z Downloading addon (UBO): 26%
register	注册（免费无鉴权服务商）	2026-08-17T14:04:35.2129029Z Downloading addon (UBO): 26%
register	注册（免费无鉴权服务商）	2026-08-17T14:04:35.2130969Z Downloading addon (UBO): 27%
register	注册（免费无鉴权服务商）	2026-08-17T14:04:35.2131386Z Downloading addon (UBO): 27%
register	注册（免费无鉴权服务商）	2026-08-17T14:04:35.2131773Z Downloading addon (UBO): 27%
register	注册（免费无鉴权服务商）	2026-08-17T14:04:35.2132144Z Downloading addon (UBO): 27%
register	注册（免费无鉴权服务商）	2026-08-17T14:04:35.2132515Z Downloading addon (UBO): 27%
register	注册（免费无鉴权服务商）	2026-08-17T14:04:35.2132905Z Downloading addon (UBO): 27%
register	注册（免费无鉴权服务商）	2026-08-17T14:04:35.2133590Z Downloading addon (UBO): 28%
register	注册（免费无鉴权服务商）	2026-08-17T14:04:35.2133976Z Downloading addon (UBO): 28%
register	注册（免费无鉴权服务商）	2026-08-17T14:04:35.2135829Z Downloading addon (UBO): 28%
register	注册（免费无鉴权服务商）	2026-08-17T14:04:35.2136444Z Downloading addon (UBO): 28%
register	注册（免费无鉴权服务商）	2026-08-17T14:04:35.2136827Z Downloading addon (UBO): 28%
register	注册（免费无鉴权服务商）	2026-08-17T14:04:35.2137201Z Downloading addon (UBO): 29%
register	注册（免费无鉴权服务商）	2026-08-17T14:04:35.2137579Z Downloading addon (UBO): 29%
register	注册（免费无鉴权服务商）	2026-08-17T14:04:35.2137954Z Downloading addon (UBO): 29%
register	注册（免费无鉴权服务商）	2026-08-17T14:04:35.2143197Z Downloading addon (UBO): 29%
register	注册（免费无鉴权服务商）	2026-08-17T14:04:35.2143630Z Downloading addon (UBO): 29%
register	注册（免费无鉴权服务商）	2026-08-17T14:04:35.2148392Z Downloading addon (UBO): 29%
register	注册（免费无鉴权服务商）	2026-08-17T14:04:35.2149009Z Downloading addon (UBO): 30%
register	注册（免费无鉴权服务商）	2026-08-17T14:04:35.2149772Z Downloading addon (UBO): 30%
register	注册（免费无鉴权服务商）	2026-08-17T14:04:35.2150536Z Downloading addon (UBO): 30%
register	注册（免费无鉴权服务商）	2026-08-17T14:04:35.2151107Z Downloading addon (UBO): 30%
register	注册（免费无鉴权服务商）	2026-08-17T14:04:35.2151713Z Downloading addon (UBO): 30%
register	注册（免费无鉴权服务商）	2026-08-17T14:04:35.2152220Z Downloading addon (UBO): 30%
register	注册（免费无鉴权服务商）	2026-08-17T14:04:35.2152882Z Downloading addon (UBO): 31%
register	注册（免费无鉴权服务商）	2026-08-17T14:04:35.2153395Z Downloading addon (UBO): 31%
register	注册（免费无鉴权服务商）	2026-08-17T14:04:35.2154035Z Downloading addon (UBO): 31%
register	注册（免费无鉴权服务商）	2026-08-17T14:04:35.2154569Z Downloading addon (UBO): 31%
register	注册（免费无鉴权服务商）	2026-08-17T14:04:35.2222200Z Downloading addon (UBO): 31%
register	注册（免费无鉴权服务商）	2026-08-17T14:04:35.2222684Z Downloading addon (UBO): 32%
register	注册（免费无鉴权服务商）	2026-08-17T14:04:35.2223088Z Downloading addon (UBO): 32%
register	注册（免费无鉴权服务商）	2026-08-17T14:04:35.2223521Z Downloading addon (UBO): 32%
register	注册（免费无鉴权服务商）	2026-08-17T14:04:35.2223914Z Downloading addon (UBO): 32%
register	注册（免费无鉴权服务商）	2026-08-17T14:04:35.2224330Z Downloading addon (UBO): 32%
register	注册（免费无鉴权服务商）	2026-08-17T14:04:35.2224712Z Downloading addon (UBO): 32%
register	注册（免费无鉴权服务商）	2026-08-17T14:04:35.2225088Z Downloading addon (UBO): 33%
register	注册（免费无鉴权服务商）	2026-08-17T14:04:35.2225481Z Downloading addon (UBO): 33%
register	注册（免费无鉴权服务商）	2026-08-17T14:04:35.2225867Z Downloading addon (UBO): 33%
register	注册（免费无鉴权服务商）	2026-08-17T14:04:35.2226238Z Downloading addon (UBO): 33%
register	注册（免费无鉴权服务商）	2026-08-17T14:04:35.2226608Z Downloading addon (UBO): 33%
register	注册（免费无鉴权服务商）	2026-08-17T14:04:35.2226974Z Downloading addon (UBO): 33%
register	注册（免费无鉴权服务商）	2026-08-17T14:04:35.2227363Z Downloading addon (UBO): 34%
register	注册（免费无鉴权服务商）	2026-08-17T14:04:35.2227757Z Downloading addon (UBO): 34%
register	注册（免费无鉴权服务商）	2026-08-17T14:04:35.2228135Z Downloading addon (UBO): 34%
register	注册（免费无鉴权服务商）	2026-08-17T14:04:35.2228515Z Downloading addon (UBO): 34%
register	注册（免费无鉴权服务商）	2026-08-17T14:04:35.2228890Z Downloading addon (UBO): 34%
register	注册（免费无鉴权服务商）	2026-08-17T14:04:35.2229267Z Downloading addon (UBO): 34%
register	注册（免费无鉴权服务商）	2026-08-17T14:04:35.2231956Z Downloading addon (UBO): 35%
register	注册（免费无鉴权服务商）	2026-08-17T14:04:35.2232382Z Downloading addon (UBO): 35%
register	注册（免费无鉴权服务商）	2026-08-17T14:04:35.2238272Z Downloading addon (UBO): 35%
register	注册（免费无鉴权服务商）	2026-08-17T14:04:35.2238766Z Downloading addon (UBO): 35%
register	注册（免费无鉴权服务商）	2026-08-17T14:04:35.2239181Z Downloading addon (UBO): 35%
register	注册（免费无鉴权服务商）	2026-08-17T14:04:35.2239561Z Downloading addon (UBO): 36%
register	注册（免费无鉴权服务商）	2026-08-17T14:04:35.2239946Z Downloading addon (UBO): 36%
register	注册（免费无鉴权服务商）	2026-08-17T14:04:35.2240804Z Downloading addon (UBO): 36%
register	注册（免费无鉴权服务商）	2026-08-17T14:04:35.2241204Z Downloading addon (UBO): 36%
register	注册（免费无鉴权服务商）	2026-08-17T14:04:35.2241601Z Downloading addon (UBO): 36%
register	注册（免费无鉴权服务商）	2026-08-17T14:04:35.2259455Z Downloading addon (UBO): 36%
register	注册（免费无鉴权服务商）	2026-08-17T14:04:35.2259886Z Downloading addon (UBO): 37%
register	注册（免费无鉴权服务商）	2026-08-17T14:04:35.2260866Z Downloading addon (UBO): 37%
register	注册（免费无鉴权服务商）	2026-08-17T14:04:35.2261492Z Downloading addon (UBO): 37%
register	注册（免费无鉴权服务商）	2026-08-17T14:04:35.2261876Z Downloading addon (UBO): 37%
register	注册（免费无鉴权服务商）	2026-08-17T14:04:35.2262253Z Downloading addon (UBO): 37%
register	注册（免费无鉴权服务商）	2026-08-17T14:04:35.2262632Z Downloading addon (UBO): 37%
register	注册（免费无鉴权服务商）	2026-08-17T14:04:35.2263013Z Downloading addon (UBO): 38%
register	注册（免费无鉴权服务商）	2026-08-17T14:04:35.2265499Z Downloading addon (UBO): 38%
register	注册（免费无鉴权服务商）	2026-08-17T14:04:35.2265920Z Downloading addon (UBO): 38%
register	注册（免费无鉴权服务商）	2026-08-17T14:04:35.2268749Z Downloading addon (UBO): 38%
register	注册（免费无鉴权服务商）	2026-08-17T14:04:35.2269174Z Downloading addon (UBO): 38%
register	注册（免费无鉴权服务商）	2026-08-17T14:04:35.2269542Z Downloading addon (UBO): 39%
register	注册（免费无鉴权服务商）	2026-08-17T14:04:35.2269915Z Downloading addon (UBO): 39%
register	注册（免费无鉴权服务商）	2026-08-17T14:04:35.2270521Z Downloading addon (UBO): 39%
register	注册（免费无鉴权服务商）	2026-08-17T14:04:35.2270910Z Downloading addon (UBO): 39%
register	注册（免费无鉴权服务商）	2026-08-17T14:04:35.2274151Z Downloading addon (UBO): 39%
register	注册（免费无鉴权服务商）	2026-08-17T14:04:35.2274547Z Downloading addon (UBO): 39%
register	注册（免费无鉴权服务商）	2026-08-17T14:04:35.2274919Z Downloading addon (UBO): 40%
register	注册（免费无鉴权服务商）	2026-08-17T14:04:35.2275327Z Downloading addon (UBO): 40%
register	注册（免费无鉴权服务商）	2026-08-17T14:04:35.2275701Z Downloading addon (UBO): 40%
register	注册（免费无鉴权服务商）	2026-08-17T14:04:35.2276079Z Downloading addon (UBO): 40%
register	注册（免费无鉴权服务商）	2026-08-17T14:04:35.2276456Z Downloading addon (UBO): 40%
register	注册（免费无鉴权服务商）	2026-08-17T14:04:35.2276841Z Downloading addon (UBO): 40%
register	注册（免费无鉴权服务商）	2026-08-17T14:04:35.2278984Z Downloading addon (UBO): 41%
register	注册（免费无鉴权服务商）	2026-08-17T14:04:35.2279375Z Downloading addon (UBO): 41%
register	注册（免费无鉴权服务商）	2026-08-17T14:04:35.2280999Z Downloading addon (UBO): 41%
register	注册（免费无鉴权服务商）	2026-08-17T14:04:35.2281389Z Downloading addon (UBO): 41%
register	注册（免费无鉴权服务商）	2026-08-17T14:04:35.2281788Z Downloading addon (UBO): 41%
register	注册（免费无鉴权服务商）	2026-08-17T14:04:35.2282167Z Downloading addon (UBO): 41%
register	注册（免费无鉴权服务商）	2026-08-17T14:04:35.2282544Z Downloading addon (UBO): 42%
register	注册（免费无鉴权服务商）	2026-08-17T14:04:35.2282914Z Downloading addon (UBO): 42%
register	注册（免费无鉴权服务商）	2026-08-17T14:04:35.2293021Z Downloading addon (UBO): 42%
register	注册（免费无鉴权服务商）	2026-08-17T14:04:35.2293936Z Downloading addon (UBO): 42%
register	注册（免费无鉴权服务商）	2026-08-17T14:04:35.2295278Z Downloading addon (UBO): 42%
register	注册（免费无鉴权服务商）	2026-08-17T14:04:35.2295986Z Downloading addon (UBO): 43%
register	注册（免费无鉴权服务商）	2026-08-17T14:04:35.2296361Z Downloading addon (UBO): 43%
register	注册（免费无鉴权服务商）	2026-08-17T14:04:35.2296726Z Downloading addon (UBO): 43%
register	注册（免费无鉴权服务商）	2026-08-17T14:04:35.2297396Z Downloading addon (UBO): 43%
register	注册（免费无鉴权服务商）	2026-08-17T14:04:35.2297789Z Downloading addon (UBO): 43%
register	注册（免费无鉴权服务商）	2026-08-17T14:04:35.2298363Z Downloading addon (UBO): 43%
register	注册（免费无鉴权服务商）	2026-08-17T14:04:35.2298758Z Downloading addon (UBO): 44%
register	注册（免费无鉴权服务商）	2026-08-17T14:04:35.2299196Z Downloading addon (UBO): 44%
register	注册（免费无鉴权服务商）	2026-08-17T14:04:35.2299562Z Downloading addon (UBO): 44%
register	注册（免费无鉴权服务商）	2026-08-17T14:04:35.2300156Z Downloading addon (UBO): 44%
register	注册（免费无鉴权服务商）	2026-08-17T14:04:35.2300761Z Downloading addon (UBO): 44%
register	注册（免费无鉴权服务商）	2026-08-17T14:04:35.2301304Z Downloading addon (UBO): 44%
register	注册（免费无鉴权服务商）	2026-08-17T14:04:35.2301658Z Downloading addon (UBO): 45%
register	注册（免费无鉴权服务商）	2026-08-17T14:04:35.2325184Z Downloading addon (UBO): 45%
register	注册（免费无鉴权服务商）	2026-08-17T14:04:35.2325516Z Downloading addon (UBO): 45%
register	注册（免费无鉴权服务商）	2026-08-17T14:04:35.2325946Z Downloading addon (UBO): 45%
register	注册（免费无鉴权服务商）	2026-08-17T14:04:35.2326216Z Downloading addon (UBO): 45%
register	注册（免费无鉴权服务商）	2026-08-17T14:04:35.2347952Z Downloading addon (UBO): 46%
register	注册（免费无鉴权服务商）	2026-08-17T14:04:35.2348294Z Downloading addon (UBO): 46%
register	注册（免费无鉴权服务商）	2026-08-17T14:04:35.2348731Z Downloading addon (UBO): 46%
register	注册（免费无鉴权服务商）	2026-08-17T14:04:35.2349053Z Downloading addon (UBO): 46%
register	注册（免费无鉴权服务商）	2026-08-17T14:04:35.2349447Z Downloading addon (UBO): 46%
register	注册（免费无鉴权服务商）	2026-08-17T14:04:35.2349765Z Downloading addon (UBO): 46%
register	注册（免费无鉴权服务商）	2026-08-17T14:04:35.2350148Z Downloading addon (UBO): 47%
register	注册（免费无鉴权服务商）	2026-08-17T14:04:35.2350744Z Downloading addon (UBO): 47%
register	注册（免费无鉴权服务商）	2026-08-17T14:04:35.2351059Z Downloading addon (UBO): 47%
register	注册（免费无鉴权服务商）	2026-08-17T14:04:35.2351492Z Downloading addon (UBO): 47%
register	注册（免费无鉴权服务商）	2026-08-17T14:04:35.2351729Z Downloading addon (UBO): 47%
register	注册（免费无鉴权服务商）	2026-08-17T14:04:35.2351955Z Downloading addon (UBO): 47%
register	注册（免费无鉴权服务商）	2026-08-17T14:04:35.2362482Z Downloading addon (UBO): 48%
register	注册（免费无鉴权服务商）	2026-08-17T14:04:35.2362833Z Downloading addon (UBO): 48%
register	注册（免费无鉴权服务商）	2026-08-17T14:04:35.2363250Z Downloading addon (UBO): 48%
register	注册（免费无鉴权服务商）	2026-08-17T14:04:35.2363486Z Downloading addon (UBO): 48%
register	注册（免费无鉴权服务商）	2026-08-17T14:04:35.2365036Z Downloading addon (UBO): 48%
register	注册（免费无鉴权服务商）	2026-08-17T14:04:35.2365439Z Downloading addon (UBO): 48%
register	注册（免费无鉴权服务商）	2026-08-17T14:04:35.2365783Z Downloading addon (UBO): 49%
register	注册（免费无鉴权服务商）	2026-08-17T14:04:35.2366015Z Downloading addon (UBO): 49%
register	注册（免费无鉴权服务商）	2026-08-17T14:04:35.2372828Z Downloading addon (UBO): 49%
register	注册（免费无鉴权服务商）	2026-08-17T14:04:35.2373216Z Downloading addon (UBO): 49%
register	注册（免费无鉴权服务商）	2026-08-17T14:04:35.2373617Z Downloading addon (UBO): 49%
register	注册（免费无鉴权服务商）	2026-08-17T14:04:35.2373886Z Downloading addon (UBO): 50%
register	注册（免费无鉴权服务商）	2026-08-17T14:04:35.2374281Z Downloading addon (UBO): 50%
register	注册（免费无鉴权服务商）	2026-08-17T14:04:35.2374721Z Downloading addon (UBO): 50%
register	注册（免费无鉴权服务商）	2026-08-17T14:04:35.2375090Z Downloading addon (UBO): 50%
register	注册（免费无鉴权服务商）	2026-08-17T14:04:35.2375327Z Downloading addon (UBO): 50%
register	注册（免费无鉴权服务商）	2026-08-17T14:04:35.2375764Z Downloading addon (UBO): 50%
register	注册（免费无鉴权服务商）	2026-08-17T14:04:35.2376081Z Downloading addon (UBO): 51%
register	注册（免费无鉴权服务商）	2026-08-17T14:04:35.2376504Z Downloading addon (UBO): 51%
register	注册（免费无鉴权服务商）	2026-08-17T14:04:35.2376906Z Downloading addon (UBO): 51%
register	注册（免费无鉴权服务商）	2026-08-17T14:04:35.2377266Z Downloading addon (UBO): 51%
register	注册（免费无鉴权服务商）	2026-08-17T14:04:35.2377653Z Downloading addon (UBO): 51%
register	注册（免费无鉴权服务商）	2026-08-17T14:04:35.2378034Z Downloading addon (UBO): 51%
register	注册（免费无鉴权服务商）	2026-08-17T14:04:35.2378339Z Downloading addon (UBO): 52%
register	注册（免费无鉴权服务商）	2026-08-17T14:04:35.2378735Z Downloading addon (UBO): 52%
register	注册（免费无鉴权服务商）	2026-08-17T14:04:35.2379072Z Downloading addon (UBO): 52%
register	注册（免费无鉴权服务商）	2026-08-17T14:04:35.2379488Z Downloading addon (UBO): 52%
register	注册（免费无鉴权服务商）	2026-08-17T14:04:35.2379810Z Downloading addon (UBO): 52%
register	注册（免费无鉴权服务商）	2026-08-17T14:04:35.2380165Z Downloading addon (UBO): 53%
register	注册（免费无鉴权服务商）	2026-08-17T14:04:35.2380623Z Downloading addon (UBO): 53%
register	注册（免费无鉴权服务商）	2026-08-17T14:04:35.2381043Z Downloading addon (UBO): 53%
register	注册（免费无鉴权服务商）	2026-08-17T14:04:35.2381276Z Downloading addon (UBO): 53%
register	注册（免费无鉴权服务商）	2026-08-17T14:04:35.2389667Z Downloading addon (UBO): 53%
register	注册（免费无鉴权服务商）	2026-08-17T14:04:35.2389982Z Downloading addon (UBO): 53%
register	注册（免费无鉴权服务商）	2026-08-17T14:04:35.2391746Z Downloading addon (UBO): 54%
register	注册（免费无鉴权服务商）	2026-08-17T14:04:35.2392059Z Downloading addon (UBO): 54%
register	注册（免费无鉴权服务商）	2026-08-17T14:04:35.2392500Z Downloading addon (UBO): 54%
register	注册（免费无鉴权服务商）	2026-08-17T14:04:35.2392882Z Downloading addon (UBO): 54%
register	注册（免费无鉴权服务商）	2026-08-17T14:04:35.2393282Z Downloading addon (UBO): 54%
register	注册（免费无鉴权服务商）	2026-08-17T14:04:35.2393518Z Downloading addon (UBO): 54%
register	注册（免费无鉴权服务商）	2026-08-17T14:04:35.2393941Z Downloading addon (UBO): 55%
register	注册（免费无鉴权服务商）	2026-08-17T14:04:35.2394222Z Downloading addon (UBO): 55%
register	注册（免费无鉴权服务商）	2026-08-17T14:04:35.2394664Z Downloading addon (UBO): 55%
register	注册（免费无鉴权服务商）	2026-08-17T14:04:35.2395000Z Downloading addon (UBO): 55%
register	注册（免费无鉴权服务商）	2026-08-17T14:04:35.2395588Z Downloading addon (UBO): 55%
register	注册（免费无鉴权服务商）	2026-08-17T14:04:35.2396064Z Downloading addon (UBO): 55%
register	注册（免费无鉴权服务商）	2026-08-17T14:04:35.2396486Z Downloading addon (UBO): 56%
register	注册（免费无鉴权服务商）	2026-08-17T14:04:35.2396909Z Downloading addon (UBO): 56%
register	注册（免费无鉴权服务商）	2026-08-17T14:04:35.2397310Z Downloading addon (UBO): 56%
register	注册（免费无鉴权服务商）	2026-08-17T14:04:35.2397692Z Downloading addon (UBO): 56%
register	注册（免费无鉴权服务商）	2026-08-17T14:04:35.2398106Z Downloading addon (UBO): 56%
register	注册（免费无鉴权服务商）	2026-08-17T14:04:35.2398517Z Downloading addon (UBO): 57%
register	注册（免费无鉴权服务商）	2026-08-17T14:04:35.2398894Z Downloading addon (UBO): 57%
register	注册（免费无鉴权服务商）	2026-08-17T14:04:35.2399373Z Downloading addon (UBO): 57%
register	注册（免费无鉴权服务商）	2026-08-17T14:04:35.2399754Z Downloading addon (UBO): 57%
register	注册（免费无鉴权服务商）	2026-08-17T14:04:35.2400173Z Downloading addon (UBO): 57%
register	注册（免费无鉴权服务商）	2026-08-17T14:04:35.2400720Z Downloading addon (UBO): 57%
register	注册（免费无鉴权服务商）	2026-08-17T14:04:35.2401106Z Downloading addon (UBO): 58%
register	注册（免费无鉴权服务商）	2026-08-17T14:04:35.2401492Z Downloading addon (UBO): 58%
register	注册（免费无鉴权服务商）	2026-08-17T14:04:35.2401897Z Downloading addon (UBO): 58%
register	注册（免费无鉴权服务商）	2026-08-17T14:04:35.2402283Z Downloading addon (UBO): 58%
register	注册（免费无鉴权服务商）	2026-08-17T14:04:35.2402675Z Downloading addon (UBO): 58%
register	注册（免费无鉴权服务商）	2026-08-17T14:04:35.2403064Z Downloading addon (UBO): 58%
register	注册（免费无鉴权服务商）	2026-08-17T14:04:35.2403461Z Downloading addon (UBO): 59%
register	注册（免费无鉴权服务商）	2026-08-17T14:04:35.2403853Z Downloading addon (UBO): 59%
register	注册（免费无鉴权服务商）	2026-08-17T14:04:35.2404246Z Downloading addon (UBO): 59%
register	注册（免费无鉴权服务商）	2026-08-17T14:04:35.2404640Z Downloading addon (UBO): 59%
register	注册（免费无鉴权服务商）	2026-08-17T14:04:35.2405028Z Downloading addon (UBO): 59%
register	注册（免费无鉴权服务商）	2026-08-17T14:04:35.2405421Z Downloading addon (UBO): 60%
register	注册（免费无鉴权服务商）	2026-08-17T14:04:35.2405811Z Downloading addon (UBO): 60%
register	注册（免费无鉴权服务商）	2026-08-17T14:04:35.2406197Z Downloading addon (UBO): 60%
register	注册（免费无鉴权服务商）	2026-08-17T14:04:35.2406588Z Downloading addon (UBO): 60%
register	注册（免费无鉴权服务商）	2026-08-17T14:04:35.2406984Z Downloading addon (UBO): 60%
register	注册（免费无鉴权服务商）	2026-08-17T14:04:35.2407362Z Downloading addon (UBO): 60%
register	注册（免费无鉴权服务商）	2026-08-17T14:04:35.2407643Z Downloading addon (UBO): 61%
register	注册（免费无鉴权服务商）	2026-08-17T14:04:35.2407889Z Downloading addon (UBO): 61%
register	注册（免费无鉴权服务商）	2026-08-17T14:04:35.2408126Z Downloading addon (UBO): 61%
register	注册（免费无鉴权服务商）	2026-08-17T14:04:35.2408420Z Downloading addon (UBO): 61%
register	注册（免费无鉴权服务商）	2026-08-17T14:04:35.2411365Z Downloading addon (UBO): 61%
register	注册（免费无鉴权服务商）	2026-08-17T14:04:35.2412081Z Downloading addon (UBO): 61%
register	注册（免费无鉴权服务商）	2026-08-17T14:04:35.2412488Z Downloading addon (UBO): 62%
register	注册（免费无鉴权服务商）	2026-08-17T14:04:35.2412890Z Downloading addon (UBO): 62%
register	注册（免费无鉴权服务商）	2026-08-17T14:04:35.2413275Z Downloading addon (UBO): 62%
register	注册（免费无鉴权服务商）	2026-08-17T14:04:35.2413679Z Downloading addon (UBO): 62%
register	注册（免费无鉴权服务商）	2026-08-17T14:04:35.2414072Z Downloading addon (UBO): 62%
register	注册（免费无鉴权服务商）	2026-08-17T14:04:35.2414492Z Downloading addon (UBO): 62%
register	注册（免费无鉴权服务商）	2026-08-17T14:04:35.2425268Z Downloading addon (UBO): 63%
register	注册（免费无鉴权服务商）	2026-08-17T14:04:35.2425691Z Downloading addon (UBO): 63%
register	注册（免费无鉴权服务商）	2026-08-17T14:04:35.2427456Z Downloading addon (UBO): 63%
register	注册（免费无鉴权服务商）	2026-08-17T14:04:35.2427794Z Downloading addon (UBO): 63%
register	注册（免费无鉴权服务商）	2026-08-17T14:04:35.2428037Z Downloading addon (UBO): 63%
register	注册（免费无鉴权服务商）	2026-08-17T14:04:35.2428278Z Downloading addon (UBO): 64%
register	注册（免费无鉴权服务商）	2026-08-17T14:04:35.2428513Z Downloading addon (UBO): 64%
register	注册（免费无鉴权服务商）	2026-08-17T14:04:35.2428746Z Downloading addon (UBO): 64%
register	注册（免费无鉴权服务商）	2026-08-17T14:04:35.2456755Z Downloading addon (UBO): 64%
register	注册（免费无鉴权服务商）	2026-08-17T14:04:35.2457564Z Downloading addon (UBO): 64%
register	注册（免费无鉴权服务商）	2026-08-17T14:04:35.2457943Z Downloading addon (UBO): 64%
register	注册（免费无鉴权服务商）	2026-08-17T14:04:35.2458335Z Downloading addon (UBO): 65%
register	注册（免费无鉴权服务商）	2026-08-17T14:04:35.2458709Z Downloading addon (UBO): 65%
register	注册（免费无鉴权服务商）	2026-08-17T14:04:35.2459067Z Downloading addon (UBO): 65%
register	注册（免费无鉴权服务商）	2026-08-17T14:04:35.2459429Z Downloading addon (UBO): 65%
register	注册（免费无鉴权服务商）	2026-08-17T14:04:35.2460018Z Downloading addon (UBO): 65%
register	注册（免费无鉴权服务商）	2026-08-17T14:04:35.2460554Z Downloading addon (UBO): 65%
register	注册（免费无鉴权服务商）	2026-08-17T14:04:35.2460930Z Downloading addon (UBO): 66%
register	注册（免费无鉴权服务商）	2026-08-17T14:04:35.2461298Z Downloading addon (UBO): 66%
register	注册（免费无鉴权服务商）	2026-08-17T14:04:35.2461658Z Downloading addon (UBO): 66%
register	注册（免费无鉴权服务商）	2026-08-17T14:04:35.2462022Z Downloading addon (UBO): 66%
register	注册（免费无鉴权服务商）	2026-08-17T14:04:35.2462389Z Downloading addon (UBO): 66%
register	注册（免费无鉴权服务商）	2026-08-17T14:04:35.2475864Z Downloading addon (UBO): 67%
register	注册（免费无鉴权服务商）	2026-08-17T14:04:35.2476260Z Downloading addon (UBO): 67%
register	注册（免费无鉴权服务商）	2026-08-17T14:04:35.2476644Z Downloading addon (UBO): 67%
register	注册（免费无鉴权服务商）	2026-08-17T14:04:35.2477006Z Downloading addon (UBO): 67%
register	注册（免费无鉴权服务商）	2026-08-17T14:04:35.2477365Z Downloading addon (UBO): 67%
register	注册（免费无鉴权服务商）	2026-08-17T14:04:35.2477721Z Downloading addon (UBO): 67%
register	注册（免费无鉴权服务商）	2026-08-17T14:04:35.2478093Z Downloading addon (UBO): 68%
register	注册（免费无鉴权服务商）	2026-08-17T14:04:35.2478457Z Downloading addon (UBO): 68%
register	注册（免费无鉴权服务商）	2026-08-17T14:04:35.2493917Z Downloading addon (UBO): 68%
register	注册（免费无鉴权服务商）	2026-08-17T14:04:35.2494298Z Downloading addon (UBO): 68%
register	注册（免费无鉴权服务商）	2026-08-17T14:04:35.2495448Z Downloading addon (UBO): 68%
register	注册（免费无鉴权服务商）	2026-08-17T14:04:35.2495842Z Downloading addon (UBO): 68%
register	注册（免费无鉴权服务商）	2026-08-17T14:04:35.2496221Z Downloading addon (UBO): 69%
register	注册（免费无鉴权服务商）	2026-08-17T14:04:35.2496595Z Downloading addon (UBO): 69%
register	注册（免费无鉴权服务商）	2026-08-17T14:04:35.2496960Z Downloading addon (UBO): 69%
register	注册（免费无鉴权服务商）	2026-08-17T14:04:35.2497326Z Downloading addon (UBO): 69%
register	注册（免费无鉴权服务商）	2026-08-17T14:04:35.2497683Z Downloading addon (UBO): 69%
register	注册（免费无鉴权服务商）	2026-08-17T14:04:35.2498038Z Downloading addon (UBO): 70%
register	注册（免费无鉴权服务商）	2026-08-17T14:04:35.2498397Z Downloading addon (UBO): 70%
register	注册（免费无鉴权服务商）	2026-08-17T14:04:35.2498770Z Downloading addon (UBO): 70%
register	注册（免费无鉴权服务商）	2026-08-17T14:04:35.2499124Z Downloading addon (UBO): 70%
register	注册（免费无鉴权服务商）	2026-08-17T14:04:35.2499479Z Downloading addon (UBO): 70%
register	注册（免费无鉴权服务商）	2026-08-17T14:04:35.2499847Z Downloading addon (UBO): 70%
register	注册（免费无鉴权服务商）	2026-08-17T14:04:35.2500094Z Downloading addon (UBO): 71%
register	注册（免费无鉴权服务商）	2026-08-17T14:04:35.2505219Z Downloading addon (UBO): 71%
register	注册（免费无鉴权服务商）	2026-08-17T14:04:35.2505766Z Downloading addon (UBO): 71%
register	注册（免费无鉴权服务商）	2026-08-17T14:04:35.2506127Z Downloading addon (UBO): 71%
register	注册（免费无鉴权服务商）	2026-08-17T14:04:35.2506488Z Downloading addon (UBO): 71%
register	注册（免费无鉴权服务商）	2026-08-17T14:04:35.2506864Z Downloading addon (UBO): 71%
register	注册（免费无鉴权服务商）	2026-08-17T14:04:35.2507226Z Downloading addon (UBO): 72%
register	注册（免费无鉴权服务商）	2026-08-17T14:04:35.2507597Z Downloading addon (UBO): 72%
register	注册（免费无鉴权服务商）	2026-08-17T14:04:35.2507953Z Downloading addon (UBO): 72%
register	注册（免费无鉴权服务商）	2026-08-17T14:04:35.2510070Z Downloading addon (UBO): 72%
register	注册（免费无鉴权服务商）	2026-08-17T14:04:35.2510580Z Downloading addon (UBO): 72%
register	注册（免费无鉴权服务商）	2026-08-17T14:04:35.2510942Z Downloading addon (UBO): 72%
register	注册（免费无鉴权服务商）	2026-08-17T14:04:35.2511302Z Downloading addon (UBO): 73%
register	注册（免费无鉴权服务商）	2026-08-17T14:04:35.2511660Z Downloading addon (UBO): 73%
register	注册（免费无鉴权服务商）	2026-08-17T14:04:35.2512034Z Downloading addon (UBO): 73%
register	注册（免费无鉴权服务商）	2026-08-17T14:04:35.2512396Z Downloading addon (UBO): 73%
register	注册（免费无鉴权服务商）	2026-08-17T14:04:35.2512746Z Downloading addon (UBO): 73%
register	注册（免费无鉴权服务商）	2026-08-17T14:04:35.2522520Z Downloading addon (UBO): 74%
register	注册（免费无鉴权服务商）	2026-08-17T14:04:35.2522891Z Downloading addon (UBO): 74%
register	注册（免费无鉴权服务商）	2026-08-17T14:04:35.2523472Z Downloading addon (UBO): 74%
register	注册（免费无鉴权服务商）	2026-08-17T14:04:35.2523834Z Downloading addon (UBO): 74%
register	注册（免费无鉴权服务商）	2026-08-17T14:04:35.2524192Z Downloading addon (UBO): 74%
register	注册（免费无鉴权服务商）	2026-08-17T14:04:35.2524557Z Downloading addon (UBO): 74%
register	注册（免费无鉴权服务商）	2026-08-17T14:04:35.2524945Z Downloading addon (UBO): 75%
register	注册（免费无鉴权服务商）	2026-08-17T14:04:35.2525300Z Downloading addon (UBO): 75%
register	注册（免费无鉴权服务商）	2026-08-17T14:04:35.2525666Z Downloading addon (UBO): 75%
register	注册（免费无鉴权服务商）	2026-08-17T14:04:35.2526043Z Downloading addon (UBO): 75%
register	注册（免费无鉴权服务商）	2026-08-17T14:04:35.2526413Z Downloading addon (UBO): 75%
register	注册（免费无鉴权服务商）	2026-08-17T14:04:35.2526779Z Downloading addon (UBO): 75%
register	注册（免费无鉴权服务商）	2026-08-17T14:04:35.2527137Z Downloading addon (UBO): 76%
register	注册（免费无鉴权服务商）	2026-08-17T14:04:35.2527490Z Downloading addon (UBO): 76%
register	注册（免费无鉴权服务商）	2026-08-17T14:04:35.2527850Z Downloading addon (UBO): 76%
register	注册（免费无鉴权服务商）	2026-08-17T14:04:35.2528202Z Downloading addon (UBO): 76%
register	注册（免费无鉴权服务商）	2026-08-17T14:04:35.2528583Z Downloading addon (UBO): 76%
register	注册（免费无鉴权服务商）	2026-08-17T14:04:35.2528952Z Downloading addon (UBO): 77%
register	注册（免费无鉴权服务商）	2026-08-17T14:04:35.2529313Z Downloading addon (UBO): 77%
register	注册（免费无鉴权服务商）	2026-08-17T14:04:35.2529662Z Downloading addon (UBO): 77%
register	注册（免费无鉴权服务商）	2026-08-17T14:04:35.2530095Z Downloading addon (UBO): 77%
register	注册（免费无鉴权服务商）	2026-08-17T14:04:35.2530604Z Downloading addon (UBO): 77%
register	注册（免费无鉴权服务商）	2026-08-17T14:04:35.2530955Z Downloading addon (UBO): 77%
register	注册（免费无鉴权服务商）	2026-08-17T14:04:35.2531321Z Downloading addon (UBO): 78%
register	注册（免费无鉴权服务商）	2026-08-17T14:04:35.2531902Z Downloading addon (UBO): 78%
register	注册（免费无鉴权服务商）	2026-08-17T14:04:35.2532262Z Downloading addon (UBO): 78%
register	注册（免费无鉴权服务商）	2026-08-17T14:04:35.2532627Z Downloading addon (UBO): 78%
register	注册（免费无鉴权服务商）	2026-08-17T14:04:35.2532988Z Downloading addon (UBO): 78%
register	注册（免费无鉴权服务商）	2026-08-17T14:04:35.2533315Z Downloading addon (UBO): 78%
register	注册（免费无鉴权服务商）	2026-08-17T14:04:35.2533550Z Downloading addon (UBO): 79%
register	注册（免费无鉴权服务商）	2026-08-17T14:04:35.2536229Z Downloading addon (UBO): 79%
register	注册（免费无鉴权服务商）	2026-08-17T14:04:35.2536608Z Downloading addon (UBO): 79%
register	注册（免费无鉴权服务商）	2026-08-17T14:04:35.2538536Z Downloading addon (UBO): 79%
register	注册（免费无鉴权服务商）	2026-08-17T14:04:35.2538903Z Downloading addon (UBO): 79%
register	注册（免费无鉴权服务商）	2026-08-17T14:04:35.2539266Z Downloading addon (UBO): 79%
register	注册（免费无鉴权服务商）	2026-08-17T14:04:35.2539621Z Downloading addon (UBO): 80%
register	注册（免费无鉴权服务商）	2026-08-17T14:04:35.2539989Z Downloading addon (UBO): 80%
register	注册（免费无鉴权服务商）	2026-08-17T14:04:35.2540498Z Downloading addon (UBO): 80%
register	注册（免费无鉴权服务商）	2026-08-17T14:04:35.2540859Z Downloading addon (UBO): 80%
register	注册（免费无鉴权服务商）	2026-08-17T14:04:35.2541233Z Downloading addon (UBO): 80%
register	注册（免费无鉴权服务商）	2026-08-17T14:04:35.2541608Z Downloading addon (UBO): 81%
register	注册（免费无鉴权服务商）	2026-08-17T14:04:35.2541981Z Downloading addon (UBO): 81%
register	注册（免费无鉴权服务商）	2026-08-17T14:04:35.2542337Z Downloading addon (UBO): 81%
register	注册（免费无鉴权服务商）	2026-08-17T14:04:35.2542702Z Downloading addon (UBO): 81%
register	注册（免费无鉴权服务商）	2026-08-17T14:04:35.2543077Z Downloading addon (UBO): 81%
register	注册（免费无鉴权服务商）	2026-08-17T14:04:35.2543433Z Downloading addon (UBO): 81%
register	注册（免费无鉴权服务商）	2026-08-17T14:04:35.2543793Z Downloading addon (UBO): 82%
register	注册（免费无鉴权服务商）	2026-08-17T14:04:35.2544148Z Downloading addon (UBO): 82%
register	注册（免费无鉴权服务商）	2026-08-17T14:04:35.2544509Z Downloading addon (UBO): 82%
register	注册（免费无鉴权服务商）	2026-08-17T14:04:35.2544872Z Downloading addon (UBO): 82%
register	注册（免费无鉴权服务商）	2026-08-17T14:04:35.2545281Z Downloading addon (UBO): 82%
register	注册（免费无鉴权服务商）	2026-08-17T14:04:35.2545644Z Downloading addon (UBO): 82%
register	注册（免费无鉴权服务商）	2026-08-17T14:04:35.2545880Z Downloading addon (UBO): 83%
register	注册（免费无鉴权服务商）	2026-08-17T14:04:35.2546125Z Downloading addon (UBO): 83%
register	注册（免费无鉴权服务商）	2026-08-17T14:04:35.2553877Z Downloading addon (UBO): 83%
register	注册（免费无鉴权服务商）	2026-08-17T14:04:35.2554258Z Downloading addon (UBO): 83%
register	注册（免费无鉴权服务商）	2026-08-17T14:04:35.2555511Z Downloading addon (UBO): 83%
register	注册（免费无鉴权服务商）	2026-08-17T14:04:35.2555883Z Downloading addon (UBO): 84%
register	注册（免费无鉴权服务商）	2026-08-17T14:04:35.2556243Z Downloading addon (UBO): 84%
register	注册（免费无鉴权服务商）	2026-08-17T14:04:35.2556620Z Downloading addon (UBO): 84%
register	注册（免费无鉴权服务商）	2026-08-17T14:04:35.2556978Z Downloading addon (UBO): 84%
register	注册（免费无鉴权服务商）	2026-08-17T14:04:35.2557334Z Downloading addon (UBO): 84%
register	注册（免费无鉴权服务商）	2026-08-17T14:04:35.2587588Z Downloading addon (UBO): 84%
register	注册（免费无鉴权服务商）	2026-08-17T14:04:35.2588003Z Downloading addon (UBO): 85%
register	注册（免费无鉴权服务商）	2026-08-17T14:04:35.2588503Z Downloading addon (UBO): 85%
register	注册（免费无鉴权服务商）	2026-08-17T14:04:35.2588877Z Downloading addon (UBO): 85%
register	注册（免费无鉴权服务商）	2026-08-17T14:04:35.2589248Z Downloading addon (UBO): 85%
register	注册（免费无鉴权服务商）	2026-08-17T14:04:35.2589606Z Downloading addon (UBO): 85%
register	注册（免费无鉴权服务商）	2026-08-17T14:04:35.2589974Z Downloading addon (UBO): 85%
register	注册（免费无鉴权服务商）	2026-08-17T14:04:35.2590493Z Downloading addon (UBO): 86%
register	注册（免费无鉴权服务商）	2026-08-17T14:04:35.2590864Z Downloading addon (UBO): 86%
register	注册（免费无鉴权服务商）	2026-08-17T14:04:35.2591243Z Downloading addon (UBO): 86%
register	注册（免费无鉴权服务商）	2026-08-17T14:04:35.2591819Z Downloading addon (UBO): 86%
register	注册（免费无鉴权服务商）	2026-08-17T14:04:35.2592173Z Downloading addon (UBO): 86%
register	注册（免费无鉴权服务商）	2026-08-17T14:04:35.2592533Z Downloading addon (UBO): 86%
register	注册（免费无鉴权服务商）	2026-08-17T14:04:35.2592902Z Downloading addon (UBO): 87%
register	注册（免费无鉴权服务商）	2026-08-17T14:04:35.2593258Z Downloading addon (UBO): 87%
register	注册（免费无鉴权服务商）	2026-08-17T14:04:35.2593597Z Downloading addon (UBO): 87%
register	注册（免费无鉴权服务商）	2026-08-17T14:04:35.2606811Z Downloading addon (UBO): 87%
register	注册（免费无鉴权服务商）	2026-08-17T14:04:35.2607191Z Downloading addon (UBO): 87%
register	注册（免费无鉴权服务商）	2026-08-17T14:04:35.2608834Z Downloading addon (UBO): 88%
register	注册（免费无鉴权服务商）	2026-08-17T14:04:35.2609199Z Downloading addon (UBO): 88%
register	注册（免费无鉴权服务商）	2026-08-17T14:04:35.2609558Z Downloading addon (UBO): 88%
register	注册（免费无鉴权服务商）	2026-08-17T14:04:35.2609920Z Downloading addon (UBO): 88%
register	注册（免费无鉴权服务商）	2026-08-17T14:04:35.2610434Z Downloading addon (UBO): 88%
register	注册（免费无鉴权服务商）	2026-08-17T14:04:35.2610938Z Downloading addon (UBO): 88%
register	注册（免费无鉴权服务商）	2026-08-17T14:04:35.2611301Z Downloading addon (UBO): 89%
register	注册（免费无鉴权服务商）	2026-08-17T14:04:35.2611656Z Downloading addon (UBO): 89%
register	注册（免费无鉴权服务商）	2026-08-17T14:04:35.2612032Z Downloading addon (UBO): 89%
register	注册（免费无鉴权服务商）	2026-08-17T14:04:35.2612505Z Downloading addon (UBO): 89%
register	注册（免费无鉴权服务商）	2026-08-17T14:04:35.2612873Z Downloading addon (UBO): 89%
register	注册（免费无鉴权服务商）	2026-08-17T14:04:35.2613237Z Downloading addon (UBO): 89%
register	注册（免费无鉴权服务商）	2026-08-17T14:04:35.2613607Z Downloading addon (UBO): 90%
register	注册（免费无鉴权服务商）	2026-08-17T14:04:35.2613963Z Downloading addon (UBO): 90%
register	注册（免费无鉴权服务商）	2026-08-17T14:04:35.2614515Z Downloading addon (UBO): 90%
register	注册（免费无鉴权服务商）	2026-08-17T14:04:35.2614873Z Downloading addon (UBO): 90%
register	注册（免费无鉴权服务商）	2026-08-17T14:04:35.2615241Z Downloading addon (UBO): 90%
register	注册（免费无鉴权服务商）	2026-08-17T14:04:35.2615599Z Downloading addon (UBO): 91%
register	注册（免费无鉴权服务商）	2026-08-17T14:04:35.2615956Z Downloading addon (UBO): 91%
register	注册（免费无鉴权服务商）	2026-08-17T14:04:35.2616308Z Downloading addon (UBO): 91%
register	注册（免费无鉴权服务商）	2026-08-17T14:04:35.2616664Z Downloading addon (UBO): 91%
register	注册（免费无鉴权服务商）	2026-08-17T14:04:35.2617031Z Downloading addon (UBO): 91%
register	注册（免费无鉴权服务商）	2026-08-17T14:04:35.2617388Z Downloading addon (UBO): 91%
register	注册（免费无鉴权服务商）	2026-08-17T14:04:35.2617703Z Downloading addon (UBO): 92%
register	注册（免费无鉴权服务商）	2026-08-17T14:04:35.2617932Z Downloading addon (UBO): 92%
register	注册（免费无鉴权服务商）	2026-08-17T14:04:35.2618167Z Downloading addon (UBO): 92%
register	注册（免费无鉴权服务商）	2026-08-17T14:04:35.2618399Z Downloading addon (UBO): 92%
register	注册（免费无鉴权服务商）	2026-08-17T14:04:35.2618631Z Downloading addon (UBO): 92%
register	注册（免费无鉴权服务商）	2026-08-17T14:04:35.2625774Z Downloading addon (UBO): 92%
register	注册（免费无鉴权服务商）	2026-08-17T14:04:35.2626144Z Downloading addon (UBO): 93%
register	注册（免费无鉴权服务商）	2026-08-17T14:04:35.2626514Z Downloading addon (UBO): 93%
register	注册（免费无鉴权服务商）	2026-08-17T14:04:35.2626876Z Downloading addon (UBO): 93%
register	注册（免费无鉴权服务商）	2026-08-17T14:04:35.2627254Z Downloading addon (UBO): 93%
register	注册（免费无鉴权服务商）	2026-08-17T14:04:35.2627634Z Downloading addon (UBO): 93%
register	注册（免费无鉴权服务商）	2026-08-17T14:04:35.2628519Z Downloading addon (UBO): 93%
register	注册（免费无鉴权服务商）	2026-08-17T14:04:35.2628928Z Downloading addon (UBO): 94%
register	注册（免费无鉴权服务商）	2026-08-17T14:04:35.2629299Z Downloading addon (UBO): 94%
register	注册（免费无鉴权服务商）	2026-08-17T14:04:35.2629669Z Downloading addon (UBO): 94%
register	注册（免费无鉴权服务商）	2026-08-17T14:04:35.2630021Z Downloading addon (UBO): 94%
register	注册（免费无鉴权服务商）	2026-08-17T14:04:35.2630860Z Downloading addon (UBO): 94%
register	注册（免费无鉴权服务商）	2026-08-17T14:04:35.2631228Z Downloading addon (UBO): 95%
register	注册（免费无鉴权服务商）	2026-08-17T14:04:35.2631716Z Downloading addon (UBO): 95%
register	注册（免费无鉴权服务商）	2026-08-17T14:04:35.2632078Z Downloading addon (UBO): 95%
register	注册（免费无鉴权服务商）	2026-08-17T14:04:35.2632436Z Downloading addon (UBO): 95%
register	注册（免费无鉴权服务商）	2026-08-17T14:04:35.2632801Z Downloading addon (UBO): 95%
register	注册（免费无鉴权服务商）	2026-08-17T14:04:35.2633175Z Downloading addon (UBO): 95%
register	注册（免费无鉴权服务商）	2026-08-17T14:04:35.2634134Z Downloading addon (UBO): 96%
register	注册（免费无鉴权服务商）	2026-08-17T14:04:35.2634492Z Downloading addon (UBO): 96%
register	注册（免费无鉴权服务商）	2026-08-17T14:04:35.2634843Z Downloading addon (UBO): 96%
register	注册（免费无鉴权服务商）	2026-08-17T14:04:35.2635206Z Downloading addon (UBO): 96%
register	注册（免费无鉴权服务商）	2026-08-17T14:04:35.2635582Z Downloading addon (UBO): 96%
register	注册（免费无鉴权服务商）	2026-08-17T14:04:35.2635943Z Downloading addon (UBO): 96%
register	注册（免费无鉴权服务商）	2026-08-17T14:04:35.2636302Z Downloading addon (UBO): 97%
register	注册（免费无鉴权服务商）	2026-08-17T14:04:35.2636660Z Downloading addon (UBO): 97%
register	注册（免费无鉴权服务商）	2026-08-17T14:04:35.2637014Z Downloading addon (UBO): 97%
register	注册（免费无鉴权服务商）	2026-08-17T14:04:35.2637382Z Downloading addon (UBO): 97%
register	注册（免费无鉴权服务商）	2026-08-17T14:04:35.2637738Z Downloading addon (UBO): 97%
register	注册（免费无鉴权服务商）	2026-08-17T14:04:35.2638101Z Downloading addon (UBO): 98%
register	注册（免费无鉴权服务商）	2026-08-17T14:04:35.2638459Z Downloading addon (UBO): 98%
register	注册（免费无鉴权服务商）	2026-08-17T14:04:35.2638820Z Downloading addon (UBO): 98%
register	注册（免费无鉴权服务商）	2026-08-17T14:04:35.2639174Z Downloading addon (UBO): 98%
register	注册（免费无鉴权服务商）	2026-08-17T14:04:35.2639532Z Downloading addon (UBO): 98%
register	注册（免费无鉴权服务商）	2026-08-17T14:04:35.2639887Z Downloading addon (UBO): 98%
register	注册（免费无鉴权服务商）	2026-08-17T14:04:35.2640603Z Downloading addon (UBO): 99%
register	注册（免费无鉴权服务商）	2026-08-17T14:04:35.2640961Z Downloading addon (UBO): 99%
register	注册（免费无鉴权服务商）	2026-08-17T14:04:35.2641191Z Downloading addon (UBO): 99%
register	注册（免费无鉴权服务商）	2026-08-17T14:04:35.2641422Z Downloading addon (UBO): 99%
register	注册（免费无鉴权服务商）	2026-08-17T14:04:35.2641663Z Downloading addon (UBO): 99%
register	注册（免费无鉴权服务商）	2026-08-17T14:04:35.2641898Z Downloading addon (UBO): 99%
register	注册（免费无鉴权服务商）	2026-08-17T14:04:35.2642131Z Downloading addon (UBO): 100%
register	注册（免费无鉴权服务商）	2026-08-17T14:04:35.2642381Z Downloading addon (UBO): 100%
register	注册（免费无鉴权服务商）	2026-08-17T14:04:35.2642618Z Downloading addon (UBO): 100%
register	注册（免费无鉴权服务商）	2026-08-17T14:04:35.2678642Z Downloading addon (UBO): 100%
register	注册（免费无鉴权服务商）	2026-08-17T14:04:35.2679034Z Downloading addon (UBO): Complete
register	注册（免费无鉴权服务商）	2026-08-17T14:04:35.2679295Z 
register	注册（免费无鉴权服务商）	2026-08-17T14:04:35.2680158Z Extracting addon (UBO): 0%
register	注册（免费无鉴权服务商）	2026-08-17T14:04:35.2681604Z Extracting addon (UBO): 0%
register	注册（免费无鉴权服务商）	2026-08-17T14:04:35.2682790Z Extracting addon (UBO): 0%
register	注册（免费无鉴权服务商）	2026-08-17T14:04:35.2684065Z Extracting addon (UBO): 1%
register	注册（免费无鉴权服务商）	2026-08-17T14:04:35.2685297Z Extracting addon (UBO): 1%
register	注册（免费无鉴权服务商）	2026-08-17T14:04:35.2686311Z Extracting addon (UBO): 1%
register	注册（免费无鉴权服务商）	2026-08-17T14:04:35.2687564Z Extracting addon (UBO): 1%
register	注册（免费无鉴权服务商）	2026-08-17T14:04:35.2688734Z Extracting addon (UBO): 1%
register	注册（免费无鉴权服务商）	2026-08-17T14:04:35.2691939Z Extracting addon (UBO): 1%
register	注册（免费无鉴权服务商）	2026-08-17T14:04:35.2693373Z Extracting addon (UBO): 2%
register	注册（免费无鉴权服务商）	2026-08-17T14:04:35.2694430Z Extracting addon (UBO): 2%
register	注册（免费无鉴权服务商）	2026-08-17T14:04:35.2695482Z Extracting addon (UBO): 2%
register	注册（免费无鉴权服务商）	2026-08-17T14:04:35.2696557Z Extracting addon (UBO): 2%
register	注册（免费无鉴权服务商）	2026-08-17T14:04:35.2697502Z Extracting addon (UBO): 2%
register	注册（免费无鉴权服务商）	2026-08-17T14:04:35.2698621Z Extracting addon (UBO): 2%
register	注册（免费无鉴权服务商）	2026-08-17T14:04:35.2699681Z Extracting addon (UBO): 2%
register	注册（免费无鉴权服务商）	2026-08-17T14:04:35.2700806Z Extracting addon (UBO): 3%
register	注册（免费无鉴权服务商）	2026-08-17T14:04:35.2702087Z Extracting addon (UBO): 3%
register	注册（免费无鉴权服务商）	2026-08-17T14:04:35.2703298Z Extracting addon (UBO): 3%
register	注册（免费无鉴权服务商）	2026-08-17T14:04:35.2704479Z Extracting addon (UBO): 3%
register	注册（免费无鉴权服务商）	2026-08-17T14:04:35.2705525Z Extracting addon (UBO): 3%
register	注册（免费无鉴权服务商）	2026-08-17T14:04:35.2709529Z Extracting addon (UBO): 3%
register	注册（免费无鉴权服务商）	2026-08-17T14:04:35.2713082Z Extracting addon (UBO): 3%
register	注册（免费无鉴权服务商）	2026-08-17T14:04:35.2716288Z Extracting addon (UBO): 4%
register	注册（免费无鉴权服务商）	2026-08-17T14:04:35.2719546Z Extracting addon (UBO): 4%
register	注册（免费无鉴权服务商）	2026-08-17T14:04:35.2723104Z Extracting addon (UBO): 4%
register	注册（免费无鉴权服务商）	2026-08-17T14:04:35.2726239Z Extracting addon (UBO): 4%
register	注册（免费无鉴权服务商）	2026-08-17T14:04:35.2729419Z Extracting addon (UBO): 4%
register	注册（免费无鉴权服务商）	2026-08-17T14:04:35.2732814Z Extracting addon (UBO): 4%
register	注册（免费无鉴权服务商）	2026-08-17T14:04:35.2736005Z Extracting addon (UBO): 5%
register	注册（免费无鉴权服务商）	2026-08-17T14:04:35.2739691Z Extracting addon (UBO): 5%
register	注册（免费无鉴权服务商）	2026-08-17T14:04:35.2743204Z Extracting addon (UBO): 5%
register	注册（免费无鉴权服务商）	2026-08-17T14:04:35.2746678Z Extracting addon (UBO): 5%
register	注册（免费无鉴权服务商）	2026-08-17T14:04:35.2750096Z Extracting addon (UBO): 5%
register	注册（免费无鉴权服务商）	2026-08-17T14:04:35.2753561Z Extracting addon (UBO): 5%
register	注册（免费无鉴权服务商）	2026-08-17T14:04:35.2756737Z Extracting addon (UBO): 5%
register	注册（免费无鉴权服务商）	2026-08-17T14:04:35.2759911Z Extracting addon (UBO): 6%
register	注册（免费无鉴权服务商）	2026-08-17T14:04:35.2763443Z Extracting addon (UBO): 6%
register	注册（免费无鉴权服务商）	2026-08-17T14:04:35.2766890Z Extracting addon (UBO): 6%
register	注册（免费无鉴权服务商）	2026-08-17T14:04:35.2770325Z Extracting addon (UBO): 6%
register	注册（免费无鉴权服务商）	2026-08-17T14:04:35.2773736Z Extracting addon (UBO): 6%
register	注册（免费无鉴权服务商）	2026-08-17T14:04:35.2777093Z Extracting addon (UBO): 6%
register	注册（免费无鉴权服务商）	2026-08-17T14:04:35.2780131Z Extracting addon (UBO): 7%
register	注册（免费无鉴权服务商）	2026-08-17T14:04:35.2783598Z Extracting addon (UBO): 7%
register	注册（免费无鉴权服务商）	2026-08-17T14:04:35.2786773Z Extracting addon (UBO): 7%
register	注册（免费无鉴权服务商）	2026-08-17T14:04:35.2789965Z Extracting addon (UBO): 7%
register	注册（免费无鉴权服务商）	2026-08-17T14:04:35.2793214Z Extracting addon (UBO): 7%
register	注册（免费无鉴权服务商）	2026-08-17T14:04:35.2796362Z Extracting addon (UBO): 7%
register	注册（免费无鉴权服务商）	2026-08-17T14:04:35.2799630Z Extracting addon (UBO): 7%
register	注册（免费无鉴权服务商）	2026-08-17T14:04:35.2803049Z Extracting addon (UBO): 8%
register	注册（免费无鉴权服务商）	2026-08-17T14:04:35.2806398Z Extracting addon (UBO): 8%
register	注册（免费无鉴权服务商）	2026-08-17T14:04:35.2809731Z Extracting addon (UBO): 8%
register	注册（免费无鉴权服务商）	2026-08-17T14:04:35.2813578Z Extracting addon (UBO): 8%
register	注册（免费无鉴权服务商）	2026-08-17T14:04:35.2817125Z Extracting addon (UBO): 8%
register	注册（免费无鉴权服务商）	2026-08-17T14:04:35.2820707Z Extracting addon (UBO): 8%
register	注册（免费无鉴权服务商）	2026-08-17T14:04:35.2824357Z Extracting addon (UBO): 9%
register	注册（免费无鉴权服务商）	2026-08-17T14:04:35.2828394Z Extracting addon (UBO): 9%
register	注册（免费无鉴权服务商）	2026-08-17T14:04:35.2832212Z Extracting addon (UBO): 9%
register	注册（免费无鉴权服务商）	2026-08-17T14:04:35.2835414Z Extracting addon (UBO): 9%
register	注册（免费无鉴权服务商）	2026-08-17T14:04:35.2838584Z Extracting addon (UBO): 9%
register	注册（免费无鉴权服务商）	2026-08-17T14:04:35.2841855Z Extracting addon (UBO): 9%
register	注册（免费无鉴权服务商）	2026-08-17T14:04:35.2845022Z Extracting addon (UBO): 9%
register	注册（免费无鉴权服务商）	2026-08-17T14:04:35.2848151Z Extracting addon (UBO): 10%
register	注册（免费无鉴权服务商）	2026-08-17T14:04:35.2851703Z Extracting addon (UBO): 10%
register	注册（免费无鉴权服务商）	2026-08-17T14:04:35.2854846Z Extracting addon (UBO): 10%
register	注册（免费无鉴权服务商）	2026-08-17T14:04:35.2857873Z Extracting addon (UBO): 10%
register	注册（免费无鉴权服务商）	2026-08-17T14:04:35.2861143Z Extracting addon (UBO): 10%
register	注册（免费无鉴权服务商）	2026-08-17T14:04:35.2864344Z Extracting addon (UBO): 10%
register	注册（免费无鉴权服务商）	2026-08-17T14:04:35.2867650Z Extracting addon (UBO): 10%
register	注册（免费无鉴权服务商）	2026-08-17T14:04:35.2870783Z Extracting addon (UBO): 11%
register	注册（免费无鉴权服务商）	2026-08-17T14:04:35.2874038Z Extracting addon (UBO): 11%
register	注册（免费无鉴权服务商）	2026-08-17T14:04:35.2877122Z Extracting addon (UBO): 11%
register	注册（免费无鉴权服务商）	2026-08-17T14:04:35.2880428Z Extracting addon (UBO): 11%
register	注册（免费无鉴权服务商）	2026-08-17T14:04:35.2883620Z Extracting addon (UBO): 11%
register	注册（免费无鉴权服务商）	2026-08-17T14:04:35.2886891Z Extracting addon (UBO): 11%
register	注册（免费无鉴权服务商）	2026-08-17T14:04:35.2890036Z Extracting addon (UBO): 12%
register	注册（免费无鉴权服务商）	2026-08-17T14:04:35.2893516Z Extracting addon (UBO): 12%
register	注册（免费无鉴权服务商）	2026-08-17T14:04:35.2896871Z Extracting addon (UBO): 12%
register	注册（免费无鉴权服务商）	2026-08-17T14:04:35.2900423Z Extracting addon (UBO): 12%
register	注册（免费无鉴权服务商）	2026-08-17T14:04:35.2903650Z Extracting addon (UBO): 12%
register	注册（免费无鉴权服务商）	2026-08-17T14:04:35.2907037Z Extracting addon (UBO): 12%
register	注册（免费无鉴权服务商）	2026-08-17T14:04:35.2910631Z Extracting addon (UBO): 12%
register	注册（免费无鉴权服务商）	2026-08-17T14:04:35.2913879Z Extracting addon (UBO): 13%
register	注册（免费无鉴权服务商）	2026-08-17T14:04:35.2917445Z Extracting addon (UBO): 13%
register	注册（免费无鉴权服务商）	2026-08-17T14:04:35.2920708Z Extracting addon (UBO): 13%
register	注册（免费无鉴权服务商）	2026-08-17T14:04:35.2924328Z Extracting addon (UBO): 13%
register	注册（免费无鉴权服务商）	2026-08-17T14:04:35.2927707Z Extracting addon (UBO): 13%
register	注册（免费无鉴权服务商）	2026-08-17T14:04:35.2931239Z Extracting addon (UBO): 13%
register	注册（免费无鉴权服务商）	2026-08-17T14:04:35.2934453Z Extracting addon (UBO): 14%
register	注册（免费无鉴权服务商）	2026-08-17T14:04:35.2937663Z Extracting addon (UBO): 14%
register	注册（免费无鉴权服务商）	2026-08-17T14:04:35.2940768Z Extracting addon (UBO): 14%
register	注册（免费无鉴权服务商）	2026-08-17T14:04:35.2944014Z Extracting addon (UBO): 14%
register	注册（免费无鉴权服务商）	2026-08-17T14:04:35.2947374Z Extracting addon (UBO): 14%
register	注册（免费无鉴权服务商）	2026-08-17T14:04:35.2948852Z Extracting addon (UBO): 14%
register	注册（免费无鉴权服务商）	2026-08-17T14:04:35.2949839Z Extracting addon (UBO): 14%
register	注册（免费无鉴权服务商）	2026-08-17T14:04:35.2951111Z Extracting addon (UBO): 15%
register	注册（免费无鉴权服务商）	2026-08-17T14:04:35.2952078Z Extracting addon (UBO): 15%
register	注册（免费无鉴权服务商）	2026-08-17T14:04:35.2953049Z Extracting addon (UBO): 15%
register	注册（免费无鉴权服务商）	2026-08-17T14:04:35.2954222Z Extracting addon (UBO): 15%
register	注册（免费无鉴权服务商）	2026-08-17T14:04:35.2955202Z Extracting addon (UBO): 15%
register	注册（免费无鉴权服务商）	2026-08-17T14:04:35.2956262Z Extracting addon (UBO): 15%
register	注册（免费无鉴权服务商）	2026-08-17T14:04:35.2957181Z Extracting addon (UBO): 16%
register	注册（免费无鉴权服务商）	2026-08-17T14:04:35.2958146Z Extracting addon (UBO): 16%
register	注册（免费无鉴权服务商）	2026-08-17T14:04:35.2959018Z Extracting addon (UBO): 16%
register	注册（免费无鉴权服务商）	2026-08-17T14:04:35.2960129Z Extracting addon (UBO): 16%
register	注册（免费无鉴权服务商）	2026-08-17T14:04:35.2961361Z Extracting addon (UBO): 16%
register	注册（免费无鉴权服务商）	2026-08-17T14:04:35.2962541Z Extracting addon (UBO): 16%
register	注册（免费无鉴权服务商）	2026-08-17T14:04:35.2963264Z Extracting addon (UBO): 16%
register	注册（免费无鉴权服务商）	2026-08-17T14:04:35.2964364Z Extracting addon (UBO): 17%
register	注册（免费无鉴权服务商）	2026-08-17T14:04:35.2965327Z Extracting addon (UBO): 17%
register	注册（免费无鉴权服务商）	2026-08-17T14:04:35.2966431Z Extracting addon (UBO): 17%
register	注册（免费无鉴权服务商）	2026-08-17T14:04:35.2967372Z Extracting addon (UBO): 17%
register	注册（免费无鉴权服务商）	2026-08-17T14:04:35.2968346Z Extracting addon (UBO): 17%
register	注册（免费无鉴权服务商）	2026-08-17T14:04:35.2969234Z Extracting addon (UBO): 17%
register	注册（免费无鉴权服务商）	2026-08-17T14:04:35.2970358Z Extracting addon (UBO): 17%
register	注册（免费无鉴权服务商）	2026-08-17T14:04:35.2971401Z Extracting addon (UBO): 18%
register	注册（免费无鉴权服务商）	2026-08-17T14:04:35.2972611Z Extracting addon (UBO): 18%
register	注册（免费无鉴权服务商）	2026-08-17T14:04:35.2973592Z Extracting addon (UBO): 18%
register	注册（免费无鉴权服务商）	2026-08-17T14:04:35.2974679Z Extracting addon (UBO): 18%
register	注册（免费无鉴权服务商）	2026-08-17T14:04:35.2975799Z Extracting addon (UBO): 18%
register	注册（免费无鉴权服务商）	2026-08-17T14:04:35.2976758Z Extracting addon (UBO): 18%
register	注册（免费无鉴权服务商）	2026-08-17T14:04:35.2977788Z Extracting addon (UBO): 19%
register	注册（免费无鉴权服务商）	2026-08-17T14:04:35.2991074Z Extracting addon (UBO): 19%
register	注册（免费无鉴权服务商）	2026-08-17T14:04:35.2991438Z Extracting addon (UBO): 19%
register	注册（免费无鉴权服务商）	2026-08-17T14:04:35.2991805Z Extracting addon (UBO): 19%
register	注册（免费无鉴权服务商）	2026-08-17T14:04:35.2992170Z Extracting addon (UBO): 19%
register	注册（免费无鉴权服务商）	2026-08-17T14:04:35.2992533Z Extracting addon (UBO): 19%
register	注册（免费无鉴权服务商）	2026-08-17T14:04:35.2992884Z Extracting addon (UBO): 19%
register	注册（免费无鉴权服务商）	2026-08-17T14:04:35.2993231Z Extracting addon (UBO): 20%
register	注册（免费无鉴权服务商）	2026-08-17T14:04:35.2993581Z Extracting addon (UBO): 20%
register	注册（免费无鉴权服务商）	2026-08-17T14:04:35.2993934Z Extracting addon (UBO): 20%
register	注册（免费无鉴权服务商）	2026-08-17T14:04:35.2994323Z Extracting addon (UBO): 20%
register	注册（免费无鉴权服务商）	2026-08-17T14:04:35.2994673Z Extracting addon (UBO): 20%
register	注册（免费无鉴权服务商）	2026-08-17T14:04:35.2995327Z Extracting addon (UBO): 20%
register	注册（免费无鉴权服务商）	2026-08-17T14:04:35.2995675Z Extracting addon (UBO): 21%
register	注册（免费无鉴权服务商）	2026-08-17T14:04:35.2996030Z Extracting addon (UBO): 21%
register	注册（免费无鉴权服务商）	2026-08-17T14:04:35.2996334Z Extracting addon (UBO): 21%
register	注册（免费无鉴权服务商）	2026-08-17T14:04:35.2996575Z Extracting addon (UBO): 21%
register	注册（免费无鉴权服务商）	2026-08-17T14:04:35.2996812Z Extracting addon (UBO): 21%
register	注册（免费无鉴权服务商）	2026-08-17T14:04:35.2997162Z Extracting addon (UBO): 21%
register	注册（免费无鉴权服务商）	2026-08-17T14:04:35.2997522Z Extracting addon (UBO): 21%
register	注册（免费无鉴权服务商）	2026-08-17T14:04:35.2997873Z Extracting addon (UBO): 22%
register	注册（免费无鉴权服务商）	2026-08-17T14:04:35.2998209Z Extracting addon (UBO): 22%
register	注册（免费无鉴权服务商）	2026-08-17T14:04:35.2998598Z Extracting addon (UBO): 22%
register	注册（免费无鉴权服务商）	2026-08-17T14:04:35.2998978Z Extracting addon (UBO): 22%
register	注册（免费无鉴权服务商）	2026-08-17T14:04:35.2999774Z Extracting addon (UBO): 22%
register	注册（免费无鉴权服务商）	2026-08-17T14:04:35.3001749Z Extracting addon (UBO): 22%
register	注册（免费无鉴权服务商）	2026-08-17T14:04:35.3003168Z Extracting addon (UBO): 22%
register	注册（免费无鉴权服务商）	2026-08-17T14:04:35.3004755Z Extracting addon (UBO): 23%
register	注册（免费无鉴权服务商）	2026-08-17T14:04:35.3006347Z Extracting addon (UBO): 23%
register	注册（免费无鉴权服务商）	2026-08-17T14:04:35.3007519Z Extracting addon (UBO): 23%
register	注册（免费无鉴权服务商）	2026-08-17T14:04:35.3009216Z Extracting addon (UBO): 23%
register	注册（免费无鉴权服务商）	2026-08-17T14:04:35.3011180Z Extracting addon (UBO): 23%
register	注册（免费无鉴权服务商）	2026-08-17T14:04:35.3013166Z Extracting addon (UBO): 23%
register	注册（免费无鉴权服务商）	2026-08-17T14:04:35.3015304Z Extracting addon (UBO): 24%
register	注册（免费无鉴权服务商）	2026-08-17T14:04:35.3016526Z Extracting addon (UBO): 24%
register	注册（免费无鉴权服务商）	2026-08-17T14:04:35.3019332Z Extracting addon (UBO): 24%
register	注册（免费无鉴权服务商）	2026-08-17T14:04:35.3020382Z Extracting addon (UBO): 24%
register	注册（免费无鉴权服务商）	2026-08-17T14:04:35.3022107Z Extracting addon (UBO): 24%
register	注册（免费无鉴权服务商）	2026-08-17T14:04:35.3023394Z Extracting addon (UBO): 24%
register	注册（免费无鉴权服务商）	2026-08-17T14:04:35.3024548Z Extracting addon (UBO): 24%
register	注册（免费无鉴权服务商）	2026-08-17T14:04:35.3031938Z Extracting addon (UBO): 25%
register	注册（免费无鉴权服务商）	2026-08-17T14:04:35.3032971Z Extracting addon (UBO): 25%
register	注册（免费无鉴权服务商）	2026-08-17T14:04:35.3034170Z Extracting addon (UBO): 25%
register	注册（免费无鉴权服务商）	2026-08-17T14:04:35.3035913Z Extracting addon (UBO): 25%
register	注册（免费无鉴权服务商）	2026-08-17T14:04:35.3036965Z Extracting addon (UBO): 25%
register	注册（免费无鉴权服务商）	2026-08-17T14:04:35.3038237Z Extracting addon (UBO): 25%
register	注册（免费无鉴权服务商）	2026-08-17T14:04:35.3039438Z Extracting addon (UBO): 26%
register	注册（免费无鉴权服务商）	2026-08-17T14:04:35.3040469Z Extracting addon (UBO): 26%
register	注册（免费无鉴权服务商）	2026-08-17T14:04:35.3043943Z Extracting addon (UBO): 26%
register	注册（免费无鉴权服务商）	2026-08-17T14:04:35.3045378Z Extracting addon (UBO): 26%
register	注册（免费无鉴权服务商）	2026-08-17T14:04:35.3047556Z Extracting addon (UBO): 26%
register	注册（免费无鉴权服务商）	2026-08-17T14:04:35.3048748Z Extracting addon (UBO): 26%
register	注册（免费无鉴权服务商）	2026-08-17T14:04:35.3050789Z Extracting addon (UBO): 26%
register	注册（免费无鉴权服务商）	2026-08-17T14:04:35.3052338Z Extracting addon (UBO): 27%
register	注册（免费无鉴权服务商）	2026-08-17T14:04:35.3053540Z Extracting addon (UBO): 27%
register	注册（免费无鉴权服务商）	2026-08-17T14:04:35.3056966Z Extracting addon (UBO): 27%
register	注册（免费无鉴权服务商）	2026-08-17T14:04:35.3059656Z Extracting addon (UBO): 27%
register	注册（免费无鉴权服务商）	2026-08-17T14:04:35.3060482Z Extracting addon (UBO): 27%
register	注册（免费无鉴权服务商）	2026-08-17T14:04:35.3062325Z Extracting addon (UBO): 27%
register	注册（免费无鉴权服务商）	2026-08-17T14:04:35.3063324Z Extracting addon (UBO): 28%
register	注册（免费无鉴权服务商）	2026-08-17T14:04:35.3065323Z Extracting addon (UBO): 28%
register	注册（免费无鉴权服务商）	2026-08-17T14:04:35.3071884Z Extracting addon (UBO): 28%
register	注册（免费无鉴权服务商）	2026-08-17T14:04:35.3073426Z Extracting addon (UBO): 28%
register	注册（免费无鉴权服务商）	2026-08-17T14:04:35.3076366Z Extracting addon (UBO): 28%
register	注册（免费无鉴权服务商）	2026-08-17T14:04:35.3079778Z Extracting addon (UBO): 28%
register	注册（免费无鉴权服务商）	2026-08-17T14:04:35.3081291Z Extracting addon (UBO): 28%
register	注册（免费无鉴权服务商）	2026-08-17T14:04:35.3086472Z Extracting addon (UBO): 29%
register	注册（免费无鉴权服务商）	2026-08-17T14:04:35.3089056Z Extracting addon (UBO): 29%
register	注册（免费无鉴权服务商）	2026-08-17T14:04:35.3090109Z Extracting addon (UBO): 29%
register	注册（免费无鉴权服务商）	2026-08-17T14:04:35.3091681Z Extracting addon (UBO): 29%
register	注册（免费无鉴权服务商）	2026-08-17T14:04:35.3093333Z Extracting addon (UBO): 29%
register	注册（免费无鉴权服务商）	2026-08-17T14:04:35.3095308Z Extracting addon (UBO): 29%
register	注册（免费无鉴权服务商）	2026-08-17T14:04:35.3096485Z Extracting addon (UBO): 29%
register	注册（免费无鉴权服务商）	2026-08-17T14:04:35.3097852Z Extracting addon (UBO): 30%
register	注册（免费无鉴权服务商）	2026-08-17T14:04:35.3099039Z Extracting addon (UBO): 30%
register	注册（免费无鉴权服务商）	2026-08-17T14:04:35.3102647Z Extracting addon (UBO): 30%
register	注册（免费无鉴权服务商）	2026-08-17T14:04:35.3104086Z Extracting addon (UBO): 30%
register	注册（免费无鉴权服务商）	2026-08-17T14:04:35.3105362Z Extracting addon (UBO): 30%
register	注册（免费无鉴权服务商）	2026-08-17T14:04:35.3106713Z Extracting addon (UBO): 30%
register	注册（免费无鉴权服务商）	2026-08-17T14:04:35.3108082Z Extracting addon (UBO): 31%
register	注册（免费无鉴权服务商）	2026-08-17T14:04:35.3112122Z Extracting addon (UBO): 31%
register	注册（免费无鉴权服务商）	2026-08-17T14:04:35.3113424Z Extracting addon (UBO): 31%
register	注册（免费无鉴权服务商）	2026-08-17T14:04:35.3114876Z Extracting addon (UBO): 31%
register	注册（免费无鉴权服务商）	2026-08-17T14:04:35.3117459Z Extracting addon (UBO): 31%
register	注册（免费无鉴权服务商）	2026-08-17T14:04:35.3119763Z Extracting addon (UBO): 31%
register	注册（免费无鉴权服务商）	2026-08-17T14:04:35.3121331Z Extracting addon (UBO): 31%
register	注册（免费无鉴权服务商）	2026-08-17T14:04:35.3123496Z Extracting addon (UBO): 32%
register	注册（免费无鉴权服务商）	2026-08-17T14:04:35.3124477Z Extracting addon (UBO): 32%
register	注册（免费无鉴权服务商）	2026-08-17T14:04:35.3127362Z Extracting addon (UBO): 32%
register	注册（免费无鉴权服务商）	2026-08-17T14:04:35.3128841Z Extracting addon (UBO): 32%
register	注册（免费无鉴权服务商）	2026-08-17T14:04:35.3130416Z Extracting addon (UBO): 32%
register	注册（免费无鉴权服务商）	2026-08-17T14:04:35.3131873Z Extracting addon (UBO): 32%
register	注册（免费无鉴权服务商）	2026-08-17T14:04:35.3133600Z Extracting addon (UBO): 33%
register	注册（免费无鉴权服务商）	2026-08-17T14:04:35.3134954Z Extracting addon (UBO): 33%
register	注册（免费无鉴权服务商）	2026-08-17T14:04:35.3138521Z Extracting addon (UBO): 33%
register	注册（免费无鉴权服务商）	2026-08-17T14:04:35.3141232Z Extracting addon (UBO): 33%
register	注册（免费无鉴权服务商）	2026-08-17T14:04:35.3143192Z Extracting addon (UBO): 33%
register	注册（免费无鉴权服务商）	2026-08-17T14:04:35.3145354Z Extracting addon (UBO): 33%
register	注册（免费无鉴权服务商）	2026-08-17T14:04:35.3147579Z Extracting addon (UBO): 33%
register	注册（免费无鉴权服务商）	2026-08-17T14:04:35.3148858Z Extracting addon (UBO): 34%
register	注册（免费无鉴权服务商）	2026-08-17T14:04:35.3150464Z Extracting addon (UBO): 34%
register	注册（免费无鉴权服务商）	2026-08-17T14:04:35.3152388Z Extracting addon (UBO): 34%
register	注册（免费无鉴权服务商）	2026-08-17T14:04:35.3153851Z Extracting addon (UBO): 34%
register	注册（免费无鉴权服务商）	2026-08-17T14:04:35.3157071Z Extracting addon (UBO): 34%
register	注册（免费无鉴权服务商）	2026-08-17T14:04:35.3159856Z Extracting addon (UBO): 34%
register	注册（免费无鉴权服务商）	2026-08-17T14:04:35.3161033Z Extracting addon (UBO): 34%
register	注册（免费无鉴权服务商）	2026-08-17T14:04:35.3162205Z Extracting addon (UBO): 35%
register	注册（免费无鉴权服务商）	2026-08-17T14:04:35.3165067Z Extracting addon (UBO): 35%
register	注册（免费无鉴权服务商）	2026-08-17T14:04:35.3167889Z Extracting addon (UBO): 35%
register	注册（免费无鉴权服务商）	2026-08-17T14:04:35.3201141Z Extracting addon (UBO): 35%
register	注册（免费无鉴权服务商）	2026-08-17T14:04:35.3211244Z Extracting addon (UBO): 35%
register	注册（免费无鉴权服务商）	2026-08-17T14:04:35.3211682Z Extracting addon (UBO): 35%
register	注册（免费无鉴权服务商）	2026-08-17T14:04:35.3212083Z Extracting addon (UBO): 36%
register	注册（免费无鉴权服务商）	2026-08-17T14:04:35.3212458Z Extracting addon (UBO): 36%
register	注册（免费无鉴权服务商）	2026-08-17T14:04:35.3212846Z Extracting addon (UBO): 36%
register	注册（免费无鉴权服务商）	2026-08-17T14:04:35.3213226Z Extracting addon (UBO): 36%
register	注册（免费无鉴权服务商）	2026-08-17T14:04:35.3213605Z Extracting addon (UBO): 36%
register	注册（免费无鉴权服务商）	2026-08-17T14:04:35.3213976Z Extracting addon (UBO): 36%
register	注册（免费无鉴权服务商）	2026-08-17T14:04:35.3214356Z Extracting addon (UBO): 36%
register	注册（免费无鉴权服务商）	2026-08-17T14:04:35.3214737Z Extracting addon (UBO): 37%
register	注册（免费无鉴权服务商）	2026-08-17T14:04:35.3215138Z Extracting addon (UBO): 37%
register	注册（免费无鉴权服务商）	2026-08-17T14:04:35.3215510Z Extracting addon (UBO): 37%
register	注册（免费无鉴权服务商）	2026-08-17T14:04:35.3215884Z Extracting addon (UBO): 37%
register	注册（免费无鉴权服务商）	2026-08-17T14:04:35.3216269Z Extracting addon (UBO): 37%
register	注册（免费无鉴权服务商）	2026-08-17T14:04:35.3216671Z Extracting addon (UBO): 37%
register	注册（免费无鉴权服务商）	2026-08-17T14:04:35.3217041Z Extracting addon (UBO): 38%
register	注册（免费无鉴权服务商）	2026-08-17T14:04:35.3217413Z Extracting addon (UBO): 38%
register	注册（免费无鉴权服务商）	2026-08-17T14:04:35.3217793Z Extracting addon (UBO): 38%
register	注册（免费无鉴权服务商）	2026-08-17T14:04:35.3218164Z Extracting addon (UBO): 38%
register	注册（免费无鉴权服务商）	2026-08-17T14:04:35.3218534Z Extracting addon (UBO): 38%
register	注册（免费无鉴权服务商）	2026-08-17T14:04:35.3218908Z Extracting addon (UBO): 38%
register	注册（免费无鉴权服务商）	2026-08-17T14:04:35.3219281Z Extracting addon (UBO): 38%
register	注册（免费无鉴权服务商）	2026-08-17T14:04:35.3219667Z Extracting addon (UBO): 39%
register	注册（免费无鉴权服务商）	2026-08-17T14:04:35.3220046Z Extracting addon (UBO): 39%
register	注册（免费无鉴权服务商）	2026-08-17T14:04:35.3220602Z Extracting addon (UBO): 39%
register	注册（免费无鉴权服务商）	2026-08-17T14:04:35.3220968Z Extracting addon (UBO): 39%
register	注册（免费无鉴权服务商）	2026-08-17T14:04:35.3221344Z Extracting addon (UBO): 39%
register	注册（免费无鉴权服务商）	2026-08-17T14:04:35.3221722Z Extracting addon (UBO): 39%
register	注册（免费无鉴权服务商）	2026-08-17T14:04:35.3222107Z Extracting addon (UBO): 40%
register	注册（免费无鉴权服务商）	2026-08-17T14:04:35.3222478Z Extracting addon (UBO): 40%
register	注册（免费无鉴权服务商）	2026-08-17T14:04:35.3222841Z Extracting addon (UBO): 40%
register	注册（免费无鉴权服务商）	2026-08-17T14:04:35.3223222Z Extracting addon (UBO): 40%
register	注册（免费无鉴权服务商）	2026-08-17T14:04:35.3223605Z Extracting addon (UBO): 40%
register	注册（免费无鉴权服务商）	2026-08-17T14:04:35.3223988Z Extracting addon (UBO): 40%
register	注册（免费无鉴权服务商）	2026-08-17T14:04:35.3261064Z Extracting addon (UBO): 40%
register	注册（免费无鉴权服务商）	2026-08-17T14:04:35.3261857Z Extracting addon (UBO): 41%
register	注册（免费无鉴权服务商）	2026-08-17T14:04:35.3262495Z Extracting addon (UBO): 41%
register	注册（免费无鉴权服务商）	2026-08-17T14:04:35.3262941Z Extracting addon (UBO): 41%
register	注册（免费无鉴权服务商）	2026-08-17T14:04:35.3263338Z Extracting addon (UBO): 41%
register	注册（免费无鉴权服务商）	2026-08-17T14:04:35.3263721Z Extracting addon (UBO): 41%
register	注册（免费无鉴权服务商）	2026-08-17T14:04:35.3264098Z Extracting addon (UBO): 41%
register	注册（免费无鉴权服务商）	2026-08-17T14:04:35.3264476Z Extracting addon (UBO): 41%
register	注册（免费无鉴权服务商）	2026-08-17T14:04:35.3264853Z Extracting addon (UBO): 42%
register	注册（免费无鉴权服务商）	2026-08-17T14:04:35.3265234Z Extracting addon (UBO): 42%
register	注册（免费无鉴权服务商）	2026-08-17T14:04:35.3265618Z Extracting addon (UBO): 42%
register	注册（免费无鉴权服务商）	2026-08-17T14:04:35.3266241Z Extracting addon (UBO): 42%
register	注册（免费无鉴权服务商）	2026-08-17T14:04:35.3266617Z Extracting addon (UBO): 42%
register	注册（免费无鉴权服务商）	2026-08-17T14:04:35.3267003Z Extracting addon (UBO): 42%
register	注册（免费无鉴权服务商）	2026-08-17T14:04:35.3267377Z Extracting addon (UBO): 43%
register	注册（免费无鉴权服务商）	2026-08-17T14:04:35.3267744Z Extracting addon (UBO): 43%
register	注册（免费无鉴权服务商）	2026-08-17T14:04:35.3268120Z Extracting addon (UBO): 43%
register	注册（免费无鉴权服务商）	2026-08-17T14:04:35.3268496Z Extracting addon (UBO): 43%
register	注册（免费无鉴权服务商）	2026-08-17T14:04:35.3268876Z Extracting addon (UBO): 43%
register	注册（免费无鉴权服务商）	2026-08-17T14:04:35.3269249Z Extracting addon (UBO): 43%
register	注册（免费无鉴权服务商）	2026-08-17T14:04:35.3269609Z Extracting addon (UBO): 43%
register	注册（免费无鉴权服务商）	2026-08-17T14:04:35.3336653Z Extracting addon (UBO): 44%
register	注册（免费无鉴权服务商）	2026-08-17T14:04:35.3398430Z Extracting addon (UBO): 44%
register	注册（免费无鉴权服务商）	2026-08-17T14:04:35.3404094Z Extracting addon (UBO): 44%
register	注册（免费无鉴权服务商）	2026-08-17T14:04:35.3405134Z Extracting addon (UBO): 44%
register	注册（免费无鉴权服务商）	2026-08-17T14:04:35.3437661Z Extracting addon (UBO): 44%
register	注册（免费无鉴权服务商）	2026-08-17T14:04:35.3439097Z Extracting addon (UBO): 44%
register	注册（免费无鉴权服务商）	2026-08-17T14:04:35.3454142Z Extracting addon (UBO): 45%
register	注册（免费无鉴权服务商）	2026-08-17T14:04:35.3458188Z Extracting addon (UBO): 45%
register	注册（免费无鉴权服务商）	2026-08-17T14:04:35.3532515Z Extracting addon (UBO): 45%
register	注册（免费无鉴权服务商）	2026-08-17T14:04:35.3533726Z Extracting addon (UBO): 45%
register	注册（免费无鉴权服务商）	2026-08-17T14:04:35.3542447Z Extracting addon (UBO): 45%
register	注册（免费无鉴权服务商）	2026-08-17T14:04:35.3548436Z Extracting addon (UBO): 45%
register	注册（免费无鉴权服务商）	2026-08-17T14:04:35.3556085Z Extracting addon (UBO): 45%
register	注册（免费无鉴权服务商）	2026-08-17T14:04:35.3557870Z Extracting addon (UBO): 46%
register	注册（免费无鉴权服务商）	2026-08-17T14:04:35.3559046Z Extracting addon (UBO): 46%
register	注册（免费无鉴权服务商）	2026-08-17T14:04:35.3561041Z Extracting addon (UBO): 46%
register	注册（免费无鉴权服务商）	2026-08-17T14:04:35.3562010Z Extracting addon (UBO): 46%
register	注册（免费无鉴权服务商）	2026-08-17T14:04:35.3563087Z Extracting addon (UBO): 46%
register	注册（免费无鉴权服务商）	2026-08-17T14:04:35.3563923Z Extracting addon (UBO): 46%
register	注册（免费无鉴权服务商）	2026-08-17T14:04:35.3565454Z Extracting addon (UBO): 47%
register	注册（免费无鉴权服务商）	2026-08-17T14:04:35.3570914Z Extracting addon (UBO): 47%
register	注册（免费无鉴权服务商）	2026-08-17T14:04:35.3582356Z Extracting addon (UBO): 47%
register	注册（免费无鉴权服务商）	2026-08-17T14:04:35.3582737Z Extracting addon (UBO): 47%
register	注册（免费无鉴权服务商）	2026-08-17T14:04:35.3583098Z Extracting addon (UBO): 47%
register	注册（免费无鉴权服务商）	2026-08-17T14:04:35.3583452Z Extracting addon (UBO): 47%
register	注册（免费无鉴权服务商）	2026-08-17T14:04:35.3583689Z Extracting addon (UBO): 47%
register	注册（免费无鉴权服务商）	2026-08-17T14:04:35.3583925Z Extracting addon (UBO): 48%
register	注册（免费无鉴权服务商）	2026-08-17T14:04:35.3584158Z Extracting addon (UBO): 48%
register	注册（免费无鉴权服务商）	2026-08-17T14:04:35.3584390Z Extracting addon (UBO): 48%
register	注册（免费无鉴权服务商）	2026-08-17T14:04:35.3584660Z Extracting addon (UBO): 48%
register	注册（免费无鉴权服务商）	2026-08-17T14:04:35.3585015Z Extracting addon (UBO): 48%
register	注册（免费无鉴权服务商）	2026-08-17T14:04:35.3585397Z Extracting addon (UBO): 48%
register	注册（免费无鉴权服务商）	2026-08-17T14:04:35.3585736Z Extracting addon (UBO): 48%
register	注册（免费无鉴权服务商）	2026-08-17T14:04:35.3586087Z Extracting addon (UBO): 49%
register	注册（免费无鉴权服务商）	2026-08-17T14:04:35.3586362Z Extracting addon (UBO): 49%
register	注册（免费无鉴权服务商）	2026-08-17T14:04:35.3587376Z Extracting addon (UBO): 49%
register	注册（免费无鉴权服务商）	2026-08-17T14:04:35.3589867Z Extracting addon (UBO): 49%
register	注册（免费无鉴权服务商）	2026-08-17T14:04:35.3592588Z Extracting addon (UBO): 49%
register	注册（免费无鉴权服务商）	2026-08-17T14:04:35.3610963Z Extracting addon (UBO): 49%
register	注册（免费无鉴权服务商）	2026-08-17T14:04:35.3611364Z Extracting addon (UBO): 50%
register	注册（免费无鉴权服务商）	2026-08-17T14:04:35.3611730Z Extracting addon (UBO): 50%
register	注册（免费无鉴权服务商）	2026-08-17T14:04:35.3612094Z Extracting addon (UBO): 50%
register	注册（免费无鉴权服务商）	2026-08-17T14:04:35.3612448Z Extracting addon (UBO): 50%
register	注册（免费无鉴权服务商）	2026-08-17T14:04:35.3612837Z Extracting addon (UBO): 50%
register	注册（免费无鉴权服务商）	2026-08-17T14:04:35.3613200Z Extracting addon (UBO): 50%
register	注册（免费无鉴权服务商）	2026-08-17T14:04:35.3613551Z Extracting addon (UBO): 50%
register	注册（免费无鉴权服务商）	2026-08-17T14:04:35.3613910Z Extracting addon (UBO): 51%
register	注册（免费无鉴权服务商）	2026-08-17T14:04:35.3614260Z Extracting addon (UBO): 51%
register	注册（免费无鉴权服务商）	2026-08-17T14:04:35.3614610Z Extracting addon (UBO): 51%
register	注册（免费无鉴权服务商）	2026-08-17T14:04:35.3614925Z Extracting addon (UBO): 51%
register	注册（免费无鉴权服务商）	2026-08-17T14:04:35.3615280Z Extracting addon (UBO): 51%
register	注册（免费无鉴权服务商）	2026-08-17T14:04:35.3615642Z Extracting addon (UBO): 51%
register	注册（免费无鉴权服务商）	2026-08-17T14:04:35.3615993Z Extracting addon (UBO): 52%
register	注册（免费无鉴权服务商）	2026-08-17T14:04:35.3616343Z Extracting addon (UBO): 52%
register	注册（免费无鉴权服务商）	2026-08-17T14:04:35.3616690Z Extracting addon (UBO): 52%
register	注册（免费无鉴权服务商）	2026-08-17T14:04:35.3617044Z Extracting addon (UBO): 52%
register	注册（免费无鉴权服务商）	2026-08-17T14:04:35.3617393Z Extracting addon (UBO): 52%
register	注册（免费无鉴权服务商）	2026-08-17T14:04:35.3617745Z Extracting addon (UBO): 52%
register	注册（免费无鉴权服务商）	2026-08-17T14:04:35.3618099Z Extracting addon (UBO): 52%
register	注册（免费无鉴权服务商）	2026-08-17T14:04:35.3619011Z Extracting addon (UBO): 53%
register	注册（免费无鉴权服务商）	2026-08-17T14:04:35.3622480Z Extracting addon (UBO): 53%
register	注册（免费无鉴权服务商）	2026-08-17T14:04:35.3623392Z Extracting addon (UBO): 53%
register	注册（免费无鉴权服务商）	2026-08-17T14:04:35.3625070Z Extracting addon (UBO): 53%
register	注册（免费无鉴权服务商）	2026-08-17T14:04:35.3625873Z Extracting addon (UBO): 53%
register	注册（免费无鉴权服务商）	2026-08-17T14:04:35.3626811Z Extracting addon (UBO): 53%
register	注册（免费无鉴权服务商）	2026-08-17T14:04:35.3627694Z Extracting addon (UBO): 53%
register	注册（免费无鉴权服务商）	2026-08-17T14:04:35.3628658Z Extracting addon (UBO): 54%
register	注册（免费无鉴权服务商）	2026-08-17T14:04:35.3629566Z Extracting addon (UBO): 54%
register	注册（免费无鉴权服务商）	2026-08-17T14:04:35.3630529Z Extracting addon (UBO): 54%
register	注册（免费无鉴权服务商）	2026-08-17T14:04:35.3631648Z Extracting addon (UBO): 54%
register	注册（免费无鉴权服务商）	2026-08-17T14:04:35.3632558Z Extracting addon (UBO): 54%
register	注册（免费无鉴权服务商）	2026-08-17T14:04:35.3633470Z Extracting addon (UBO): 54%
register	注册（免费无鉴权服务商）	2026-08-17T14:04:35.3634386Z Extracting addon (UBO): 55%
register	注册（免费无鉴权服务商）	2026-08-17T14:04:35.3635333Z Extracting addon (UBO): 55%
register	注册（免费无鉴权服务商）	2026-08-17T14:04:35.3636237Z Extracting addon (UBO): 55%
register	注册（免费无鉴权服务商）	2026-08-17T14:04:35.3637141Z Extracting addon (UBO): 55%
register	注册（免费无鉴权服务商）	2026-08-17T14:04:35.3638056Z Extracting addon (UBO): 55%
register	注册（免费无鉴权服务商）	2026-08-17T14:04:35.3638952Z Extracting addon (UBO): 55%
register	注册（免费无鉴权服务商）	2026-08-17T14:04:35.3640047Z Extracting addon (UBO): 55%
register	注册（免费无鉴权服务商）	2026-08-17T14:04:35.3641126Z Extracting addon (UBO): 56%
register	注册（免费无鉴权服务商）	2026-08-17T14:04:35.3642116Z Extracting addon (UBO): 56%
register	注册（免费无鉴权服务商）	2026-08-17T14:04:35.3643019Z Extracting addon (UBO): 56%
register	注册（免费无鉴权服务商）	2026-08-17T14:04:35.3643929Z Extracting addon (UBO): 56%
register	注册（免费无鉴权服务商）	2026-08-17T14:04:35.3644814Z Extracting addon (UBO): 56%
register	注册（免费无鉴权服务商）	2026-08-17T14:04:35.3645736Z Extracting addon (UBO): 56%
register	注册（免费无鉴权服务商）	2026-08-17T14:04:35.3646625Z Extracting addon (UBO): 57%
register	注册（免费无鉴权服务商）	2026-08-17T14:04:35.3647615Z Extracting addon (UBO): 57%
register	注册（免费无鉴权服务商）	2026-08-17T14:04:35.3648508Z Extracting addon (UBO): 57%
register	注册（免费无鉴权服务商）	2026-08-17T14:04:35.3649413Z Extracting addon (UBO): 57%
register	注册（免费无鉴权服务商）	2026-08-17T14:04:35.3650533Z Extracting addon (UBO): 57%
register	注册（免费无鉴权服务商）	2026-08-17T14:04:35.3651477Z Extracting addon (UBO): 57%
register	注册（免费无鉴权服务商）	2026-08-17T14:04:35.3652421Z Extracting addon (UBO): 57%
register	注册（免费无鉴权服务商）	2026-08-17T14:04:35.3653313Z Extracting addon (UBO): 58%
register	注册（免费无鉴权服务商）	2026-08-17T14:04:35.3654220Z Extracting addon (UBO): 58%
register	注册（免费无鉴权服务商）	2026-08-17T14:04:35.3655203Z Extracting addon (UBO): 58%
register	注册（免费无鉴权服务商）	2026-08-17T14:04:35.3656113Z Extracting addon (UBO): 58%
register	注册（免费无鉴权服务商）	2026-08-17T14:04:35.3657011Z Extracting addon (UBO): 58%
register	注册（免费无鉴权服务商）	2026-08-17T14:04:35.3657922Z Extracting addon (UBO): 58%
register	注册（免费无鉴权服务商）	2026-08-17T14:04:35.3658838Z Extracting addon (UBO): 59%
register	注册（免费无鉴权服务商）	2026-08-17T14:04:35.3659764Z Extracting addon (UBO): 59%
register	注册（免费无鉴权服务商）	2026-08-17T14:04:35.3660897Z Extracting addon (UBO): 59%
register	注册（免费无鉴权服务商）	2026-08-17T14:04:35.3661823Z Extracting addon (UBO): 59%
register	注册（免费无鉴权服务商）	2026-08-17T14:04:35.3662746Z Extracting addon (UBO): 59%
register	注册（免费无鉴权服务商）	2026-08-17T14:04:35.3663662Z Extracting addon (UBO): 59%
register	注册（免费无鉴权服务商）	2026-08-17T14:04:35.3664599Z Extracting addon (UBO): 59%
register	注册（免费无鉴权服务商）	2026-08-17T14:04:35.3665574Z Extracting addon (UBO): 60%
register	注册（免费无鉴权服务商）	2026-08-17T14:04:35.3666495Z Extracting addon (UBO): 60%
register	注册（免费无鉴权服务商）	2026-08-17T14:04:35.3667559Z Extracting addon (UBO): 60%
register	注册（免费无鉴权服务商）	2026-08-17T14:04:35.3668430Z Extracting addon (UBO): 60%
register	注册（免费无鉴权服务商）	2026-08-17T14:04:35.3669359Z Extracting addon (UBO): 60%
register	注册（免费无鉴权服务商）	2026-08-17T14:04:35.3670592Z Extracting addon (UBO): 60%
register	注册（免费无鉴权服务商）	2026-08-17T14:04:35.3671490Z Extracting addon (UBO): 60%
register	注册（免费无鉴权服务商）	2026-08-17T14:04:35.3672486Z Extracting addon (UBO): 61%
register	注册（免费无鉴权服务商）	2026-08-17T14:04:35.3673396Z Extracting addon (UBO): 61%
register	注册（免费无鉴权服务商）	2026-08-17T14:04:35.3674365Z Extracting addon (UBO): 61%
register	注册（免费无鉴权服务商）	2026-08-17T14:04:35.3675273Z Extracting addon (UBO): 61%
register	注册（免费无鉴权服务商）	2026-08-17T14:04:35.3676284Z Extracting addon (UBO): 61%
register	注册（免费无鉴权服务商）	2026-08-17T14:04:35.3677229Z Extracting addon (UBO): 61%
register	注册（免费无鉴权服务商）	2026-08-17T14:04:35.3678215Z Extracting addon (UBO): 62%
register	注册（免费无鉴权服务商）	2026-08-17T14:04:35.3679100Z Extracting addon (UBO): 62%
register	注册（免费无鉴权服务商）	2026-08-17T14:04:35.3680083Z Extracting addon (UBO): 62%
register	注册（免费无鉴权服务商）	2026-08-17T14:04:35.3690857Z Extracting addon (UBO): 62%
register	注册（免费无鉴权服务商）	2026-08-17T14:04:35.3700892Z Extracting addon (UBO): 62%
register	注册（免费无鉴权服务商）	2026-08-17T14:04:35.3701251Z Extracting addon (UBO): 62%
register	注册（免费无鉴权服务商）	2026-08-17T14:04:35.3701571Z Extracting addon (UBO): 62%
register	注册（免费无鉴权服务商）	2026-08-17T14:04:35.3701882Z Extracting addon (UBO): 63%
register	注册（免费无鉴权服务商）	2026-08-17T14:04:35.3702149Z Extracting addon (UBO): 63%
register	注册（免费无鉴权服务商）	2026-08-17T14:04:35.3702380Z Extracting addon (UBO): 63%
register	注册（免费无鉴权服务商）	2026-08-17T14:04:35.3702613Z Extracting addon (UBO): 63%
register	注册（免费无鉴权服务商）	2026-08-17T14:04:35.3702964Z Extracting addon (UBO): 63%
register	注册（免费无鉴权服务商）	2026-08-17T14:04:35.3703198Z Extracting addon (UBO): 63%
register	注册（免费无鉴权服务商）	2026-08-17T14:04:35.3703422Z Extracting addon (UBO): 64%
register	注册（免费无鉴权服务商）	2026-08-17T14:04:35.3703719Z Extracting addon (UBO): 64%
register	注册（免费无鉴权服务商）	2026-08-17T14:04:35.3703996Z Extracting addon (UBO): 64%
register	注册（免费无鉴权服务商）	2026-08-17T14:04:35.3704403Z Extracting addon (UBO): 64%
register	注册（免费无鉴权服务商）	2026-08-17T14:04:35.3704748Z Extracting addon (UBO): 64%
register	注册（免费无鉴权服务商）	2026-08-17T14:04:35.3704974Z Extracting addon (UBO): 64%
register	注册（免费无鉴权服务商）	2026-08-17T14:04:35.3705197Z Extracting addon (UBO): 64%
register	注册（免费无鉴权服务商）	2026-08-17T14:04:35.3705526Z Extracting addon (UBO): 65%
register	注册（免费无鉴权服务商）	2026-08-17T14:04:35.3705814Z Extracting addon (UBO): 65%
register	注册（免费无鉴权服务商）	2026-08-17T14:04:35.3706044Z Extracting addon (UBO): 65%
register	注册（免费无鉴权服务商）	2026-08-17T14:04:35.3706343Z Extracting addon (UBO): 65%
register	注册（免费无鉴权服务商）	2026-08-17T14:04:35.3706647Z Extracting addon (UBO): 65%
register	注册（免费无鉴权服务商）	2026-08-17T14:04:35.3706878Z Extracting addon (UBO): 65%
register	注册（免费无鉴权服务商）	2026-08-17T14:04:35.3707145Z Extracting addon (UBO): 66%
register	注册（免费无鉴权服务商）	2026-08-17T14:04:35.3707461Z Extracting addon (UBO): 66%
register	注册（免费无鉴权服务商）	2026-08-17T14:04:35.3707688Z Extracting addon (UBO): 66%
register	注册（免费无鉴权服务商）	2026-08-17T14:04:35.3707925Z Extracting addon (UBO): 66%
register	注册（免费无鉴权服务商）	2026-08-17T14:04:35.3708254Z Extracting addon (UBO): 66%
register	注册（免费无鉴权服务商）	2026-08-17T14:04:35.3708498Z Extracting addon (UBO): 66%
register	注册（免费无鉴权服务商）	2026-08-17T14:04:35.3708725Z Extracting addon (UBO): 66%
register	注册（免费无鉴权服务商）	2026-08-17T14:04:35.3708988Z Extracting addon (UBO): 67%
register	注册（免费无鉴权服务商）	2026-08-17T14:04:35.3709320Z Extracting addon (UBO): 67%
register	注册（免费无鉴权服务商）	2026-08-17T14:04:35.3709575Z Extracting addon (UBO): 67%
register	注册（免费无鉴权服务商）	2026-08-17T14:04:35.3709816Z Extracting addon (UBO): 67%
register	注册（免费无鉴权服务商）	2026-08-17T14:04:35.3710365Z Extracting addon (UBO): 67%
register	注册（免费无鉴权服务商）	2026-08-17T14:04:35.3710483Z Extracting addon (UBO): 67%
register	注册（免费无鉴权服务商）	2026-08-17T14:04:35.3710710Z Extracting addon (UBO): 67%
register	注册（免费无鉴权服务商）	2026-08-17T14:04:35.3710799Z Extracting addon (UBO): 68%
register	注册（免费无鉴权服务商）	2026-08-17T14:04:35.3710897Z Extracting addon (UBO): 68%
register	注册（免费无鉴权服务商）	2026-08-17T14:04:35.3711054Z Extracting addon (UBO): 68%
register	注册（免费无鉴权服务商）	2026-08-17T14:04:35.3711202Z Extracting addon (UBO): 68%
register	注册（免费无鉴权服务商）	2026-08-17T14:04:35.3712224Z Extracting addon (UBO): 68%
register	注册（免费无鉴权服务商）	2026-08-17T14:04:35.3713201Z Extracting addon (UBO): 68%
register	注册（免费无鉴权服务商）	2026-08-17T14:04:35.3714170Z Extracting addon (UBO): 69%
register	注册（免费无鉴权服务商）	2026-08-17T14:04:35.3715245Z Extracting addon (UBO): 69%
register	注册（免费无鉴权服务商）	2026-08-17T14:04:35.3716242Z Extracting addon (UBO): 69%
register	注册（免费无鉴权服务商）	2026-08-17T14:04:35.3717230Z Extracting addon (UBO): 69%
register	注册（免费无鉴权服务商）	2026-08-17T14:04:35.3718233Z Extracting addon (UBO): 69%
register	注册（免费无鉴权服务商）	2026-08-17T14:04:35.3719244Z Extracting addon (UBO): 69%
register	注册（免费无鉴权服务商）	2026-08-17T14:04:35.3720448Z Extracting addon (UBO): 69%
register	注册（免费无鉴权服务商）	2026-08-17T14:04:35.3721505Z Extracting addon (UBO): 70%
register	注册（免费无鉴权服务商）	2026-08-17T14:04:35.3722529Z Extracting addon (UBO): 70%
register	注册（免费无鉴权服务商）	2026-08-17T14:04:35.3723551Z Extracting addon (UBO): 70%
register	注册（免费无鉴权服务商）	2026-08-17T14:04:35.3724625Z Extracting addon (UBO): 70%
register	注册（免费无鉴权服务商）	2026-08-17T14:04:35.3725732Z Extracting addon (UBO): 70%
register	注册（免费无鉴权服务商）	2026-08-17T14:04:35.3726755Z Extracting addon (UBO): 70%
register	注册（免费无鉴权服务商）	2026-08-17T14:04:35.3727766Z Extracting addon (UBO): 71%
register	注册（免费无鉴权服务商）	2026-08-17T14:04:35.3728781Z Extracting addon (UBO): 71%
register	注册（免费无鉴权服务商）	2026-08-17T14:04:35.3729790Z Extracting addon (UBO): 71%
register	注册（免费无鉴权服务商）	2026-08-17T14:04:35.3730998Z Extracting addon (UBO): 71%
register	注册（免费无鉴权服务商）	2026-08-17T14:04:35.3732075Z Extracting addon (UBO): 71%
register	注册（免费无鉴权服务商）	2026-08-17T14:04:35.3733073Z Extracting addon (UBO): 71%
register	注册（免费无鉴权服务商）	2026-08-17T14:04:35.3734073Z Extracting addon (UBO): 71%
register	注册（免费无鉴权服务商）	2026-08-17T14:04:35.3735074Z Extracting addon (UBO): 72%
register	注册（免费无鉴权服务商）	2026-08-17T14:04:35.3736092Z Extracting addon (UBO): 72%
register	注册（免费无鉴权服务商）	2026-08-17T14:04:35.3737095Z Extracting addon (UBO): 72%
register	注册（免费无鉴权服务商）	2026-08-17T14:04:35.3738119Z Extracting addon (UBO): 72%
register	注册（免费无鉴权服务商）	2026-08-17T14:04:35.3739139Z Extracting addon (UBO): 72%
register	注册（免费无鉴权服务商）	2026-08-17T14:04:35.3740141Z Extracting addon (UBO): 72%
register	注册（免费无鉴权服务商）	2026-08-17T14:04:35.3741502Z Extracting addon (UBO): 72%
register	注册（免费无鉴权服务商）	2026-08-17T14:04:35.3742558Z Extracting addon (UBO): 73%
register	注册（免费无鉴权服务商）	2026-08-17T14:04:35.3743623Z Extracting addon (UBO): 73%
register	注册（免费无鉴权服务商）	2026-08-17T14:04:35.3744686Z Extracting addon (UBO): 73%
register	注册（免费无鉴权服务商）	2026-08-17T14:04:35.3745772Z Extracting addon (UBO): 73%
register	注册（免费无鉴权服务商）	2026-08-17T14:04:35.3746821Z Extracting addon (UBO): 73%
register	注册（免费无鉴权服务商）	2026-08-17T14:04:35.3747883Z Extracting addon (UBO): 73%
register	注册（免费无鉴权服务商）	2026-08-17T14:04:35.3748921Z Extracting addon (UBO): 74%
register	注册（免费无鉴权服务商）	2026-08-17T14:04:35.3749950Z Extracting addon (UBO): 74%
register	注册（免费无鉴权服务商）	2026-08-17T14:04:35.3751206Z Extracting addon (UBO): 74%
register	注册（免费无鉴权服务商）	2026-08-17T14:04:35.3752286Z Extracting addon (UBO): 74%
register	注册（免费无鉴权服务商）	2026-08-17T14:04:35.3753351Z Extracting addon (UBO): 74%
register	注册（免费无鉴权服务商）	2026-08-17T14:04:35.3754400Z Extracting addon (UBO): 74%
register	注册（免费无鉴权服务商）	2026-08-17T14:04:35.3755474Z Extracting addon (UBO): 74%
register	注册（免费无鉴权服务商）	2026-08-17T14:04:35.3756551Z Extracting addon (UBO): 75%
register	注册（免费无鉴权服务商）	2026-08-17T14:04:35.3757603Z Extracting addon (UBO): 75%
register	注册（免费无鉴权服务商）	2026-08-17T14:04:35.3759518Z Extracting addon (UBO): 75%
register	注册（免费无鉴权服务商）	2026-08-17T14:04:35.3760514Z Extracting addon (UBO): 75%
register	注册（免费无鉴权服务商）	2026-08-17T14:04:35.3762153Z Extracting addon (UBO): 75%
register	注册（免费无鉴权服务商）	2026-08-17T14:04:35.3762950Z Extracting addon (UBO): 75%
register	注册（免费无鉴权服务商）	2026-08-17T14:04:35.3764260Z Extracting addon (UBO): 76%
register	注册（免费无鉴权服务商）	2026-08-17T14:04:35.3765117Z Extracting addon (UBO): 76%
register	注册（免费无鉴权服务商）	2026-08-17T14:04:35.3766311Z Extracting addon (UBO): 76%
register	注册（免费无鉴权服务商）	2026-08-17T14:04:35.3767381Z Extracting addon (UBO): 76%
register	注册（免费无鉴权服务商）	2026-08-17T14:04:35.3768422Z Extracting addon (UBO): 76%
register	注册（免费无鉴权服务商）	2026-08-17T14:04:35.3769504Z Extracting addon (UBO): 76%
register	注册（免费无鉴权服务商）	2026-08-17T14:04:35.3770620Z Extracting addon (UBO): 76%
register	注册（免费无鉴权服务商）	2026-08-17T14:04:35.3771828Z Extracting addon (UBO): 77%
register	注册（免费无鉴权服务商）	2026-08-17T14:04:35.3772920Z Extracting addon (UBO): 77%
register	注册（免费无鉴权服务商）	2026-08-17T14:04:35.3773968Z Extracting addon (UBO): 77%
register	注册（免费无鉴权服务商）	2026-08-17T14:04:35.3775009Z Extracting addon (UBO): 77%
register	注册（免费无鉴权服务商）	2026-08-17T14:04:35.3776070Z Extracting addon (UBO): 77%
register	注册（免费无鉴权服务商）	2026-08-17T14:04:35.3777157Z Extracting addon (UBO): 77%
register	注册（免费无鉴权服务商）	2026-08-17T14:04:35.3778298Z Extracting addon (UBO): 78%
register	注册（免费无鉴权服务商）	2026-08-17T14:04:35.3779401Z Extracting addon (UBO): 78%
register	注册（免费无鉴权服务商）	2026-08-17T14:04:35.3780622Z Extracting addon (UBO): 78%
register	注册（免费无鉴权服务商）	2026-08-17T14:04:35.3781842Z Extracting addon (UBO): 78%
register	注册（免费无鉴权服务商）	2026-08-17T14:04:35.3782948Z Extracting addon (UBO): 78%
register	注册（免费无鉴权服务商）	2026-08-17T14:04:35.3784022Z Extracting addon (UBO): 78%
register	注册（免费无鉴权服务商）	2026-08-17T14:04:35.3785082Z Extracting addon (UBO): 78%
register	注册（免费无鉴权服务商）	2026-08-17T14:04:35.3786174Z Extracting addon (UBO): 79%
register	注册（免费无鉴权服务商）	2026-08-17T14:04:35.3787219Z Extracting addon (UBO): 79%
register	注册（免费无鉴权服务商）	2026-08-17T14:04:35.3788306Z Extracting addon (UBO): 79%
register	注册（免费无鉴权服务商）	2026-08-17T14:04:35.3789396Z Extracting addon (UBO): 79%
register	注册（免费无鉴权服务商）	2026-08-17T14:04:35.3790594Z Extracting addon (UBO): 79%
register	注册（免费无鉴权服务商）	2026-08-17T14:04:35.3791774Z Extracting addon (UBO): 79%
register	注册（免费无鉴权服务商）	2026-08-17T14:04:35.3792879Z Extracting addon (UBO): 79%
register	注册（免费无鉴权服务商）	2026-08-17T14:04:35.3793943Z Extracting addon (UBO): 80%
register	注册（免费无鉴权服务商）	2026-08-17T14:04:35.3795117Z Extracting addon (UBO): 80%
register	注册（免费无鉴权服务商）	2026-08-17T14:04:35.3796204Z Extracting addon (UBO): 80%
register	注册（免费无鉴权服务商）	2026-08-17T14:04:35.3797276Z Extracting addon (UBO): 80%
register	注册（免费无鉴权服务商）	2026-08-17T14:04:35.3798359Z Extracting addon (UBO): 80%
register	注册（免费无鉴权服务商）	2026-08-17T14:04:35.3799438Z Extracting addon (UBO): 80%
register	注册（免费无鉴权服务商）	2026-08-17T14:04:35.3800583Z Extracting addon (UBO): 81%
register	注册（免费无鉴权服务商）	2026-08-17T14:04:35.3801975Z Extracting addon (UBO): 81%
register	注册（免费无鉴权服务商）	2026-08-17T14:04:35.3802975Z Extracting addon (UBO): 81%
register	注册（免费无鉴权服务商）	2026-08-17T14:04:35.3804055Z Extracting addon (UBO): 81%
register	注册（免费无鉴权服务商）	2026-08-17T14:04:35.3805166Z Extracting addon (UBO): 81%
register	注册（免费无鉴权服务商）	2026-08-17T14:04:35.3806295Z Extracting addon (UBO): 81%
register	注册（免费无鉴权服务商）	2026-08-17T14:04:35.3807355Z Extracting addon (UBO): 81%
register	注册（免费无鉴权服务商）	2026-08-17T14:04:35.3808431Z Extracting addon (UBO): 82%
register	注册（免费无鉴权服务商）	2026-08-17T14:04:35.3809536Z Extracting addon (UBO): 82%
register	注册（免费无鉴权服务商）	2026-08-17T14:04:35.3810897Z Extracting addon (UBO): 82%
register	注册（免费无鉴权服务商）	2026-08-17T14:04:35.3812058Z Extracting addon (UBO): 82%
register	注册（免费无鉴权服务商）	2026-08-17T14:04:35.3813213Z Extracting addon (UBO): 82%
register	注册（免费无鉴权服务商）	2026-08-17T14:04:35.3814316Z Extracting addon (UBO): 82%
register	注册（免费无鉴权服务商）	2026-08-17T14:04:35.3815424Z Extracting addon (UBO): 83%
register	注册（免费无鉴权服务商）	2026-08-17T14:04:35.3816553Z Extracting addon (UBO): 83%
register	注册（免费无鉴权服务商）	2026-08-17T14:04:35.3817661Z Extracting addon (UBO): 83%
register	注册（免费无鉴权服务商）	2026-08-17T14:04:35.3818757Z Extracting addon (UBO): 83%
register	注册（免费无鉴权服务商）	2026-08-17T14:04:35.3819858Z Extracting addon (UBO): 83%
register	注册（免费无鉴权服务商）	2026-08-17T14:04:35.3821295Z Extracting addon (UBO): 83%
register	注册（免费无鉴权服务商）	2026-08-17T14:04:35.3822424Z Extracting addon (UBO): 83%
register	注册（免费无鉴权服务商）	2026-08-17T14:04:35.3823524Z Extracting addon (UBO): 84%
register	注册（免费无鉴权服务商）	2026-08-17T14:04:35.3824610Z Extracting addon (UBO): 84%
register	注册（免费无鉴权服务商）	2026-08-17T14:04:35.3825738Z Extracting addon (UBO): 84%
register	注册（免费无鉴权服务商）	2026-08-17T14:04:35.3826828Z Extracting addon (UBO): 84%
register	注册（免费无鉴权服务商）	2026-08-17T14:04:35.3827917Z Extracting addon (UBO): 84%
register	注册（免费无鉴权服务商）	2026-08-17T14:04:35.3829041Z Extracting addon (UBO): 84%
register	注册（免费无鉴权服务商）	2026-08-17T14:04:35.3830126Z Extracting addon (UBO): 84%
register	注册（免费无鉴权服务商）	2026-08-17T14:04:35.3831828Z Extracting addon (UBO): 85%
register	注册（免费无鉴权服务商）	2026-08-17T14:04:35.3832707Z Extracting addon (UBO): 85%
register	注册（免费无鉴权服务商）	2026-08-17T14:04:35.3833893Z Extracting addon (UBO): 85%
register	注册（免费无鉴权服务商）	2026-08-17T14:04:35.3835014Z Extracting addon (UBO): 85%
register	注册（免费无鉴权服务商）	2026-08-17T14:04:35.3836155Z Extracting addon (UBO): 85%
register	注册（免费无鉴权服务商）	2026-08-17T14:04:35.3837284Z Extracting addon (UBO): 85%
register	注册（免费无鉴权服务商）	2026-08-17T14:04:35.3838410Z Extracting addon (UBO): 86%
register	注册（免费无鉴权服务商）	2026-08-17T14:04:35.3839559Z Extracting addon (UBO): 86%
register	注册（免费无鉴权服务商）	2026-08-17T14:04:35.3840911Z Extracting addon (UBO): 86%
register	注册（免费无鉴权服务商）	2026-08-17T14:04:35.3842115Z Extracting addon (UBO): 86%
register	注册（免费无鉴权服务商）	2026-08-17T14:04:35.3843241Z Extracting addon (UBO): 86%
register	注册（免费无鉴权服务商）	2026-08-17T14:04:35.3844851Z Extracting addon (UBO): 86%
register	注册（免费无鉴权服务商）	2026-08-17T14:04:35.3845656Z Extracting addon (UBO): 86%
register	注册（免费无鉴权服务商）	2026-08-17T14:04:35.3846976Z Extracting addon (UBO): 87%
register	注册（免费无鉴权服务商）	2026-08-17T14:04:35.3848040Z Extracting addon (UBO): 87%
register	注册（免费无鉴权服务商）	2026-08-17T14:04:35.3849164Z Extracting addon (UBO): 87%
register	注册（免费无鉴权服务商）	2026-08-17T14:04:35.3850566Z Extracting addon (UBO): 87%
register	注册（免费无鉴权服务商）	2026-08-17T14:04:35.3851762Z Extracting addon (UBO): 87%
register	注册（免费无鉴权服务商）	2026-08-17T14:04:35.3852893Z Extracting addon (UBO): 87%
register	注册（免费无鉴权服务商）	2026-08-17T14:04:35.3854066Z Extracting addon (UBO): 88%
register	注册（免费无鉴权服务商）	2026-08-17T14:04:35.3855244Z Extracting addon (UBO): 88%
register	注册（免费无鉴权服务商）	2026-08-17T14:04:35.3856361Z Extracting addon (UBO): 88%
register	注册（免费无鉴权服务商）	2026-08-17T14:04:35.3857494Z Extracting addon (UBO): 88%
register	注册（免费无鉴权服务商）	2026-08-17T14:04:35.3858616Z Extracting addon (UBO): 88%
register	注册（免费无鉴权服务商）	2026-08-17T14:04:35.3859740Z Extracting addon (UBO): 88%
register	注册（免费无鉴权服务商）	2026-08-17T14:04:35.3861116Z Extracting addon (UBO): 88%
register	注册（免费无鉴权服务商）	2026-08-17T14:04:35.3862263Z Extracting addon (UBO): 89%
register	注册（免费无鉴权服务商）	2026-08-17T14:04:35.3863386Z Extracting addon (UBO): 89%
register	注册（免费无鉴权服务商）	2026-08-17T14:04:35.3864536Z Extracting addon (UBO): 89%
register	注册（免费无鉴权服务商）	2026-08-17T14:04:35.3865710Z Extracting addon (UBO): 89%
register	注册（免费无鉴权服务商）	2026-08-17T14:04:35.3866842Z Extracting addon (UBO): 89%
register	注册（免费无鉴权服务商）	2026-08-17T14:04:35.3867992Z Extracting addon (UBO): 89%
register	注册（免费无鉴权服务商）	2026-08-17T14:04:35.3869192Z Extracting addon (UBO): 90%
register	注册（免费无鉴权服务商）	2026-08-17T14:04:35.3870625Z Extracting addon (UBO): 90%
register	注册（免费无鉴权服务商）	2026-08-17T14:04:35.3871829Z Extracting addon (UBO): 90%
register	注册（免费无鉴权服务商）	2026-08-17T14:04:35.3872973Z Extracting addon (UBO): 90%
register	注册（免费无鉴权服务商）	2026-08-17T14:04:35.3874122Z Extracting addon (UBO): 90%
register	注册（免费无鉴权服务商）	2026-08-17T14:04:35.3875260Z Extracting addon (UBO): 90%
register	注册（免费无鉴权服务商）	2026-08-17T14:04:35.3876418Z Extracting addon (UBO): 90%
register	注册（免费无鉴权服务商）	2026-08-17T14:04:35.3877679Z Extracting addon (UBO): 91%
register	注册（免费无鉴权服务商）	2026-08-17T14:04:35.3879113Z Extracting addon (UBO): 91%
register	注册（免费无鉴权服务商）	2026-08-17T14:04:35.3880357Z Extracting addon (UBO): 91%
register	注册（免费无鉴权服务商）	2026-08-17T14:04:35.3881641Z Extracting addon (UBO): 91%
register	注册（免费无鉴权服务商）	2026-08-17T14:04:35.3882844Z Extracting addon (UBO): 91%
register	注册（免费无鉴权服务商）	2026-08-17T14:04:35.3885256Z Extracting addon (UBO): 91%
register	注册（免费无鉴权服务商）	2026-08-17T14:04:35.3886273Z Extracting addon (UBO): 91%
register	注册（免费无鉴权服务商）	2026-08-17T14:04:35.3887436Z Extracting addon (UBO): 92%
register	注册（免费无鉴权服务商）	2026-08-17T14:04:35.3890030Z Extracting addon (UBO): 92%
register	注册（免费无鉴权服务商）	2026-08-17T14:04:35.3892290Z Extracting addon (UBO): 92%
register	注册（免费无鉴权服务商）	2026-08-17T14:04:35.3893842Z Extracting addon (UBO): 92%
register	注册（免费无鉴权服务商）	2026-08-17T14:04:35.3896775Z Extracting addon (UBO): 92%
register	注册（免费无鉴权服务商）	2026-08-17T14:04:35.3898703Z Extracting addon (UBO): 92%
register	注册（免费无鉴权服务商）	2026-08-17T14:04:35.3900981Z Extracting addon (UBO): 93%
register	注册（免费无鉴权服务商）	2026-08-17T14:04:35.3902908Z Extracting addon (UBO): 93%
register	注册（免费无鉴权服务商）	2026-08-17T14:04:35.3906614Z Extracting addon (UBO): 93%
register	注册（免费无鉴权服务商）	2026-08-17T14:04:35.3908176Z Extracting addon (UBO): 93%
register	注册（免费无鉴权服务商）	2026-08-17T14:04:35.3911089Z Extracting addon (UBO): 93%
register	注册（免费无鉴权服务商）	2026-08-17T14:04:35.3912533Z Extracting addon (UBO): 93%
register	注册（免费无鉴权服务商）	2026-08-17T14:04:35.3921016Z Extracting addon (UBO): 93%
register	注册（免费无鉴权服务商）	2026-08-17T14:04:35.3921154Z Extracting addon (UBO): 94%
register	注册（免费无鉴权服务商）	2026-08-17T14:04:35.3921295Z Extracting addon (UBO): 94%
register	注册（免费无鉴权服务商）	2026-08-17T14:04:35.3921435Z Extracting addon (UBO): 94%
register	注册（免费无鉴权服务商）	2026-08-17T14:04:35.3921987Z Extracting addon (UBO): 94%
register	注册（免费无鉴权服务商）	2026-08-17T14:04:35.3924036Z Extracting addon (UBO): 94%
register	注册（免费无鉴权服务商）	2026-08-17T14:04:35.3925737Z Extracting addon (UBO): 94%
register	注册（免费无鉴权服务商）	2026-08-17T14:04:35.3928849Z Extracting addon (UBO): 95%
register	注册（免费无鉴权服务商）	2026-08-17T14:04:35.3931138Z Extracting addon (UBO): 95%
register	注册（免费无鉴权服务商）	2026-08-17T14:04:35.3932915Z Extracting addon (UBO): 95%
register	注册（免费无鉴权服务商）	2026-08-17T14:04:35.3936146Z Extracting addon (UBO): 95%
register	注册（免费无鉴权服务商）	2026-08-17T14:04:35.3953813Z Extracting addon (UBO): 95%
register	注册（免费无鉴权服务商）	2026-08-17T14:04:35.3955317Z Extracting addon (UBO): 95%
register	注册（免费无鉴权服务商）	2026-08-17T14:04:35.3956956Z Extracting addon (UBO): 95%
register	注册（免费无鉴权服务商）	2026-08-17T14:04:35.3959196Z Extracting addon (UBO): 96%
register	注册（免费无鉴权服务商）	2026-08-17T14:04:35.3960680Z Extracting addon (UBO): 96%
register	注册（免费无鉴权服务商）	2026-08-17T14:04:35.3961927Z Extracting addon (UBO): 96%
register	注册（免费无鉴权服务商）	2026-08-17T14:04:35.3962854Z Extracting addon (UBO): 96%
register	注册（免费无鉴权服务商）	2026-08-17T14:04:35.3964106Z Extracting addon (UBO): 96%
register	注册（免费无鉴权服务商）	2026-08-17T14:04:35.3965537Z Extracting addon (UBO): 96%
register	注册（免费无鉴权服务商）	2026-08-17T14:04:35.3967079Z Extracting addon (UBO): 97%
register	注册（免费无鉴权服务商）	2026-08-17T14:04:35.3971939Z Extracting addon (UBO): 97%
register	注册（免费无鉴权服务商）	2026-08-17T14:04:35.3972871Z Extracting addon (UBO): 97%
register	注册（免费无鉴权服务商）	2026-08-17T14:04:35.3975417Z Extracting addon (UBO): 97%
register	注册（免费无鉴权服务商）	2026-08-17T14:04:35.3977245Z Extracting addon (UBO): 97%
register	注册（免费无鉴权服务商）	2026-08-17T14:04:35.3978116Z Extracting addon (UBO): 97%
register	注册（免费无鉴权服务商）	2026-08-17T14:04:35.3979211Z Extracting addon (UBO): 97%
register	注册（免费无鉴权服务商）	2026-08-17T14:04:35.3980940Z Extracting addon (UBO): 98%
register	注册（免费无鉴权服务商）	2026-08-17T14:04:35.3981934Z Extracting addon (UBO): 98%
register	注册（免费无鉴权服务商）	2026-08-17T14:04:35.3983023Z Extracting addon (UBO): 98%
register	注册（免费无鉴权服务商）	2026-08-17T14:04:35.3984668Z Extracting addon (UBO): 98%
register	注册（免费无鉴权服务商）	2026-08-17T14:04:35.3992603Z Extracting addon (UBO): 98%
register	注册（免费无鉴权服务商）	2026-08-17T14:04:35.3994568Z Extracting addon (UBO): 98%
register	注册（免费无鉴权服务商）	2026-08-17T14:04:35.3995468Z Extracting addon (UBO): 98%
register	注册（免费无鉴权服务商）	2026-08-17T14:04:35.3997109Z Extracting addon (UBO): 99%
register	注册（免费无鉴权服务商）	2026-08-17T14:04:35.4000398Z Extracting addon (UBO): 99%
register	注册（免费无鉴权服务商）	2026-08-17T14:04:35.4001313Z Extracting addon (UBO): 99%
register	注册（免费无鉴权服务商）	2026-08-17T14:04:35.4002421Z Extracting addon (UBO): 99%
register	注册（免费无鉴权服务商）	2026-08-17T14:04:35.4007370Z Extracting addon (UBO): 99%
register	注册（免费无鉴权服务商）	2026-08-17T14:04:35.4008406Z Extracting addon (UBO): 99%
register	注册（免费无鉴权服务商）	2026-08-17T14:04:35.4013044Z Extracting addon (UBO): 100%
register	注册（免费无鉴权服务商）	2026-08-17T14:04:35.4013965Z Extracting addon (UBO): 100%
register	注册（免费无鉴权服务商）	2026-08-17T14:04:35.4015406Z Extracting addon (UBO): 100%
register	注册（免费无鉴权服务商）	2026-08-17T14:04:35.4291757Z 14:04:35 [ERROR] [Camoufox注册] 失败：RuntimeError: Camoufox 浏览器二进制未安装，请先执行: camoufox fetch
register	注册（免费无鉴权服务商）	2026-08-17T14:04:35.4292800Z 14:04:35 [INFO] [Catchmail] 已释放邮箱上下文: qilyt11mo8@catchmail.io（status=available, note=Camoufox失败: Camoufox 浏览器二进制未安装，请先执行: camoufox fetch）
register	注册（免费无鉴权服务商）	2026-08-17T14:04:35.4294086Z 14:04:35 [INFO] [批量] 开始第 5/100 个注册
register	注册（免费无鉴权服务商）	2026-08-17T14:04:35.4301676Z 14:04:35 [DEBUG] Starting new HTTPS connection (1): throwawaymail.app:443
register	注册（免费无鉴权服务商）	2026-08-17T14:04:35.5834368Z 14:04:35 [DEBUG] https://api.mail.tm:443 "POST /accounts HTTP/1.1" 201 211
register	注册（免费无鉴权服务商）	2026-08-17T14:04:35.5852590Z 14:04:35 [DEBUG] Starting new HTTPS connection (1): api.mail.tm:443
register	注册（免费无鉴权服务商）	2026-08-17T14:04:35.5855140Z 14:04:35 [DEBUG] https://tempmailc.com:443 "GET /api/v1/domains HTTP/1.1" 200 78
register	注册（免费无鉴权服务商）	2026-08-17T14:04:35.5869430Z 14:04:35 [INFO] [TempMailC] 已获取可用域名: kojoball.email,kortazo.email,domsr.fun
register	注册（免费无鉴权服务商）	2026-08-17T14:04:35.5870551Z 14:04:35 [INFO] [TempMailC] 已生成临时邮箱: hnjol3rcak@kortazo.email
register	注册（免费无鉴权服务商）	2026-08-17T14:04:35.5871959Z 14:04:35 [INFO] [EmailProvider] 使用邮箱来源: tempmailc, email=hnjol3rcak@kortazo.email (order=['tempmailc', 'catchmail', 'mailtm', 'myagentinbox', 'throwawaymail', 'tempmail', 'qxfy', 'dropmail', 'onesecmail'])
register	注册（免费无鉴权服务商）	2026-08-17T14:04:35.5872992Z 14:04:35 [DEBUG] 自动获取邮箱: hnjol3rcak@kortazo.email
register	注册（免费无鉴权服务商）	2026-08-17T14:04:35.5873384Z 14:04:35 [DEBUG] 自动生成显示名称: Hadwet Upqcivj
register	注册（免费无鉴权服务商）	2026-08-17T14:04:35.5873781Z 14:04:35 [INFO] [Camoufox] 使用代理: socks5://127.0.0.1:40000
register	注册（免费无鉴权服务商）	2026-08-17T14:04:35.5874202Z 14:04:35 [INFO] [Camoufox] 启动无头浏览器 (headless=True)...
register	注册（免费无鉴权服务商）	2026-08-17T14:04:35.5874533Z 14:04:35 [DEBUG] Using selector: EpollSelector
register	注册（免费无鉴权服务商）	2026-08-17T14:04:35.6675366Z 14:04:35 [DEBUG] https://throwawaymail.app:443 "POST /api/mailboxes HTTP/1.1" 201 199
register	注册（免费无鉴权服务商）	2026-08-17T14:04:35.6690024Z 14:04:35 [INFO] [ThrowawayMail] 已创建临时邮箱: lonely.trap.leisure@throwawaymail.app（过期 2026-08-17T14:14:35.636140+00:00）
register	注册（免费无鉴权服务商）	2026-08-17T14:04:35.6692231Z 14:04:35 [INFO] [EmailProvider] 使用邮箱来源: throwawaymail, email=lonely.trap.leisure@throwawaymail.app (order=['throwawaymail', 'tempmailc', 'catchmail', 'qxfy', 'tempmail', 'dropmail', 'onesecmail', 'myagentinbox', 'mailtm'])
register	注册（免费无鉴权服务商）	2026-08-17T14:04:35.6693776Z 14:04:35 [DEBUG] 自动获取邮箱: lonely.trap.leisure@throwawaymail.app
register	注册（免费无鉴权服务商）	2026-08-17T14:04:35.6694429Z 14:04:35 [DEBUG] 自动生成显示名称: Qgjur Rdqvgt
register	注册（免费无鉴权服务商）	2026-08-17T14:04:35.6695023Z 14:04:35 [INFO] [Camoufox] 使用代理: socks5://127.0.0.1:40000
register	注册（免费无鉴权服务商）	2026-08-17T14:04:35.6700378Z 14:04:35 [INFO] [Camoufox] 启动无头浏览器 (headless=True)...
register	注册（免费无鉴权服务商）	2026-08-17T14:04:35.6700934Z 14:04:35 [DEBUG] Using selector: EpollSelector
register	注册（免费无鉴权服务商）	2026-08-17T14:04:35.9271485Z 14:04:35 [ERROR] [Camoufox注册] 失败：RuntimeError: Camoufox 浏览器二进制未安装，请先执行: camoufox fetch
register	注册（免费无鉴权服务商）	2026-08-17T14:04:35.9273057Z 14:04:35 [INFO] [TempMailC] 已释放邮箱上下文: hnjol3rcak@kortazo.email（status=available, note=Camoufox失败: Camoufox 浏览器二进制未安装，请先执行: camoufox fetch）
register	注册（免费无鉴权服务商）	2026-08-17T14:04:35.9274089Z 14:04:35 [INFO] [批量] 开始第 6/100 个注册
register	注册（免费无鉴权服务商）	2026-08-17T14:04:35.9314434Z 14:04:35 [DEBUG] Starting new HTTPS connection (1): myagentinbox.com:443
register	注册（免费无鉴权服务商）	2026-08-17T14:04:36.0169815Z 14:04:36 [ERROR] [Camoufox注册] 失败：RuntimeError: Camoufox 浏览器二进制未安装，请先执行: camoufox fetch
register	注册（免费无鉴权服务商）	2026-08-17T14:04:36.0171352Z 14:04:36 [INFO] [ThrowawayMail] 已释放邮箱上下文: lonely.trap.leisure@throwawaymail.app（status=available, note=Camoufox失败: Camoufox 浏览器二进制未安装，请先执行: camoufox fetch）
register	注册（免费无鉴权服务商）	2026-08-17T14:04:36.0172465Z 14:04:36 [INFO] [批量] 开始第 7/100 个注册
register	注册（免费无鉴权服务商）	2026-08-17T14:04:36.0178298Z 14:04:36 [DEBUG] Starting new HTTPS connection (1): dropmail.click:443
register	注册（免费无鉴权服务商）	2026-08-17T14:04:36.3296640Z 14:04:36 [DEBUG] https://dropmail.click:443 "POST /api/v1/public/mailbox HTTP/1.1" 201 113
register	注册（免费无鉴权服务商）	2026-08-17T14:04:36.3309993Z 14:04:36 [INFO] [DropMail] 已创建临时邮箱: b24a01f4e006@dropmail.click（有效期 2026-08-17T14:14:36Z）
register	注册（免费无鉴权服务商）	2026-08-17T14:04:36.3311958Z 14:04:36 [INFO] [EmailProvider] 使用邮箱来源: dropmail, email=b24a01f4e006@dropmail.click (order=['dropmail', 'tempmailc', 'mailtm', 'throwawaymail', 'myagentinbox', 'qxfy', 'tempmail', 'onesecmail', 'catchmail'])
register	注册（免费无鉴权服务商）	2026-08-17T14:04:36.3313326Z 14:04:36 [DEBUG] 自动获取邮箱: b24a01f4e006@dropmail.click
register	注册（免费无鉴权服务商）	2026-08-17T14:04:36.3313876Z 14:04:36 [DEBUG] 自动生成显示名称: Dfbs Hkebd
register	注册（免费无鉴权服务商）	2026-08-17T14:04:36.3314501Z 14:04:36 [INFO] [Camoufox] 使用代理: socks5://127.0.0.1:40000
register	注册（免费无鉴权服务商）	2026-08-17T14:04:36.3315589Z 14:04:36 [INFO] [Camoufox] 启动无头浏览器 (headless=True)...
register	注册（免费无鉴权服务商）	2026-08-17T14:04:36.3316104Z 14:04:36 [DEBUG] Using selector: EpollSelector
register	注册（免费无鉴权服务商）	2026-08-17T14:04:36.3333028Z 14:04:36 [DEBUG] https://myagentinbox.com:443 "POST /api/inboxes HTTP/1.1" 201 109
register	注册（免费无鉴权服务商）	2026-08-17T14:04:36.3349826Z 14:04:36 [INFO] [MyAgentInbox] 已创建临时邮箱: qped7n4xzg@myagentinbox.com（过期 24h）
register	注册（免费无鉴权服务商）	2026-08-17T14:04:36.3351728Z 14:04:36 [INFO] [EmailProvider] 使用邮箱来源: myagentinbox, email=qped7n4xzg@myagentinbox.com (order=['myagentinbox', 'qxfy', 'dropmail', 'onesecmail', 'throwawaymail', 'catchmail', 'tempmailc', 'mailtm', 'tempmail'])
register	注册（免费无鉴权服务商）	2026-08-17T14:04:36.3353197Z 14:04:36 [DEBUG] 自动获取邮箱: qped7n4xzg@myagentinbox.com
register	注册（免费无鉴权服务商）	2026-08-17T14:04:36.3353610Z 14:04:36 [DEBUG] 自动生成显示名称: Flekev Pudjqh
register	注册（免费无鉴权服务商）	2026-08-17T14:04:36.3354002Z 14:04:36 [INFO] [Camoufox] 使用代理: socks5://127.0.0.1:40000
register	注册（免费无鉴权服务商）	2026-08-17T14:04:36.3354427Z 14:04:36 [INFO] [Camoufox] 启动无头浏览器 (headless=True)...
register	注册（免费无鉴权服务商）	2026-08-17T14:04:36.3354761Z 14:04:36 [DEBUG] Using selector: EpollSelector
register	注册（免费无鉴权服务商）	2026-08-17T14:04:36.4356542Z 14:04:36 [DEBUG] https://api.mail.tm:443 "POST /token HTTP/1.1" 200 440
register	注册（免费无鉴权服务商）	2026-08-17T14:04:36.4373887Z 14:04:36 [INFO] [Mail.tm] 已创建临时账号: ybfxmxnr22@emalupe.com
register	注册（免费无鉴权服务商）	2026-08-17T14:04:36.4375814Z 14:04:36 [INFO] [EmailProvider] 使用邮箱来源: mailtm, email=ybfxmxnr22@emalupe.com (order=['mailtm', 'onesecmail', 'tempmail', 'catchmail', 'myagentinbox', 'throwawaymail', 'qxfy', 'dropmail', 'tempmailc'])
register	注册（免费无鉴权服务商）	2026-08-17T14:04:36.4377438Z 14:04:36 [DEBUG] 自动获取邮箱: ybfxmxnr22@emalupe.com
register	注册（免费无鉴权服务商）	2026-08-17T14:04:36.4378185Z 14:04:36 [DEBUG] 自动生成显示名称: Looiy Uusw
register	注册（免费无鉴权服务商）	2026-08-17T14:04:36.4378996Z 14:04:36 [INFO] [Camoufox] 使用代理: socks5://127.0.0.1:40000
register	注册（免费无鉴权服务商）	2026-08-17T14:04:36.4379830Z 14:04:36 [INFO] [Camoufox] 启动无头浏览器 (headless=True)...
register	注册（免费无鉴权服务商）	2026-08-17T14:04:36.4380701Z 14:04:36 [DEBUG] Using selector: EpollSelector
register	注册（免费无鉴权服务商）	2026-08-17T14:04:36.7531915Z 14:04:36 [ERROR] [Camoufox注册] 失败：RuntimeError: Camoufox 浏览器二进制未安装，请先执行: camoufox fetch
register	注册（免费无鉴权服务商）	2026-08-17T14:04:36.7533038Z 14:04:36 [INFO] [MyAgentInbox] 已释放邮箱上下文: qped7n4xzg@myagentinbox.com（status=available, note=Camoufox失败: Camoufox 浏览器二进制未安装，请先执行: camoufox fetch）
register	注册（免费无鉴权服务商）	2026-08-17T14:04:36.7540911Z 14:04:36 [INFO] [批量] 开始第 8/100 个注册
register	注册（免费无鉴权服务商）	2026-08-17T14:04:36.7551100Z 14:04:36 [DEBUG] Starting new HTTPS connection (1): www.1secmail.com:443
register	注册（免费无鉴权服务商）	2026-08-17T14:04:36.7628092Z 14:04:36 [ERROR] [Camoufox注册] 失败：RuntimeError: Camoufox 浏览器二进制未安装，请先执行: camoufox fetch
register	注册（免费无鉴权服务商）	2026-08-17T14:04:36.7629533Z 14:04:36 [INFO] [DropMail] 已释放邮箱上下文: b24a01f4e006@dropmail.click（status=available, note=Camoufox失败: Camoufox 浏览器二进制未安装，请先执行: camoufox fetch）
register	注册（免费无鉴权服务商）	2026-08-17T14:04:36.7630851Z 14:04:36 [INFO] [批量] 开始第 9/100 个注册
register	注册（免费无鉴权服务商）	2026-08-17T14:04:36.7637886Z 14:04:36 [DEBUG] Starting new HTTPS connection (1): throwawaymail.app:443
register	注册（免费无鉴权服务商）	2026-08-17T14:04:36.8228058Z 14:04:36 [ERROR] [Camoufox注册] 失败：RuntimeError: Camoufox 浏览器二进制未安装，请先执行: camoufox fetch
register	注册（免费无鉴权服务商）	2026-08-17T14:04:36.8229551Z 14:04:36 [INFO] [Mail.tm] 已释放邮箱上下文: ybfxmxnr22@emalupe.com（status=available, note=Camoufox失败: Camoufox 浏览器二进制未安装，请先执行: camoufox fetch）
register	注册（免费无鉴权服务商）	2026-08-17T14:04:36.8230766Z 14:04:36 [INFO] [批量] 开始第 10/100 个注册
register	注册（免费无鉴权服务商）	2026-08-17T14:04:36.8236979Z 14:04:36 [DEBUG] Starting new HTTPS connection (1): throwawaymail.app:443
register	注册（免费无鉴权服务商）	2026-08-17T14:04:36.8695207Z 14:04:36 [DEBUG] https://throwawaymail.app:443 "POST /api/mailboxes HTTP/1.1" 201 200
register	注册（免费无鉴权服务商）	2026-08-17T14:04:36.8708144Z 14:04:36 [INFO] [ThrowawayMail] 已创建临时邮箱: sugar.century.dinner@throwawaymail.app（过期 2026-08-17T14:14:36.841329+00:00）
register	注册（免费无鉴权服务商）	2026-08-17T14:04:36.8710173Z 14:04:36 [INFO] [EmailProvider] 使用邮箱来源: throwawaymail, email=sugar.century.dinner@throwawaymail.app (order=['throwawaymail', 'myagentinbox', 'dropmail', 'tempmail', 'qxfy', 'onesecmail', 'catchmail', 'tempmailc', 'mailtm'])
register	注册（免费无鉴权服务商）	2026-08-17T14:04:36.8711946Z 14:04:36 [DEBUG] 自动获取邮箱: sugar.century.dinner@throwawaymail.app
register	注册（免费无鉴权服务商）	2026-08-17T14:04:36.8712606Z 14:04:36 [DEBUG] 自动生成显示名称: Tnff Nxocwqs
register	注册（免费无鉴权服务商）	2026-08-17T14:04:36.8713249Z 14:04:36 [INFO] [Camoufox] 使用代理: socks5://127.0.0.1:40000
register	注册（免费无鉴权服务商）	2026-08-17T14:04:36.8713900Z 14:04:36 [INFO] [Camoufox] 启动无头浏览器 (headless=True)...
register	注册（免费无鉴权服务商）	2026-08-17T14:04:36.8714382Z 14:04:36 [DEBUG] Using selector: EpollSelector
register	注册（免费无鉴权服务商）	2026-08-17T14:04:36.9886921Z 14:04:36 [DEBUG] https://throwawaymail.app:443 "POST /api/mailboxes HTTP/1.1" 201 200
register	注册（免费无鉴权服务商）	2026-08-17T14:04:36.9901563Z 14:04:36 [INFO] [ThrowawayMail] 已创建临时邮箱: allow.prevent.inmate@throwawaymail.app（过期 2026-08-17T14:14:36.958294+00:00）
register	注册（免费无鉴权服务商）	2026-08-17T14:04:36.9903684Z 14:04:36 [INFO] [EmailProvider] 使用邮箱来源: throwawaymail, email=allow.prevent.inmate@throwawaymail.app (order=['throwawaymail', 'dropmail', 'onesecmail', 'myagentinbox', 'tempmailc', 'qxfy', 'catchmail', 'mailtm', 'tempmail'])
register	注册（免费无鉴权服务商）	2026-08-17T14:04:36.9905333Z 14:04:36 [DEBUG] 自动获取邮箱: allow.prevent.inmate@throwawaymail.app
register	注册（免费无鉴权服务商）	2026-08-17T14:04:36.9906057Z 14:04:36 [DEBUG] 自动生成显示名称: Bsaafuf Ncel
register	注册（免费无鉴权服务商）	2026-08-17T14:04:36.9907012Z 14:04:36 [INFO] [Camoufox] 使用代理: socks5://127.0.0.1:40000
register	注册（免费无鉴权服务商）	2026-08-17T14:04:36.9908118Z 14:04:36 [INFO] [Camoufox] 启动无头浏览器 (headless=True)...
register	注册（免费无鉴权服务商）	2026-08-17T14:04:36.9908918Z 14:04:36 [DEBUG] Using selector: EpollSelector
register	注册（免费无鉴权服务商）	2026-08-17T14:04:37.2082984Z 14:04:37 [ERROR] [Camoufox注册] 失败：RuntimeError: Camoufox 浏览器二进制未安装，请先执行: camoufox fetch
register	注册（免费无鉴权服务商）	2026-08-17T14:04:37.2084929Z 14:04:37 [INFO] [ThrowawayMail] 已释放邮箱上下文: sugar.century.dinner@throwawaymail.app（status=available, note=Camoufox失败: Camoufox 浏览器二进制未安装，请先执行: camoufox fetch）
register	注册（免费无鉴权服务商）	2026-08-17T14:04:37.2086338Z 14:04:37 [INFO] [批量] 开始第 11/100 个注册
register	注册（免费无鉴权服务商）	2026-08-17T14:04:37.2087055Z 14:04:37 [INFO] [Catchmail] 已生成临时邮箱: xa92fz133f@catchmail.io
register	注册（免费无鉴权服务商）	2026-08-17T14:04:37.2088742Z 14:04:37 [INFO] [EmailProvider] 使用邮箱来源: catchmail, email=xa92fz133f@catchmail.io (order=['catchmail', 'mailtm', 'tempmailc', 'myagentinbox', 'qxfy', 'throwawaymail', 'tempmail', 'dropmail', 'onesecmail'])
register	注册（免费无鉴权服务商）	2026-08-17T14:04:37.2090543Z 14:04:37 [DEBUG] 自动获取邮箱: xa92fz133f@catchmail.io
register	注册（免费无鉴权服务商）	2026-08-17T14:04:37.2091218Z 14:04:37 [DEBUG] 自动生成显示名称: Zwmi Dulsz
register	注册（免费无鉴权服务商）	2026-08-17T14:04:37.2091924Z 14:04:37 [INFO] [Camoufox] 使用代理: socks5://127.0.0.1:40000
register	注册（免费无鉴权服务商）	2026-08-17T14:04:37.2093116Z 14:04:37 [INFO] [Camoufox] 启动无头浏览器 (headless=True)...
register	注册（免费无鉴权服务商）	2026-08-17T14:04:37.2093702Z 14:04:37 [DEBUG] Using selector: EpollSelector
register	注册（免费无鉴权服务商）	2026-08-17T14:04:37.3412164Z 14:04:37 [ERROR] [Camoufox注册] 失败：RuntimeError: Camoufox 浏览器二进制未安装，请先执行: camoufox fetch
register	注册（免费无鉴权服务商）	2026-08-17T14:04:37.3413813Z 14:04:37 [INFO] [ThrowawayMail] 已释放邮箱上下文: allow.prevent.inmate@throwawaymail.app（status=available, note=Camoufox失败: Camoufox 浏览器二进制未安装，请先执行: camoufox fetch）
register	注册（免费无鉴权服务商）	2026-08-17T14:04:37.3423610Z 14:04:37 [INFO] [批量] 开始第 12/100 个注册
register	注册（免费无鉴权服务商）	2026-08-17T14:04:37.3424361Z 14:04:37 [INFO] [TempMailC] 已生成临时邮箱: tancxiw3gz@domsr.fun
register	注册（免费无鉴权服务商）	2026-08-17T14:04:37.3426076Z 14:04:37 [INFO] [EmailProvider] 使用邮箱来源: tempmailc, email=tancxiw3gz@domsr.fun (order=['tempmailc', 'myagentinbox', 'dropmail', 'catchmail', 'throwawaymail', 'onesecmail', 'tempmail', 'qxfy', 'mailtm'])
register	注册（免费无鉴权服务商）	2026-08-17T14:04:37.3427509Z 14:04:37 [DEBUG] 自动获取邮箱: tancxiw3gz@domsr.fun
register	注册（免费无鉴权服务商）	2026-08-17T14:04:37.3434598Z 14:04:37 [DEBUG] 自动生成显示名称: Irbi Kvpz
register	注册（免费无鉴权服务商）	2026-08-17T14:04:37.3435574Z 14:04:37 [INFO] [Camoufox] 使用代理: socks5://127.0.0.1:40000
register	注册（免费无鉴权服务商）	2026-08-17T14:04:37.3436311Z 14:04:37 [INFO] [Camoufox] 启动无头浏览器 (headless=True)...
register	注册（免费无鉴权服务商）	2026-08-17T14:04:37.3436850Z 14:04:37 [DEBUG] Using selector: EpollSelector
register	注册（免费无鉴权服务商）	2026-08-17T14:04:37.4938433Z 14:04:37 [DEBUG] https://www.1secmail.com:443 "GET /api/v1/?action=getDomainList HTTP/1.1" 403 None
register	注册（免费无鉴权服务商）	2026-08-17T14:04:37.4959453Z 14:04:37 [WARNING] [EmailProvider] 来源 onesecmail 领取邮箱失败: OneSecMailError: 1secmail 响应不是 JSON: HTTP 403; <!DOCTYPE HTML PUBLIC "-//IETF//DTD HTML 2.0//EN">
register	注册（免费无鉴权服务商）	2026-08-17T14:04:37.4962174Z <html><head>
register	注册（免费无鉴权服务商）	2026-08-17T14:04:37.4963648Z <title>403 Forbidden</title>
register	注册（免费无鉴权服务商）	2026-08-17T14:04:37.4964643Z </head><body>
register	注册（免费无鉴权服务商）	2026-08-17T14:04:37.4965247Z <h1>Forbidden</h1>
register	注册（免费无鉴权服务商）	2026-08-17T14:04:37.4965696Z <p>You don't have permission to ac
register	注册（免费无鉴权服务商）	2026-08-17T14:04:37.4966440Z 14:04:37 [WARNING] [EmailProvider] 来源 onesecmail 已无可换域名，切死
register	注册（免费无鉴权服务商）	2026-08-17T14:04:37.4967142Z 14:04:37 [DEBUG] Starting new HTTPS connection (1): throwawaymail.app:443
register	注册（免费无鉴权服务商）	2026-08-17T14:04:37.5651497Z 14:04:37 [ERROR] [Camoufox注册] 失败：RuntimeError: Camoufox 浏览器二进制未安装，请先执行: camoufox fetch
register	注册（免费无鉴权服务商）	2026-08-17T14:04:37.5652646Z 14:04:37 [INFO] [Catchmail] 已释放邮箱上下文: xa92fz133f@catchmail.io（status=available, note=Camoufox失败: Camoufox 浏览器二进制未安装，请先执行: camoufox fetch）
register	注册（免费无鉴权服务商）	2026-08-17T14:04:37.5655573Z 14:04:37 [INFO] [批量] 开始第 13/100 个注册
register	注册（免费无鉴权服务商）	2026-08-17T14:04:37.5657134Z 14:04:37 [INFO] [Catchmail] 已生成临时邮箱: g9sy9pwxsw@catchmail.io
register	注册（免费无鉴权服务商）	2026-08-17T14:04:37.5667700Z 14:04:37 [INFO] [EmailProvider] 使用邮箱来源: catchmail, email=g9sy9pwxsw@catchmail.io (order=['catchmail', 'dropmail', 'tempmailc', 'throwawaymail', 'qxfy', 'myagentinbox', 'mailtm', 'tempmail'])
register	注册（免费无鉴权服务商）	2026-08-17T14:04:37.5669175Z 14:04:37 [DEBUG] 自动获取邮箱: g9sy9pwxsw@catchmail.io
register	注册（免费无鉴权服务商）	2026-08-17T14:04:37.5670892Z 14:04:37 [DEBUG] 自动生成显示名称: Mygzz Kqqr
register	注册（免费无鉴权服务商）	2026-08-17T14:04:37.5671489Z 14:04:37 [INFO] [Camoufox] 使用代理: socks5://127.0.0.1:40000
register	注册（免费无鉴权服务商）	2026-08-17T14:04:37.5672160Z 14:04:37 [INFO] [Camoufox] 启动无头浏览器 (headless=True)...
register	注册（免费无鉴权服务商）	2026-08-17T14:04:37.5672673Z 14:04:37 [DEBUG] Using selector: EpollSelector
register	注册（免费无鉴权服务商）	2026-08-17T14:04:37.6463321Z 14:04:37 [DEBUG] https://throwawaymail.app:443 "POST /api/mailboxes HTTP/1.1" 201 198
register	注册（免费无鉴权服务商）	2026-08-17T14:04:37.6478750Z 14:04:37 [INFO] [ThrowawayMail] 已创建临时邮箱: thank.enact.enough@throwawaymail.app（过期 2026-08-17T14:14:37.616473+00:00）
register	注册（免费无鉴权服务商）	2026-08-17T14:04:37.6483687Z 14:04:37 [INFO] [EmailProvider] 使用邮箱来源: throwawaymail, email=thank.enact.enough@throwawaymail.app (order=['onesecmail', 'throwawaymail', 'myagentinbox', 'mailtm', 'qxfy', 'tempmailc', 'tempmail', 'dropmail', 'catchmail'])
register	注册（免费无鉴权服务商）	2026-08-17T14:04:37.6495730Z 14:04:37 [DEBUG] 自动获取邮箱: thank.enact.enough@throwawaymail.app
register	注册（免费无鉴权服务商）	2026-08-17T14:04:37.6496638Z 14:04:37 [DEBUG] 自动生成显示名称: Kbuqyu Pyxjgxz
register	注册（免费无鉴权服务商）	2026-08-17T14:04:37.6497489Z 14:04:37 [INFO] [Camoufox] 使用代理: socks5://127.0.0.1:40000
register	注册（免费无鉴权服务商）	2026-08-17T14:04:37.6498348Z 14:04:37 [INFO] [Camoufox] 启动无头浏览器 (headless=True)...
register	注册（免费无鉴权服务商）	2026-08-17T14:04:37.6499046Z 14:04:37 [DEBUG] Using selector: EpollSelector
register	注册（免费无鉴权服务商）	2026-08-17T14:04:37.7236801Z 14:04:37 [ERROR] [Camoufox注册] 失败：RuntimeError: Camoufox 浏览器二进制未安装，请先执行: camoufox fetch
register	注册（免费无鉴权服务商）	2026-08-17T14:04:37.7238601Z 14:04:37 [INFO] [TempMailC] 已释放邮箱上下文: tancxiw3gz@domsr.fun（status=available, note=Camoufox失败: Camoufox 浏览器二进制未安装，请先执行: camoufox fetch）
register	注册（免费无鉴权服务商）	2026-08-17T14:04:37.7239886Z 14:04:37 [INFO] [批量] 开始第 14/100 个注册
register	注册（免费无鉴权服务商）	2026-08-17T14:04:37.7246548Z 14:04:37 [DEBUG] Starting new HTTPS connection (1): myagentinbox.com:443
register	注册（免费无鉴权服务商）	2026-08-17T14:04:37.9403676Z 14:04:37 [ERROR] [Camoufox注册] 失败：RuntimeError: Camoufox 浏览器二进制未安装，请先执行: camoufox fetch
register	注册（免费无鉴权服务商）	2026-08-17T14:04:37.9405392Z 14:04:37 [INFO] [Catchmail] 已释放邮箱上下文: g9sy9pwxsw@catchmail.io（status=available, note=Camoufox失败: Camoufox 浏览器二进制未安装，请先执行: camoufox fetch）
register	注册（免费无鉴权服务商）	2026-08-17T14:04:37.9406595Z 14:04:37 [INFO] [批量] 开始第 15/100 个注册
register	注册（免费无鉴权服务商）	2026-08-17T14:04:37.9413529Z 14:04:37 [DEBUG] Starting new HTTPS connection (1): myagentinbox.com:443
register	注册（免费无鉴权服务商）	2026-08-17T14:04:38.0305006Z 14:04:38 [ERROR] [Camoufox注册] 失败：RuntimeError: Camoufox 浏览器二进制未安装，请先执行: camoufox fetch
register	注册（免费无鉴权服务商）	2026-08-17T14:04:38.0306471Z 14:04:38 [INFO] [ThrowawayMail] 已释放邮箱上下文: thank.enact.enough@throwawaymail.app（status=available, note=Camoufox失败: Camoufox 浏览器二进制未安装，请先执行: camoufox fetch）
register	注册（免费无鉴权服务商）	2026-08-17T14:04:38.0307330Z 14:04:38 [INFO] [批量] 开始第 16/100 个注册
register	注册（免费无鉴权服务商）	2026-08-17T14:04:38.0314573Z 14:04:38 [DEBUG] Starting new HTTPS connection (1): qxfy.store:443
register	注册（免费无鉴权服务商）	2026-08-17T14:04:38.0571415Z 14:04:38 [DEBUG] https://myagentinbox.com:443 "POST /api/inboxes HTTP/1.1" 201 109
register	注册（免费无鉴权服务商）	2026-08-17T14:04:38.0584660Z 14:04:38 [INFO] [MyAgentInbox] 已创建临时邮箱: j3midq22j5@myagentinbox.com（过期 24h）
register	注册（免费无鉴权服务商）	2026-08-17T14:04:38.0586040Z 14:04:38 [INFO] [EmailProvider] 使用邮箱来源: myagentinbox, email=j3midq22j5@myagentinbox.com (order=['myagentinbox', 'mailtm', 'catchmail', 'tempmail', 'qxfy', 'tempmailc', 'throwawaymail', 'dropmail'])
register	注册（免费无鉴权服务商）	2026-08-17T14:04:38.0587024Z 14:04:38 [DEBUG] 自动获取邮箱: j3midq22j5@myagentinbox.com
register	注册（免费无鉴权服务商）	2026-08-17T14:04:38.0591098Z 14:04:38 [DEBUG] 自动生成显示名称: Xegw Ixqg
register	注册（免费无鉴权服务商）	2026-08-17T14:04:38.0594039Z 14:04:38 [INFO] [Camoufox] 使用代理: socks5://127.0.0.1:40000
register	注册（免费无鉴权服务商）	2026-08-17T14:04:38.0594527Z 14:04:38 [INFO] [Camoufox] 启动无头浏览器 (headless=True)...
register	注册（免费无鉴权服务商）	2026-08-17T14:04:38.0594996Z 14:04:38 [DEBUG] Using selector: EpollSelector
register	注册（免费无鉴权服务商）	2026-08-17T14:04:38.2505605Z 14:04:38 [DEBUG] https://qxfy.store:443 "GET /api/domains HTTP/1.1" 200 None
register	注册（免费无鉴权服务商）	2026-08-17T14:04:38.2509155Z 14:04:38 [INFO] [QXFY] 已获取可用域名: kami666.xyz,deploytools.site,loginvipcursor.icu,qxfy.store,free.202602dashi27.top,free.violet.us.ci,violetfree.cc.cd
register	注册（免费无鉴权服务商）	2026-08-17T14:04:38.2520401Z 14:04:38 [INFO] [QXFY] 已生成临时邮箱: ydyp3i81ff@free.202602dashi27.top
register	注册（免费无鉴权服务商）	2026-08-17T14:04:38.2522403Z 14:04:38 [INFO] [EmailProvider] 使用邮箱来源: qxfy, email=ydyp3i81ff@free.202602dashi27.top (order=['qxfy', 'throwawaymail', 'tempmailc', 'dropmail', 'tempmail', 'catchmail', 'mailtm', 'myagentinbox'])
register	注册（免费无鉴权服务商）	2026-08-17T14:04:38.2524102Z 14:04:38 [DEBUG] 自动获取邮箱: ydyp3i81ff@free.202602dashi27.top
register	注册（免费无鉴权服务商）	2026-08-17T14:04:38.2525041Z 14:04:38 [DEBUG] 自动生成显示名称: Jtrhnvs Jzute
register	注册（免费无鉴权服务商）	2026-08-17T14:04:38.2525682Z 14:04:38 [INFO] [Camoufox] 使用代理: socks5://127.0.0.1:40000
register	注册（免费无鉴权服务商）	2026-08-17T14:04:38.2526352Z 14:04:38 [INFO] [Camoufox] 启动无头浏览器 (headless=True)...
register	注册（免费无鉴权服务商）	2026-08-17T14:04:38.2526836Z 14:04:38 [DEBUG] Using selector: EpollSelector
register	注册（免费无鉴权服务商）	2026-08-17T14:04:38.3337762Z 14:04:38 [DEBUG] https://myagentinbox.com:443 "POST /api/inboxes HTTP/1.1" 201 109
register	注册（免费无鉴权服务商）	2026-08-17T14:04:38.3356580Z 14:04:38 [INFO] [MyAgentInbox] 已创建临时邮箱: e9xixahupw@myagentinbox.com（过期 24h）
register	注册（免费无鉴权服务商）	2026-08-17T14:04:38.3358617Z 14:04:38 [INFO] [EmailProvider] 使用邮箱来源: myagentinbox, email=e9xixahupw@myagentinbox.com (order=['myagentinbox', 'tempmailc', 'throwawaymail', 'mailtm', 'tempmail', 'dropmail', 'catchmail', 'qxfy'])
register	注册（免费无鉴权服务商）	2026-08-17T14:04:38.3360411Z 14:04:38 [DEBUG] 自动获取邮箱: e9xixahupw@myagentinbox.com
register	注册（免费无鉴权服务商）	2026-08-17T14:04:38.3361182Z 14:04:38 [DEBUG] 自动生成显示名称: Zsmyuh Kackjrl
register	注册（免费无鉴权服务商）	2026-08-17T14:04:38.3361988Z 14:04:38 [INFO] [Camoufox] 使用代理: socks5://127.0.0.1:40000
register	注册（免费无鉴权服务商）	2026-08-17T14:04:38.3362819Z 14:04:38 [INFO] [Camoufox] 启动无头浏览器 (headless=True)...
register	注册（免费无鉴权服务商）	2026-08-17T14:04:38.3363493Z 14:04:38 [DEBUG] Using selector: EpollSelector
register	注册（免费无鉴权服务商）	2026-08-17T14:04:38.3947682Z 14:04:38 [ERROR] [Camoufox注册] 失败：RuntimeError: Camoufox 浏览器二进制未安装，请先执行: camoufox fetch
register	注册（免费无鉴权服务商）	2026-08-17T14:04:38.3949713Z 14:04:38 [INFO] [MyAgentInbox] 已释放邮箱上下文: j3midq22j5@myagentinbox.com（status=available, note=Camoufox失败: Camoufox 浏览器二进制未安装，请先执行: camoufox fetch）
register	注册（免费无鉴权服务商）	2026-08-17T14:04:38.3952066Z 14:04:38 [INFO] [批量] 开始第 17/100 个注册
register	注册（免费无鉴权服务商）	2026-08-17T14:04:38.3952909Z 14:04:38 [INFO] [TempMailC] 已生成临时邮箱: rmti821s41@kortazo.email
register	注册（免费无鉴权服务商）	2026-08-17T14:04:38.3955162Z 14:04:38 [INFO] [EmailProvider] 使用邮箱来源: tempmailc, email=rmti821s41@kortazo.email (order=['tempmailc', 'mailtm', 'tempmail', 'throwawaymail', 'myagentinbox', 'dropmail', 'catchmail', 'qxfy'])
register	注册（免费无鉴权服务商）	2026-08-17T14:04:38.3956724Z 14:04:38 [DEBUG] 自动获取邮箱: rmti821s41@kortazo.email
register	注册（免费无鉴权服务商）	2026-08-17T14:04:38.3957497Z 14:04:38 [DEBUG] 自动生成显示名称: Dzycwqc Ghnnet
register	注册（免费无鉴权服务商）	2026-08-17T14:04:38.3958308Z 14:04:38 [INFO] [Camoufox] 使用代理: socks5://127.0.0.1:40000
register	注册（免费无鉴权服务商）	2026-08-17T14:04:38.3959101Z 14:04:38 [INFO] [Camoufox] 启动无头浏览器 (headless=True)...
register	注册（免费无鉴权服务商）	2026-08-17T14:04:38.3959931Z 14:04:38 [DEBUG] Using selector: EpollSelector
register	注册（免费无鉴权服务商）	2026-08-17T14:04:38.6359029Z 14:04:38 [ERROR] [Camoufox注册] 失败：RuntimeError: Camoufox 浏览器二进制未安装，请先执行: camoufox fetch
register	注册（免费无鉴权服务商）	2026-08-17T14:04:38.6361213Z 14:04:38 [INFO] [QXFY] 已释放邮箱上下文: ydyp3i81ff@free.202602dashi27.top（status=available, note=Camoufox失败: Camoufox 浏览器二进制未安装，请先执行: camoufox fetch）
register	注册（免费无鉴权服务商）	2026-08-17T14:04:38.6362635Z 14:04:38 [INFO] [批量] 开始第 18/100 个注册
register	注册（免费无鉴权服务商）	2026-08-17T14:04:38.6363617Z 14:04:38 [INFO] [QXFY] 已生成临时邮箱: c3a6jljfh1@qxfy.store
register	注册（免费无鉴权服务商）	2026-08-17T14:04:38.6365279Z 14:04:38 [INFO] [EmailProvider] 使用邮箱来源: qxfy, email=c3a6jljfh1@qxfy.store (order=['qxfy', 'mailtm', 'catchmail', 'dropmail', 'tempmail', 'tempmailc', 'throwawaymail', 'myagentinbox'])
register	注册（免费无鉴权服务商）	2026-08-17T14:04:38.6366810Z 14:04:38 [DEBUG] 自动获取邮箱: c3a6jljfh1@qxfy.store
register	注册（免费无鉴权服务商）	2026-08-17T14:04:38.6367523Z 14:04:38 [DEBUG] 自动生成显示名称: Yjbibh Msjpfjp
register	注册（免费无鉴权服务商）	2026-08-17T14:04:38.6368369Z 14:04:38 [INFO] [Camoufox] 使用代理: socks5://127.0.0.1:40000
register	注册（免费无鉴权服务商）	2026-08-17T14:04:38.6369076Z 14:04:38 [INFO] [Camoufox] 启动无头浏览器 (headless=True)...
register	注册（免费无鉴权服务商）	2026-08-17T14:04:38.6369574Z 14:04:38 [DEBUG] Using selector: EpollSelector
register	注册（免费无鉴权服务商）	2026-08-17T14:04:38.7690094Z 14:04:38 [ERROR] [Camoufox注册] 失败：RuntimeError: Camoufox 浏览器二进制未安装，请先执行: camoufox fetch
register	注册（免费无鉴权服务商）	2026-08-17T14:04:38.7702174Z 14:04:38 [INFO] [MyAgentInbox] 已释放邮箱上下文: e9xixahupw@myagentinbox.com（status=available, note=Camoufox失败: Camoufox 浏览器二进制未安装，请先执行: camoufox fetch）
register	注册（免费无鉴权服务商）	2026-08-17T14:04:38.7708805Z 14:04:38 [INFO] [批量] 开始第 19/100 个注册
register	注册（免费无鉴权服务商）	2026-08-17T14:04:38.7709553Z 14:04:38 [DEBUG] Starting new HTTPS connection (1): api.mail.tm:443
register	注册（免费无鉴权服务商）	2026-08-17T14:04:38.8621992Z 14:04:38 [ERROR] [Camoufox注册] 失败：RuntimeError: Camoufox 浏览器二进制未安装，请先执行: camoufox fetch
register	注册（免费无鉴权服务商）	2026-08-17T14:04:38.8623474Z 14:04:38 [INFO] [TempMailC] 已释放邮箱上下文: rmti821s41@kortazo.email（status=available, note=Camoufox失败: Camoufox 浏览器二进制未安装，请先执行: camoufox fetch）
register	注册（免费无鉴权服务商）	2026-08-17T14:04:38.8631439Z 14:04:38 [INFO] [批量] 开始第 20/100 个注册
register	注册（免费无鉴权服务商）	2026-08-17T14:04:38.8632123Z 14:04:38 [INFO] [TempMailC] 已生成临时邮箱: yzmn5k6yma@domsr.fun
register	注册（免费无鉴权服务商）	2026-08-17T14:04:38.8633613Z 14:04:38 [INFO] [EmailProvider] 使用邮箱来源: tempmailc, email=yzmn5k6yma@domsr.fun (order=['tempmailc', 'catchmail', 'throwawaymail', 'tempmail', 'myagentinbox', 'qxfy', 'mailtm', 'dropmail'])
register	注册（免费无鉴权服务商）	2026-08-17T14:04:38.8634894Z 14:04:38 [DEBUG] 自动获取邮箱: yzmn5k6yma@domsr.fun
register	注册（免费无鉴权服务商）	2026-08-17T14:04:38.8635332Z 14:04:38 [DEBUG] 自动生成显示名称: Asnplh Plxzr
register	注册（免费无鉴权服务商）	2026-08-17T14:04:38.8635883Z 14:04:38 [INFO] [Camoufox] 使用代理: socks5://127.0.0.1:40000
register	注册（免费无鉴权服务商）	2026-08-17T14:04:38.8636508Z 14:04:38 [INFO] [Camoufox] 启动无头浏览器 (headless=True)...
register	注册（免费无鉴权服务商）	2026-08-17T14:04:38.8637575Z 14:04:38 [DEBUG] Using selector: EpollSelector
register	注册（免费无鉴权服务商）	2026-08-17T14:04:39.0533045Z 14:04:39 [ERROR] [Camoufox注册] 失败：RuntimeError: Camoufox 浏览器二进制未安装，请先执行: camoufox fetch
register	注册（免费无鉴权服务商）	2026-08-17T14:04:39.0548174Z 14:04:39 [INFO] [QXFY] 已释放邮箱上下文: c3a6jljfh1@qxfy.store（status=available, note=Camoufox失败: Camoufox 浏览器二进制未安装，请先执行: camoufox fetch）
register	注册（免费无鉴权服务商）	2026-08-17T14:04:39.0549496Z 14:04:39 [INFO] [批量] 开始第 21/100 个注册
register	注册（免费无鉴权服务商）	2026-08-17T14:04:39.0559341Z 14:04:39 [INFO] [QXFY] 已生成临时邮箱: ooffcokxqz@violetfree.cc.cd
register	注册（免费无鉴权服务商）	2026-08-17T14:04:39.0561468Z 14:04:39 [INFO] [EmailProvider] 使用邮箱来源: qxfy, email=ooffcokxqz@violetfree.cc.cd (order=['qxfy', 'tempmailc', 'tempmail', 'throwawaymail', 'catchmail', 'myagentinbox', 'mailtm', 'dropmail'])
register	注册（免费无鉴权服务商）	2026-08-17T14:04:39.0563172Z 14:04:39 [DEBUG] 自动获取邮箱: ooffcokxqz@violetfree.cc.cd
register	注册（免费无鉴权服务商）	2026-08-17T14:04:39.0563995Z 14:04:39 [DEBUG] 自动生成显示名称: Tbpgqa Mbnskk
register	注册（免费无鉴权服务商）	2026-08-17T14:04:39.0565013Z 14:04:39 [INFO] [Camoufox] 使用代理: socks5://127.0.0.1:40000
register	注册（免费无鉴权服务商）	2026-08-17T14:04:39.0565791Z 14:04:39 [INFO] [Camoufox] 启动无头浏览器 (headless=True)...
register	注册（免费无鉴权服务商）	2026-08-17T14:04:39.0566341Z 14:04:39 [DEBUG] Using selector: EpollSelector
register	注册（免费无鉴权服务商）	2026-08-17T14:04:39.2091799Z 14:04:39 [ERROR] [Camoufox注册] 失败：RuntimeError: Camoufox 浏览器二进制未安装，请先执行: camoufox fetch
register	注册（免费无鉴权服务商）	2026-08-17T14:04:39.2093813Z 14:04:39 [INFO] [TempMailC] 已释放邮箱上下文: yzmn5k6yma@domsr.fun（status=available, note=Camoufox失败: Camoufox 浏览器二进制未安装，请先执行: camoufox fetch）
register	注册（免费无鉴权服务商）	2026-08-17T14:04:39.2095333Z 14:04:39 [INFO] [批量] 开始第 22/100 个注册
register	注册（免费无鉴权服务商）	2026-08-17T14:04:39.2103388Z 14:04:39 [DEBUG] Starting new HTTPS connection (1): api.tempmail.lol:443
register	注册（免费无鉴权服务商）	2026-08-17T14:04:39.3052944Z 14:04:39 [DEBUG] https://api.mail.tm:443 "POST /accounts HTTP/1.1" 201 211
register	注册（免费无鉴权服务商）	2026-08-17T14:04:39.3078441Z 14:04:39 [DEBUG] Starting new HTTPS connection (1): api.mail.tm:443
register	注册（免费无鉴权服务商）	2026-08-17T14:04:39.3881879Z 14:04:39 [ERROR] [Camoufox注册] 失败：RuntimeError: Camoufox 浏览器二进制未安装，请先执行: camoufox fetch
register	注册（免费无鉴权服务商）	2026-08-17T14:04:39.3882918Z 14:04:39 [INFO] [QXFY] 已释放邮箱上下文: ooffcokxqz@violetfree.cc.cd（status=available, note=Camoufox失败: Camoufox 浏览器二进制未安装，请先执行: camoufox fetch）
register	注册（免费无鉴权服务商）	2026-08-17T14:04:39.3885672Z 14:04:39 [INFO] [批量] 开始第 23/100 个注册
register	注册（免费无鉴权服务商）	2026-08-17T14:04:39.3887330Z 14:04:39 [INFO] [Catchmail] 已生成临时邮箱: lizcip7qfr@catchmail.io
register	注册（免费无鉴权服务商）	2026-08-17T14:04:39.3888888Z 14:04:39 [INFO] [EmailProvider] 使用邮箱来源: catchmail, email=lizcip7qfr@catchmail.io (order=['catchmail', 'dropmail', 'myagentinbox', 'throwawaymail', 'qxfy', 'mailtm', 'tempmail', 'tempmailc'])
register	注册（免费无鉴权服务商）	2026-08-17T14:04:39.3890652Z 14:04:39 [DEBUG] 自动获取邮箱: lizcip7qfr@catchmail.io
register	注册（免费无鉴权服务商）	2026-08-17T14:04:39.3891288Z 14:04:39 [DEBUG] 自动生成显示名称: Xwkafow Pwrgzk
register	注册（免费无鉴权服务商）	2026-08-17T14:04:39.3891931Z 14:04:39 [INFO] [Camoufox] 使用代理: socks5://127.0.0.1:40000
register	注册（免费无鉴权服务商）	2026-08-17T14:04:39.3892582Z 14:04:39 [INFO] [Camoufox] 启动无头浏览器 (headless=True)...
register	注册（免费无鉴权服务商）	2026-08-17T14:04:39.3893102Z 14:04:39 [DEBUG] Using selector: EpollSelector
register	注册（免费无鉴权服务商）	2026-08-17T14:04:39.5993149Z 14:04:39 [DEBUG] https://api.tempmail.lol:443 "POST /v2/inbox/create HTTP/1.1" 201 88
register	注册（免费无鉴权服务商）	2026-08-17T14:04:39.6007082Z 14:04:39 [INFO] [TempMail.lol] 已创建邮箱: ciel6a6ff7@9pg.moonvf.com
register	注册（免费无鉴权服务商）	2026-08-17T14:04:39.6009500Z 14:04:39 [INFO] [EmailProvider] 使用邮箱来源: tempmail, email=ciel6a6ff7@9pg.moonvf.com (order=['tempmail', 'dropmail', 'mailtm', 'throwawaymail', 'myagentinbox', 'qxfy', 'tempmailc', 'catchmail'])
register	注册（免费无鉴权服务商）	2026-08-17T14:04:39.6032764Z 14:04:39 [DEBUG] 自动获取邮箱: ciel6a6ff7@9pg.moonvf.com
register	注册（免费无鉴权服务商）	2026-08-17T14:04:39.6033770Z 14:04:39 [DEBUG] 自动生成显示名称: Aqijydd Hsolwxu
register	注册（免费无鉴权服务商）	2026-08-17T14:04:39.6034484Z 14:04:39 [INFO] [Camoufox] 使用代理: socks5://127.0.0.1:40000
register	注册（免费无鉴权服务商）	2026-08-17T14:04:39.6035173Z 14:04:39 [INFO] [Camoufox] 启动无头浏览器 (headless=True)...
register	注册（免费无鉴权服务商）	2026-08-17T14:04:39.6035726Z 14:04:39 [DEBUG] Using selector: EpollSelector
register	注册（免费无鉴权服务商）	2026-08-17T14:04:39.7211646Z 14:04:39 [ERROR] [Camoufox注册] 失败：RuntimeError: Camoufox 浏览器二进制未安装，请先执行: camoufox fetch
register	注册（免费无鉴权服务商）	2026-08-17T14:04:39.7213255Z 14:04:39 [INFO] [Catchmail] 已释放邮箱上下文: lizcip7qfr@catchmail.io（status=available, note=Camoufox失败: Camoufox 浏览器二进制未安装，请先执行: camoufox fetch）
register	注册（免费无鉴权服务商）	2026-08-17T14:04:39.7214094Z 14:04:39 [INFO] [批量] 开始第 24/100 个注册
register	注册（免费无鉴权服务商）	2026-08-17T14:04:39.7224229Z 14:04:39 [DEBUG] Starting new HTTPS connection (1): api.mail.tm:443
register	注册（免费无鉴权服务商）	2026-08-17T14:04:39.7928466Z 14:04:39 [DEBUG] https://api.mail.tm:443 "POST /token HTTP/1.1" 200 440
register	注册（免费无鉴权服务商）	2026-08-17T14:04:39.7942382Z 14:04:39 [INFO] [Mail.tm] 已创建临时账号: f96f5lvejw@emalupe.com
register	注册（免费无鉴权服务商）	2026-08-17T14:04:39.7943890Z 14:04:39 [INFO] [EmailProvider] 使用邮箱来源: mailtm, email=f96f5lvejw@emalupe.com (order=['mailtm', 'tempmail', 'tempmailc', 'qxfy', 'dropmail', 'catchmail', 'myagentinbox', 'throwawaymail'])
register	注册（免费无鉴权服务商）	2026-08-17T14:04:39.7945178Z 14:04:39 [DEBUG] 自动获取邮箱: f96f5lvejw@emalupe.com
register	注册（免费无鉴权服务商）	2026-08-17T14:04:39.7945735Z 14:04:39 [DEBUG] 自动生成显示名称: Ujyea Ciqpdjl
register	注册（免费无鉴权服务商）	2026-08-17T14:04:39.7951247Z 14:04:39 [INFO] [Camoufox] 使用代理: socks5://127.0.0.1:40000
register	注册（免费无鉴权服务商）	2026-08-17T14:04:39.7954594Z 14:04:39 [INFO] [Camoufox] 启动无头浏览器 (headless=True)...
register	注册（免费无鉴权服务商）	2026-08-17T14:04:39.7955143Z 14:04:39 [DEBUG] Using selector: EpollSelector
register	注册（免费无鉴权服务商）	2026-08-17T14:04:39.9596702Z 14:04:39 [ERROR] [Camoufox注册] 失败：RuntimeError: Camoufox 浏览器二进制未安装，请先执行: camoufox fetch
register	注册（免费无鉴权服务商）	2026-08-17T14:04:39.9598462Z 14:04:39 [INFO] [TempMail.lol] 已释放邮箱上下文: ciel6a6ff7@9pg.moonvf.com（status=available, note=Camoufox失败: Camoufox 浏览器二进制未安装，请先执行: camoufox fetch）
register	注册（免费无鉴权服务商）	2026-08-17T14:04:39.9599883Z 14:04:39 [INFO] [批量] 开始第 25/100 个注册
register	注册（免费无鉴权服务商）	2026-08-17T14:04:39.9608271Z 14:04:39 [DEBUG] Starting new HTTPS connection (1): dropmail.click:443
register	注册（免费无鉴权服务商）	2026-08-17T14:04:40.1448729Z 14:04:40 [ERROR] [Camoufox注册] 失败：RuntimeError: Camoufox 浏览器二进制未安装，请先执行: camoufox fetch
register	注册（免费无鉴权服务商）	2026-08-17T14:04:40.1449995Z 14:04:40 [INFO] [Mail.tm] 已释放邮箱上下文: f96f5lvejw@emalupe.com（status=available, note=Camoufox失败: Camoufox 浏览器二进制未安装，请先执行: camoufox fetch）
register	注册（免费无鉴权服务商）	2026-08-17T14:04:40.1451061Z 14:04:40 [INFO] [批量] 开始第 26/100 个注册
register	注册（免费无鉴权服务商）	2026-08-17T14:04:40.1457780Z 14:04:40 [DEBUG] Starting new HTTPS connection (1): myagentinbox.com:443
register	注册（免费无鉴权服务商）	2026-08-17T14:04:40.2251322Z 14:04:40 [DEBUG] https://api.mail.tm:443 "POST /accounts HTTP/1.1" 201 211
register	注册（免费无鉴权服务商）	2026-08-17T14:04:40.2270329Z 14:04:40 [DEBUG] Starting new HTTPS connection (1): api.mail.tm:443
register	注册（免费无鉴权服务商）	2026-08-17T14:04:40.2410906Z 14:04:40 [DEBUG] https://dropmail.click:443 "POST /api/v1/public/mailbox HTTP/1.1" 201 113
register	注册（免费无鉴权服务商）	2026-08-17T14:04:40.2423436Z 14:04:40 [INFO] [DropMail] 已创建临时邮箱: efe44ce97ea5@dropmail.click（有效期 2026-08-17T14:14:40Z）
register	注册（免费无鉴权服务商）	2026-08-17T14:04:40.2424864Z 14:04:40 [INFO] [EmailProvider] 使用邮箱来源: dropmail, email=efe44ce97ea5@dropmail.click (order=['dropmail', 'qxfy', 'myagentinbox', 'catchmail', 'tempmailc', 'throwawaymail', 'tempmail', 'mailtm'])
register	注册（免费无鉴权服务商）	2026-08-17T14:04:40.2425834Z 14:04:40 [DEBUG] 自动获取邮箱: efe44ce97ea5@dropmail.click
register	注册（免费无鉴权服务商）	2026-08-17T14:04:40.2426233Z 14:04:40 [DEBUG] 自动生成显示名称: Felybe Cgxie
register	注册（免费无鉴权服务商）	2026-08-17T14:04:40.2426621Z 14:04:40 [INFO] [Camoufox] 使用代理: socks5://127.0.0.1:40000
register	注册（免费无鉴权服务商）	2026-08-17T14:04:40.2427024Z 14:04:40 [INFO] [Camoufox] 启动无头浏览器 (headless=True)...
register	注册（免费无鉴权服务商）	2026-08-17T14:04:40.2427344Z 14:04:40 [DEBUG] Using selector: EpollSelector
register	注册（免费无鉴权服务商）	2026-08-17T14:04:40.4763376Z 14:04:40 [DEBUG] https://myagentinbox.com:443 "POST /api/inboxes HTTP/1.1" 201 109
register	注册（免费无鉴权服务商）	2026-08-17T14:04:40.4781793Z 14:04:40 [INFO] [MyAgentInbox] 已创建临时邮箱: rsz6gozejf@myagentinbox.com（过期 24h）
register	注册（免费无鉴权服务商）	2026-08-17T14:04:40.4783328Z 14:04:40 [INFO] [EmailProvider] 使用邮箱来源: myagentinbox, email=rsz6gozejf@myagentinbox.com (order=['myagentinbox', 'catchmail', 'mailtm', 'dropmail', 'qxfy', 'tempmailc', 'throwawaymail', 'tempmail'])
register	注册（免费无鉴权服务商）	2026-08-17T14:04:40.4784754Z 14:04:40 [DEBUG] 自动获取邮箱: rsz6gozejf@myagentinbox.com
register	注册（免费无鉴权服务商）	2026-08-17T14:04:40.4785361Z 14:04:40 [DEBUG] 自动生成显示名称: Mbzyz Erfsooj
register	注册（免费无鉴权服务商）	2026-08-17T14:04:40.4786013Z 14:04:40 [INFO] [Camoufox] 使用代理: socks5://127.0.0.1:40000
register	注册（免费无鉴权服务商）	2026-08-17T14:04:40.4793348Z 14:04:40 [INFO] [Camoufox] 启动无头浏览器 (headless=True)...
register	注册（免费无鉴权服务商）	2026-08-17T14:04:40.4793984Z 14:04:40 [DEBUG] Using selector: EpollSelector
register	注册（免费无鉴权服务商）	2026-08-17T14:04:40.5714242Z 14:04:40 [ERROR] [Camoufox注册] 失败：RuntimeError: Camoufox 浏览器二进制未安装，请先执行: camoufox fetch
register	注册（免费无鉴权服务商）	2026-08-17T14:04:40.5715916Z 14:04:40 [INFO] [DropMail] 已释放邮箱上下文: efe44ce97ea5@dropmail.click（status=available, note=Camoufox失败: Camoufox 浏览器二进制未安装，请先执行: camoufox fetch）
register	注册（免费无鉴权服务商）	2026-08-17T14:04:40.5716890Z 14:04:40 [INFO] [批量] 开始第 27/100 个注册
register	注册（免费无鉴权服务商）	2026-08-17T14:04:40.5731031Z 14:04:40 [DEBUG] Starting new HTTPS connection (1): api.tempmail.lol:443
register	注册（免费无鉴权服务商）	2026-08-17T14:04:40.8227970Z 14:04:40 [ERROR] [Camoufox注册] 失败：RuntimeError: Camoufox 浏览器二进制未安装，请先执行: camoufox fetch
register	注册（免费无鉴权服务商）	2026-08-17T14:04:40.8229363Z 14:04:40 [INFO] [MyAgentInbox] 已释放邮箱上下文: rsz6gozejf@myagentinbox.com（status=available, note=Camoufox失败: Camoufox 浏览器二进制未安装，请先执行: camoufox fetch）
register	注册（免费无鉴权服务商）	2026-08-17T14:04:40.8230049Z 14:04:40 [INFO] [批量] 开始第 28/100 个注册
register	注册（免费无鉴权服务商）	2026-08-17T14:04:40.8236685Z 14:04:40 [DEBUG] Starting new HTTPS connection (1): api.tempmail.lol:443
register	注册（免费无鉴权服务商）	2026-08-17T14:04:40.8739369Z 14:04:40 [DEBUG] https://api.tempmail.lol:443 "POST /v2/inbox/create HTTP/1.1" 201 92
register	注册（免费无鉴权服务商）	2026-08-17T14:04:40.8753492Z 14:04:40 [INFO] [TempMail.lol] 已创建邮箱: jeanna6a6ff8@01.jazzemany.com
register	注册（免费无鉴权服务商）	2026-08-17T14:04:40.8754897Z 14:04:40 [INFO] [EmailProvider] 使用邮箱来源: tempmail, email=jeanna6a6ff8@01.jazzemany.com (order=['tempmail', 'dropmail', 'tempmailc', 'throwawaymail', 'mailtm', 'catchmail', 'qxfy', 'myagentinbox'])
register	注册（免费无鉴权服务商）	2026-08-17T14:04:40.8756225Z 14:04:40 [DEBUG] 自动获取邮箱: jeanna6a6ff8@01.jazzemany.com
register	注册（免费无鉴权服务商）	2026-08-17T14:04:40.8756825Z 14:04:40 [DEBUG] 自动生成显示名称: Eiie Hjquya
register	注册（免费无鉴权服务商）	2026-08-17T14:04:40.8757296Z 14:04:40 [INFO] [Camoufox] 使用代理: socks5://127.0.0.1:40000
register	注册（免费无鉴权服务商）	2026-08-17T14:04:40.8757729Z 14:04:40 [INFO] [Camoufox] 启动无头浏览器 (headless=True)...
register	注册（免费无鉴权服务商）	2026-08-17T14:04:40.8758062Z 14:04:40 [DEBUG] Using selector: EpollSelector
register	注册（免费无鉴权服务商）	2026-08-17T14:04:40.9156716Z 14:04:40 [DEBUG] https://api.mail.tm:443 "POST /token HTTP/1.1" 200 440
register	注册（免费无鉴权服务商）	2026-08-17T14:04:40.9170990Z 14:04:40 [INFO] [Mail.tm] 已创建临时账号: v0xjjlyqin@emalupe.com
register	注册（免费无鉴权服务商）	2026-08-17T14:04:40.9172498Z 14:04:40 [INFO] [EmailProvider] 使用邮箱来源: mailtm, email=v0xjjlyqin@emalupe.com (order=['mailtm', 'dropmail', 'throwawaymail', 'myagentinbox', 'tempmailc', 'tempmail', 'qxfy', 'catchmail'])
register	注册（免费无鉴权服务商）	2026-08-17T14:04:40.9173772Z 14:04:40 [DEBUG] 自动获取邮箱: v0xjjlyqin@emalupe.com
register	注册（免费无鉴权服务商）	2026-08-17T14:04:40.9174822Z 14:04:40 [DEBUG] 自动生成显示名称: Bzow Pnzc
register	注册（免费无鉴权服务商）	2026-08-17T14:04:40.9175430Z 14:04:40 [INFO] [Camoufox] 使用代理: socks5://127.0.0.1:40000
register	注册（免费无鉴权服务商）	2026-08-17T14:04:40.9176113Z 14:04:40 [INFO] [Camoufox] 启动无头浏览器 (headless=True)...
register	注册（免费无鉴权服务商）	2026-08-17T14:04:40.9176610Z 14:04:40 [DEBUG] Using selector: EpollSelector
register	注册（免费无鉴权服务商）	2026-08-17T14:04:41.0881761Z 14:04:41 [DEBUG] https://api.tempmail.lol:443 "POST /v2/inbox/create HTTP/1.1" 201 91
register	注册（免费无鉴权服务商）	2026-08-17T14:04:41.0921648Z 14:04:41 [INFO] [TempMail.lol] 已创建邮箱: lorna6a6ff8@1f.foodlpqse.com
register	注册（免费无鉴权服务商）	2026-08-17T14:04:41.0935967Z 14:04:41 [INFO] [EmailProvider] 使用邮箱来源: tempmail, email=lorna6a6ff8@1f.foodlpqse.com (order=['tempmail', 'mailtm', 'dropmail', 'tempmailc', 'throwawaymail', 'catchmail', 'myagentinbox', 'qxfy'])
register	注册（免费无鉴权服务商）	2026-08-17T14:04:41.0960957Z 14:04:41 [DEBUG] 自动获取邮箱: lorna6a6ff8@1f.foodlpqse.com
register	注册（免费无鉴权服务商）	2026-08-17T14:04:41.0981331Z 14:04:41 [DEBUG] 自动生成显示名称: Thcpmp Qosgkqs
register	注册（免费无鉴权服务商）	2026-08-17T14:04:41.1023090Z 14:04:41 [INFO] [Camoufox] 使用代理: socks5://127.0.0.1:40000
register	注册（免费无鉴权服务商）	2026-08-17T14:04:41.1041272Z 14:04:41 [INFO] [Camoufox] 启动无头浏览器 (headless=True)...
register	注册（免费无鉴权服务商）	2026-08-17T14:04:41.1061421Z 14:04:41 [DEBUG] Using selector: EpollSelector
register	注册（免费无鉴权服务商）	2026-08-17T14:04:41.2542634Z 14:04:41 [ERROR] [Camoufox注册] 失败：RuntimeError: Camoufox 浏览器二进制未安装，请先执行: camoufox fetch
register	注册（免费无鉴权服务商）	2026-08-17T14:04:41.2544537Z 14:04:41 [INFO] [TempMail.lol] 已释放邮箱上下文: jeanna6a6ff8@01.jazzemany.com（status=available, note=Camoufox失败: Camoufox 浏览器二进制未安装，请先执行: camoufox fetch）
register	注册（免费无鉴权服务商）	2026-08-17T14:04:41.2546345Z 14:04:41 [INFO] [批量] 开始第 29/100 个注册
register	注册（免费无鉴权服务商）	2026-08-17T14:04:41.2553365Z 14:04:41 [DEBUG] Starting new HTTPS connection (1): api.mail.tm:443
register	注册（免费无鉴权服务商）	2026-08-17T14:04:41.2805126Z 14:04:41 [ERROR] [Camoufox注册] 失败：RuntimeError: Camoufox 浏览器二进制未安装，请先执行: camoufox fetch
register	注册（免费无鉴权服务商）	2026-08-17T14:04:41.2806744Z 14:04:41 [INFO] [Mail.tm] 已释放邮箱上下文: v0xjjlyqin@emalupe.com（status=available, note=Camoufox失败: Camoufox 浏览器二进制未安装，请先执行: camoufox fetch）
register	注册（免费无鉴权服务商）	2026-08-17T14:04:41.2817397Z 14:04:41 [INFO] [批量] 开始第 30/100 个注册
register	注册（免费无鉴权服务商）	2026-08-17T14:04:41.2818052Z 14:04:41 [INFO] [TempMailC] 已生成临时邮箱: cqjgbn8vgu@domsr.fun
register	注册（免费无鉴权服务商）	2026-08-17T14:04:41.2819315Z 14:04:41 [INFO] [EmailProvider] 使用邮箱来源: tempmailc, email=cqjgbn8vgu@domsr.fun (order=['tempmailc', 'throwawaymail', 'catchmail', 'myagentinbox', 'mailtm', 'tempmail', 'dropmail', 'qxfy'])
register	注册（免费无鉴权服务商）	2026-08-17T14:04:41.2821159Z 14:04:41 [DEBUG] 自动获取邮箱: cqjgbn8vgu@domsr.fun
register	注册（免费无鉴权服务商）	2026-08-17T14:04:41.2821779Z 14:04:41 [DEBUG] 自动生成显示名称: Fldtjqj Sfvhgx
register	注册（免费无鉴权服务商）	2026-08-17T14:04:41.2822374Z 14:04:41 [INFO] [Camoufox] 使用代理: socks5://127.0.0.1:40000
register	注册（免费无鉴权服务商）	2026-08-17T14:04:41.2822995Z 14:04:41 [INFO] [Camoufox] 启动无头浏览器 (headless=True)...
register	注册（免费无鉴权服务商）	2026-08-17T14:04:41.2823494Z 14:04:41 [DEBUG] Using selector: EpollSelector
register	注册（免费无鉴权服务商）	2026-08-17T14:04:41.4857894Z 14:04:41 [ERROR] [Camoufox注册] 失败：RuntimeError: Camoufox 浏览器二进制未安装，请先执行: camoufox fetch
register	注册（免费无鉴权服务商）	2026-08-17T14:04:41.4866015Z 14:04:41 [INFO] [TempMail.lol] 已释放邮箱上下文: lorna6a6ff8@1f.foodlpqse.com（status=available, note=Camoufox失败: Camoufox 浏览器二进制未安装，请先执行: camoufox fetch）
register	注册（免费无鉴权服务商）	2026-08-17T14:04:41.4867341Z 14:04:41 [INFO] [批量] 开始第 31/100 个注册
register	注册（免费无鉴权服务商）	2026-08-17T14:04:41.4868200Z 14:04:41 [INFO] [Catchmail] 已生成临时邮箱: bt3mmp0bcj@catchmail.io
register	注册（免费无鉴权服务商）	2026-08-17T14:04:41.4870454Z 14:04:41 [INFO] [EmailProvider] 使用邮箱来源: catchmail, email=bt3mmp0bcj@catchmail.io (order=['catchmail', 'mailtm', 'qxfy', 'myagentinbox', 'tempmailc', 'tempmail', 'dropmail', 'throwawaymail'])
register	注册（免费无鉴权服务商）	2026-08-17T14:04:41.4872061Z 14:04:41 [DEBUG] 自动获取邮箱: bt3mmp0bcj@catchmail.io
register	注册（免费无鉴权服务商）	2026-08-17T14:04:41.4873010Z 14:04:41 [DEBUG] 自动生成显示名称: Pwcuug Wbst
register	注册（免费无鉴权服务商）	2026-08-17T14:04:41.4873731Z 14:04:41 [INFO] [Camoufox] 使用代理: socks5://127.0.0.1:40000
register	注册（免费无鉴权服务商）	2026-08-17T14:04:41.4874441Z 14:04:41 [INFO] [Camoufox] 启动无头浏览器 (headless=True)...
register	注册（免费无鉴权服务商）	2026-08-17T14:04:41.4874983Z 14:04:41 [DEBUG] Using selector: EpollSelector
register	注册（免费无鉴权服务商）	2026-08-17T14:04:41.6346818Z 14:04:41 [ERROR] [Camoufox注册] 失败：RuntimeError: Camoufox 浏览器二进制未安装，请先执行: camoufox fetch
register	注册（免费无鉴权服务商）	2026-08-17T14:04:41.6373079Z 14:04:41 [INFO] [TempMailC] 已释放邮箱上下文: cqjgbn8vgu@domsr.fun（status=available, note=Camoufox失败: Camoufox 浏览器二进制未安装，请先执行: camoufox fetch）
register	注册（免费无鉴权服务商）	2026-08-17T14:04:41.6381226Z 14:04:41 [INFO] [批量] 开始第 32/100 个注册
register	注册（免费无鉴权服务商）	2026-08-17T14:04:41.6381813Z 14:04:41 [DEBUG] Starting new HTTPS connection (1): dropmail.click:443
register	注册（免费无鉴权服务商）	2026-08-17T14:04:41.6632088Z 14:04:41 [DEBUG] https://api.mail.tm:443 "POST /accounts HTTP/1.1" 429 0
register	注册（免费无鉴权服务商）	2026-08-17T14:04:41.6633647Z 14:04:41 [WARNING] [EmailProvider] 来源 mailtm 领取邮箱失败: MailTmError: Mail.tm 请求失败 (/accounts): HTTP 429; 
register	注册（免费无鉴权服务商）	2026-08-17T14:04:41.6635325Z 14:04:41 [WARNING] [EmailProvider] 来源 mailtm 已无可换域名，切死
register	注册（免费无鉴权服务商）	2026-08-17T14:04:41.6636319Z 14:04:41 [INFO] [QXFY] 已生成临时邮箱: bnwnodx0vf@violetfree.cc.cd
register	注册（免费无鉴权服务商）	2026-08-17T14:04:41.6638179Z 14:04:41 [INFO] [EmailProvider] 使用邮箱来源: qxfy, email=bnwnodx0vf@violetfree.cc.cd (order=['mailtm', 'qxfy', 'tempmailc', 'catchmail', 'myagentinbox', 'dropmail', 'throwawaymail', 'tempmail'])
register	注册（免费无鉴权服务商）	2026-08-17T14:04:41.6639708Z 14:04:41 [DEBUG] 自动获取邮箱: bnwnodx0vf@violetfree.cc.cd
register	注册（免费无鉴权服务商）	2026-08-17T14:04:41.6640726Z 14:04:41 [DEBUG] 自动生成显示名称: Vrtyeq Qmpxk
register	注册（免费无鉴权服务商）	2026-08-17T14:04:41.6641536Z 14:04:41 [INFO] [Camoufox] 使用代理: socks5://127.0.0.1:40000
register	注册（免费无鉴权服务商）	2026-08-17T14:04:41.6642362Z 14:04:41 [INFO] [Camoufox] 启动无头浏览器 (headless=True)...
register	注册（免费无鉴权服务商）	2026-08-17T14:04:41.6643043Z 14:04:41 [DEBUG] Using selector: EpollSelector
register	注册（免费无鉴权服务商）	2026-08-17T14:04:41.8330649Z 14:04:41 [ERROR] [Camoufox注册] 失败：RuntimeError: Camoufox 浏览器二进制未安装，请先执行: camoufox fetch
register	注册（免费无鉴权服务商）	2026-08-17T14:04:41.8332225Z 14:04:41 [INFO] [Catchmail] 已释放邮箱上下文: bt3mmp0bcj@catchmail.io（status=available, note=Camoufox失败: Camoufox 浏览器二进制未安装，请先执行: camoufox fetch）
register	注册（免费无鉴权服务商）	2026-08-17T14:04:41.8333575Z 14:04:41 [INFO] [批量] 开始第 33/100 个注册
register	注册（免费无鉴权服务商）	2026-08-17T14:04:41.8334275Z 14:04:41 [INFO] [Catchmail] 已生成临时邮箱: dwqcolxoba@catchmail.io
register	注册（免费无鉴权服务商）	2026-08-17T14:04:41.8335910Z 14:04:41 [INFO] [EmailProvider] 使用邮箱来源: catchmail, email=dwqcolxoba@catchmail.io (order=['catchmail', 'tempmailc', 'myagentinbox', 'dropmail', 'tempmail', 'throwawaymail', 'qxfy'])
register	注册（免费无鉴权服务商）	2026-08-17T14:04:41.8337339Z 14:04:41 [DEBUG] 自动获取邮箱: dwqcolxoba@catchmail.io
register	注册（免费无鉴权服务商）	2026-08-17T14:04:41.8338037Z 14:04:41 [DEBUG] 自动生成显示名称: Dzcxcbi Dddpyyb
register	注册（免费无鉴权服务商）	2026-08-17T14:04:41.8338703Z 14:04:41 [INFO] [Camoufox] 使用代理: socks5://127.0.0.1:40000
register	注册（免费无鉴权服务商）	2026-08-17T14:04:41.8339348Z 14:04:41 [INFO] [Camoufox] 启动无头浏览器 (headless=True)...
register	注册（免费无鉴权服务商）	2026-08-17T14:04:41.8339879Z 14:04:41 [DEBUG] Using selector: EpollSelector
register	注册（免费无鉴权服务商）	2026-08-17T14:04:41.9323970Z 14:04:41 [DEBUG] https://dropmail.click:443 "POST /api/v1/public/mailbox HTTP/1.1" 201 113
register	注册（免费无鉴权服务商）	2026-08-17T14:04:41.9345725Z 14:04:41 [INFO] [DropMail] 已创建临时邮箱: ac0ce8d19f45@dropmail.click（有效期 2026-08-17T14:14:41Z）
register	注册（免费无鉴权服务商）	2026-08-17T14:04:41.9360100Z 14:04:41 [INFO] [EmailProvider] 使用邮箱来源: dropmail, email=ac0ce8d19f45@dropmail.click (order=['dropmail', 'throwawaymail', 'catchmail', 'myagentinbox', 'tempmail', 'mailtm', 'qxfy', 'tempmailc'])
register	注册（免费无鉴权服务商）	2026-08-17T14:04:41.9373050Z 14:04:41 [DEBUG] 自动获取邮箱: ac0ce8d19f45@dropmail.click
register	注册（免费无鉴权服务商）	2026-08-17T14:04:41.9373920Z 14:04:41 [DEBUG] 自动生成显示名称: Dsxujg Ycacxa
register	注册（免费无鉴权服务商）	2026-08-17T14:04:41.9374774Z 14:04:41 [INFO] [Camoufox] 使用代理: socks5://127.0.0.1:40000
register	注册（免费无鉴权服务商）	2026-08-17T14:04:41.9375660Z 14:04:41 [INFO] [Camoufox] 启动无头浏览器 (headless=True)...
register	注册（免费无鉴权服务商）	2026-08-17T14:04:41.9376415Z 14:04:41 [DEBUG] Using selector: EpollSelector
register	注册（免费无鉴权服务商）	2026-08-17T14:04:42.0314346Z 14:04:42 [ERROR] [Camoufox注册] 失败：RuntimeError: Camoufox 浏览器二进制未安装，请先执行: camoufox fetch
register	注册（免费无鉴权服务商）	2026-08-17T14:04:42.0316677Z 14:04:42 [INFO] [QXFY] 已释放邮箱上下文: bnwnodx0vf@violetfree.cc.cd（status=available, note=Camoufox失败: Camoufox 浏览器二进制未安装，请先执行: camoufox fetch）
register	注册（免费无鉴权服务商）	2026-08-17T14:04:42.0318024Z 14:04:42 [INFO] [批量] 开始第 34/100 个注册
register	注册（免费无鉴权服务商）	2026-08-17T14:04:42.0319001Z 14:04:42 [INFO] [Catchmail] 已生成临时邮箱: db7hhcphxf@catchmail.io
register	注册（免费无鉴权服务商）	2026-08-17T14:04:42.0321837Z 14:04:42 [INFO] [EmailProvider] 使用邮箱来源: catchmail, email=db7hhcphxf@catchmail.io (order=['catchmail', 'qxfy', 'myagentinbox', 'tempmail', 'dropmail', 'tempmailc', 'throwawaymail'])
register	注册（免费无鉴权服务商）	2026-08-17T14:04:42.0323456Z 14:04:42 [DEBUG] 自动获取邮箱: db7hhcphxf@catchmail.io
register	注册（免费无鉴权服务商）	2026-08-17T14:04:42.0324294Z 14:04:42 [DEBUG] 自动生成显示名称: Envkbx Ylzwgfe
register	注册（免费无鉴权服务商）	2026-08-17T14:04:42.0325152Z 14:04:42 [INFO] [Camoufox] 使用代理: socks5://127.0.0.1:40000
register	注册（免费无鉴权服务商）	2026-08-17T14:04:42.0326027Z 14:04:42 [INFO] [Camoufox] 启动无头浏览器 (headless=True)...
register	注册（免费无鉴权服务商）	2026-08-17T14:04:42.0326811Z 14:04:42 [DEBUG] Using selector: EpollSelector
register	注册（免费无鉴权服务商）	2026-08-17T14:04:42.2122646Z 14:04:42 [ERROR] [Camoufox注册] 失败：RuntimeError: Camoufox 浏览器二进制未安装，请先执行: camoufox fetch
register	注册（免费无鉴权服务商）	2026-08-17T14:04:42.2124474Z 14:04:42 [INFO] [Catchmail] 已释放邮箱上下文: dwqcolxoba@catchmail.io（status=available, note=Camoufox失败: Camoufox 浏览器二进制未安装，请先执行: camoufox fetch）
register	注册（免费无鉴权服务商）	2026-08-17T14:04:42.2125835Z 14:04:42 [INFO] [批量] 开始第 35/100 个注册
register	注册（免费无鉴权服务商）	2026-08-17T14:04:42.2126820Z 14:04:42 [INFO] [QXFY] 已生成临时邮箱: ygr9ce733a@deploytools.site
register	注册（免费无鉴权服务商）	2026-08-17T14:04:42.2129407Z 14:04:42 [INFO] [EmailProvider] 使用邮箱来源: qxfy, email=ygr9ce733a@deploytools.site (order=['qxfy', 'myagentinbox', 'tempmailc', 'dropmail', 'catchmail', 'tempmail', 'throwawaymail'])
register	注册（免费无鉴权服务商）	2026-08-17T14:04:42.2131322Z 14:04:42 [DEBUG] 自动获取邮箱: ygr9ce733a@deploytools.site
register	注册（免费无鉴权服务商）	2026-08-17T14:04:42.2132115Z 14:04:42 [DEBUG] 自动生成显示名称: Itrll Moucsb
register	注册（免费无鉴权服务商）	2026-08-17T14:04:42.2132950Z 14:04:42 [INFO] [Camoufox] 使用代理: socks5://127.0.0.1:40000
register	注册（免费无鉴权服务商）	2026-08-17T14:04:42.2133801Z 14:04:42 [INFO] [Camoufox] 启动无头浏览器 (headless=True)...
register	注册（免费无鉴权服务商）	2026-08-17T14:04:42.2134533Z 14:04:42 [DEBUG] Using selector: EpollSelector
register	注册（免费无鉴权服务商）	2026-08-17T14:04:42.4156678Z 14:04:42 [ERROR] [Camoufox注册] 失败：RuntimeError: Camoufox 浏览器二进制未安装，请先执行: camoufox fetch
register	注册（免费无鉴权服务商）	2026-08-17T14:04:42.4158643Z 14:04:42 [INFO] [DropMail] 已释放邮箱上下文: ac0ce8d19f45@dropmail.click（status=available, note=Camoufox失败: Camoufox 浏览器二进制未安装，请先执行: camoufox fetch）
register	注册（免费无鉴权服务商）	2026-08-17T14:04:42.4160469Z 14:04:42 [INFO] [批量] 开始第 36/100 个注册
register	注册（免费无鉴权服务商）	2026-08-17T14:04:42.4170094Z 14:04:42 [DEBUG] Starting new HTTPS connection (1): myagentinbox.com:443
register	注册（免费无鉴权服务商）	2026-08-17T14:04:42.5024246Z 14:04:42 [ERROR] [Camoufox注册] 失败：RuntimeError: Camoufox 浏览器二进制未安装，请先执行: camoufox fetch
register	注册（免费无鉴权服务商）	2026-08-17T14:04:42.5026061Z 14:04:42 [INFO] [Catchmail] 已释放邮箱上下文: db7hhcphxf@catchmail.io（status=available, note=Camoufox失败: Camoufox 浏览器二进制未安装，请先执行: camoufox fetch）
register	注册（免费无鉴权服务商）	2026-08-17T14:04:42.5027333Z 14:04:42 [INFO] [批量] 开始第 37/100 个注册
register	注册（免费无鉴权服务商）	2026-08-17T14:04:42.5033993Z 14:04:42 [DEBUG] Starting new HTTPS connection (1): dropmail.click:443
register	注册（免费无鉴权服务商）	2026-08-17T14:04:42.5785903Z 14:04:42 [ERROR] [Camoufox注册] 失败：RuntimeError: Camoufox 浏览器二进制未安装，请先执行: camoufox fetch
register	注册（免费无鉴权服务商）	2026-08-17T14:04:42.5787441Z 14:04:42 [INFO] [QXFY] 已释放邮箱上下文: ygr9ce733a@deploytools.site（status=available, note=Camoufox失败: Camoufox 浏览器二进制未安装，请先执行: camoufox fetch）
register	注册（免费无鉴权服务商）	2026-08-17T14:04:42.5788983Z 14:04:42 [INFO] [批量] 开始第 38/100 个注册
register	注册（免费无鉴权服务商）	2026-08-17T14:04:42.5789583Z 14:04:42 [INFO] [Catchmail] 已生成临时邮箱: x4vobwmlms@catchmail.io
register	注册（免费无鉴权服务商）	2026-08-17T14:04:42.5791448Z 14:04:42 [INFO] [EmailProvider] 使用邮箱来源: catchmail, email=x4vobwmlms@catchmail.io (order=['catchmail', 'tempmailc', 'dropmail', 'myagentinbox', 'tempmail', 'qxfy', 'throwawaymail'])
register	注册（免费无鉴权服务商）	2026-08-17T14:04:42.5792776Z 14:04:42 [DEBUG] 自动获取邮箱: x4vobwmlms@catchmail.io
register	注册（免费无鉴权服务商）	2026-08-17T14:04:42.5793330Z 14:04:42 [DEBUG] 自动生成显示名称: Oenuah Xbapna
register	注册（免费无鉴权服务商）	2026-08-17T14:04:42.5793942Z 14:04:42 [INFO] [Camoufox] 使用代理: socks5://127.0.0.1:40000
register	注册（免费无鉴权服务商）	2026-08-17T14:04:42.5794546Z 14:04:42 [INFO] [Camoufox] 启动无头浏览器 (headless=True)...
register	注册（免费无鉴权服务商）	2026-08-17T14:04:42.5796734Z 14:04:42 [DEBUG] Using selector: EpollSelector
register	注册（免费无鉴权服务商）	2026-08-17T14:04:42.6472724Z 14:04:42 [DEBUG] https://myagentinbox.com:443 "POST /api/inboxes HTTP/1.1" 201 109
register	注册（免费无鉴权服务商）	2026-08-17T14:04:42.6488778Z 14:04:42 [INFO] [MyAgentInbox] 已创建临时邮箱: dxwmgs4m1z@myagentinbox.com（过期 24h）
register	注册（免费无鉴权服务商）	2026-08-17T14:04:42.6490767Z 14:04:42 [INFO] [EmailProvider] 使用邮箱来源: myagentinbox, email=dxwmgs4m1z@myagentinbox.com (order=['myagentinbox', 'tempmail', 'tempmailc', 'dropmail', 'catchmail', 'qxfy', 'throwawaymail'])
register	注册（免费无鉴权服务商）	2026-08-17T14:04:42.6492641Z 14:04:42 [DEBUG] 自动获取邮箱: dxwmgs4m1z@myagentinbox.com
register	注册（免费无鉴权服务商）	2026-08-17T14:04:42.6493242Z 14:04:42 [DEBUG] 自动生成显示名称: Rtqq Noir
register	注册（免费无鉴权服务商）	2026-08-17T14:04:42.6493819Z 14:04:42 [INFO] [Camoufox] 使用代理: socks5://127.0.0.1:40000
register	注册（免费无鉴权服务商）	2026-08-17T14:04:42.6494475Z 14:04:42 [INFO] [Camoufox] 启动无头浏览器 (headless=True)...
register	注册（免费无鉴权服务商）	2026-08-17T14:04:42.6495011Z 14:04:42 [DEBUG] Using selector: EpollSelector
register	注册（免费无鉴权服务商）	2026-08-17T14:04:42.8155548Z 14:04:42 [DEBUG] https://dropmail.click:443 "POST /api/v1/public/mailbox HTTP/1.1" 201 113
register	注册（免费无鉴权服务商）	2026-08-17T14:04:42.8174101Z 14:04:42 [INFO] [DropMail] 已创建临时邮箱: 02f124cfab93@dropmail.click（有效期 2026-08-17T14:14:42Z）
register	注册（免费无鉴权服务商）	2026-08-17T14:04:42.8176090Z 14:04:42 [INFO] [EmailProvider] 使用邮箱来源: dropmail, email=02f124cfab93@dropmail.click (order=['dropmail', 'catchmail', 'tempmail', 'throwawaymail', 'qxfy', 'myagentinbox', 'tempmailc'])
register	注册（免费无鉴权服务商）	2026-08-17T14:04:42.8178806Z 14:04:42 [DEBUG] 自动获取邮箱: 02f124cfab93@dropmail.click
register	注册（免费无鉴权服务商）	2026-08-17T14:04:42.8179790Z 14:04:42 [DEBUG] 自动生成显示名称: Iwag Ftqak
register	注册（免费无鉴权服务商）	2026-08-17T14:04:42.8180833Z 14:04:42 [INFO] [Camoufox] 使用代理: socks5://127.0.0.1:40000
register	注册（免费无鉴权服务商）	2026-08-17T14:04:42.8181937Z 14:04:42 [INFO] [Camoufox] 启动无头浏览器 (headless=True)...
register	注册（免费无鉴权服务商）	2026-08-17T14:04:42.8182715Z 14:04:42 [DEBUG] Using selector: EpollSelector
register	注册（免费无鉴权服务商）	2026-08-17T14:04:42.9244501Z 14:04:42 [ERROR] [Camoufox注册] 失败：RuntimeError: Camoufox 浏览器二进制未安装，请先执行: camoufox fetch
register	注册（免费无鉴权服务商）	2026-08-17T14:04:42.9246382Z 14:04:42 [INFO] [Catchmail] 已释放邮箱上下文: x4vobwmlms@catchmail.io（status=available, note=Camoufox失败: Camoufox 浏览器二进制未安装，请先执行: camoufox fetch）
register	注册（免费无鉴权服务商）	2026-08-17T14:04:42.9247948Z 14:04:42 [INFO] [批量] 开始第 39/100 个注册
register	注册（免费无鉴权服务商）	2026-08-17T14:04:42.9256988Z 14:04:42 [DEBUG] Starting new HTTPS connection (1): dropmail.click:443
register	注册（免费无鉴权服务商）	2026-08-17T14:04:43.0430457Z 14:04:43 [ERROR] [Camoufox注册] 失败：RuntimeError: Camoufox 浏览器二进制未安装，请先执行: camoufox fetch
register	注册（免费无鉴权服务商）	2026-08-17T14:04:43.0432073Z 14:04:43 [INFO] [MyAgentInbox] 已释放邮箱上下文: dxwmgs4m1z@myagentinbox.com（status=available, note=Camoufox失败: Camoufox 浏览器二进制未安装，请先执行: camoufox fetch）
register	注册（免费无鉴权服务商）	2026-08-17T14:04:43.0441226Z 14:04:43 [INFO] [批量] 开始第 40/100 个注册
register	注册（免费无鉴权服务商）	2026-08-17T14:04:43.0441866Z 14:04:43 [DEBUG] Starting new HTTPS connection (1): myagentinbox.com:443
register	注册（免费无鉴权服务商）	2026-08-17T14:04:43.1338510Z 14:04:43 [DEBUG] https://dropmail.click:443 "POST /api/v1/public/mailbox HTTP/1.1" 201 113
register	注册（免费无鉴权服务商）	2026-08-17T14:04:43.1353060Z 14:04:43 [INFO] [DropMail] 已创建临时邮箱: b9e4b134aef7@dropmail.click（有效期 2026-08-17T14:14:43Z）
register	注册（免费无鉴权服务商）	2026-08-17T14:04:43.1355005Z 14:04:43 [INFO] [EmailProvider] 使用邮箱来源: dropmail, email=b9e4b134aef7@dropmail.click (order=['dropmail', 'tempmailc', 'myagentinbox', 'qxfy', 'catchmail', 'throwawaymail', 'tempmail'])
register	注册（免费无鉴权服务商）	2026-08-17T14:04:43.1356264Z 14:04:43 [DEBUG] 自动获取邮箱: b9e4b134aef7@dropmail.click
register	注册（免费无鉴权服务商）	2026-08-17T14:04:43.1356809Z 14:04:43 [DEBUG] 自动生成显示名称: Kmsirtx Kjft
register	注册（免费无鉴权服务商）	2026-08-17T14:04:43.1357396Z 14:04:43 [INFO] [Camoufox] 使用代理: socks5://127.0.0.1:40000
register	注册（免费无鉴权服务商）	2026-08-17T14:04:43.1358525Z 14:04:43 [INFO] [Camoufox] 启动无头浏览器 (headless=True)...
register	注册（免费无鉴权服务商）	2026-08-17T14:04:43.1359008Z 14:04:43 [DEBUG] Using selector: EpollSelector
register	注册（免费无鉴权服务商）	2026-08-17T14:04:43.1992032Z 14:04:43 [DEBUG] https://myagentinbox.com:443 "POST /api/inboxes HTTP/1.1" 201 109
register	注册（免费无鉴权服务商）	2026-08-17T14:04:43.2008196Z 14:04:43 [INFO] [MyAgentInbox] 已创建临时邮箱: ee5s4ho4mz@myagentinbox.com（过期 24h）
register	注册（免费无鉴权服务商）	2026-08-17T14:04:43.2010076Z 14:04:43 [INFO] [EmailProvider] 使用邮箱来源: myagentinbox, email=ee5s4ho4mz@myagentinbox.com (order=['myagentinbox', 'catchmail', 'tempmail', 'throwawaymail', 'qxfy', 'tempmailc', 'dropmail'])
register	注册（免费无鉴权服务商）	2026-08-17T14:04:43.2012032Z 14:04:43 [DEBUG] 自动获取邮箱: ee5s4ho4mz@myagentinbox.com
register	注册（免费无鉴权服务商）	2026-08-17T14:04:43.2012975Z 14:04:43 [DEBUG] 自动生成显示名称: Jllozf Rwpzusn
register	注册（免费无鉴权服务商）	2026-08-17T14:04:43.2013785Z 14:04:43 [INFO] [Camoufox] 使用代理: socks5://127.0.0.1:40000
register	注册（免费无鉴权服务商）	2026-08-17T14:04:43.2014669Z 14:04:43 [INFO] [Camoufox] 启动无头浏览器 (headless=True)...
register	注册（免费无鉴权服务商）	2026-08-17T14:04:43.2015460Z 14:04:43 [DEBUG] Using selector: EpollSelector
register	注册（免费无鉴权服务商）	2026-08-17T14:04:43.2093984Z 14:04:43 [ERROR] [Camoufox注册] 失败：RuntimeError: Camoufox 浏览器二进制未安装，请先执行: camoufox fetch
register	注册（免费无鉴权服务商）	2026-08-17T14:04:43.2097506Z 14:04:43 [INFO] [DropMail] 已释放邮箱上下文: 02f124cfab93@dropmail.click（status=available, note=Camoufox失败: Camoufox 浏览器二进制未安装，请先执行: camoufox fetch）
register	注册（免费无鉴权服务商）	2026-08-17T14:04:43.2109213Z 14:04:43 [INFO] [批量] 开始第 41/100 个注册
register	注册（免费无鉴权服务商）	2026-08-17T14:04:43.2110021Z 14:04:43 [INFO] [Catchmail] 已生成临时邮箱: tu8pa9zmnv@catchmail.io
register	注册（免费无鉴权服务商）	2026-08-17T14:04:43.2111956Z 14:04:43 [INFO] [EmailProvider] 使用邮箱来源: catchmail, email=tu8pa9zmnv@catchmail.io (order=['catchmail', 'dropmail', 'myagentinbox', 'throwawaymail', 'tempmailc', 'tempmail', 'qxfy'])
register	注册（免费无鉴权服务商）	2026-08-17T14:04:43.2113439Z 14:04:43 [DEBUG] 自动获取邮箱: tu8pa9zmnv@catchmail.io
register	注册（免费无鉴权服务商）	2026-08-17T14:04:43.2114152Z 14:04:43 [DEBUG] 自动生成显示名称: Zfpe Ilppujh
register	注册（免费无鉴权服务商）	2026-08-17T14:04:43.2114918Z 14:04:43 [INFO] [Camoufox] 使用代理: socks5://127.0.0.1:40000
register	注册（免费无鉴权服务商）	2026-08-17T14:04:43.2115709Z 14:04:43 [INFO] [Camoufox] 启动无头浏览器 (headless=True)...
register	注册（免费无鉴权服务商）	2026-08-17T14:04:43.2116392Z 14:04:43 [DEBUG] Using selector: EpollSelector
register	注册（免费无鉴权服务商）	2026-08-17T14:04:43.5944934Z 14:04:43 [ERROR] [Camoufox注册] 失败：RuntimeError: Camoufox 浏览器二进制未安装，请先执行: camoufox fetch
register	注册（免费无鉴权服务商）	2026-08-17T14:04:43.6002325Z 14:04:43 [INFO] [DropMail] 已释放邮箱上下文: b9e4b134aef7@dropmail.click（status=available, note=Camoufox失败: Camoufox 浏览器二进制未安装，请先执行: camoufox fetch）
register	注册（免费无鉴权服务商）	2026-08-17T14:04:43.6010988Z 14:04:43 [INFO] [批量] 开始第 42/100 个注册
register	注册（免费无鉴权服务商）	2026-08-17T14:04:43.6016618Z 14:04:43 [INFO] [TempMailC] 已生成临时邮箱: wwjvxek6hr@kojoball.email
register	注册（免费无鉴权服务商）	2026-08-17T14:04:43.6041949Z 14:04:43 [INFO] [EmailProvider] 使用邮箱来源: tempmailc, email=wwjvxek6hr@kojoball.email (order=['tempmailc', 'tempmail', 'catchmail', 'myagentinbox', 'qxfy', 'dropmail', 'throwawaymail'])
register	注册（免费无鉴权服务商）	2026-08-17T14:04:43.6071022Z 14:04:43 [DEBUG] 自动获取邮箱: wwjvxek6hr@kojoball.email
register	注册（免费无鉴权服务商）	2026-08-17T14:04:43.6071668Z 14:04:43 [DEBUG] 自动生成显示名称: Zzsayv Dyljvn
register	注册（免费无鉴权服务商）	2026-08-17T14:04:43.6081465Z 14:04:43 [INFO] [Camoufox] 使用代理: socks5://127.0.0.1:40000
register	注册（免费无鉴权服务商）	2026-08-17T14:04:43.6082550Z 14:04:43 [INFO] [Camoufox] 启动无头浏览器 (headless=True)...
register	注册（免费无鉴权服务商）	2026-08-17T14:04:43.6083273Z 14:04:43 [DEBUG] Using selector: EpollSelector
register	注册（免费无鉴权服务商）	2026-08-17T14:04:43.6227139Z 14:04:43 [ERROR] [Camoufox注册] 失败：RuntimeError: Camoufox 浏览器二进制未安装，请先执行: camoufox fetch
register	注册（免费无鉴权服务商）	2026-08-17T14:04:43.6229042Z 14:04:43 [INFO] [MyAgentInbox] 已释放邮箱上下文: ee5s4ho4mz@myagentinbox.com（status=available, note=Camoufox失败: Camoufox 浏览器二进制未安装，请先执行: camoufox fetch）
register	注册（免费无鉴权服务商）	2026-08-17T14:04:43.6236027Z 14:04:43 [INFO] [批量] 开始第 43/100 个注册
register	注册（免费无鉴权服务商）	2026-08-17T14:04:43.6262214Z 14:04:43 [INFO] [TempMailC] 已生成临时邮箱: jn8c3uw0ev@kojoball.email
register	注册（免费无鉴权服务商）	2026-08-17T14:04:43.6275170Z 14:04:43 [INFO] [EmailProvider] 使用邮箱来源: tempmailc, email=jn8c3uw0ev@kojoball.email (order=['tempmailc', 'myagentinbox', 'tempmail', 'dropmail', 'throwawaymail', 'catchmail', 'qxfy'])
register	注册（免费无鉴权服务商）	2026-08-17T14:04:43.6276847Z 14:04:43 [DEBUG] 自动获取邮箱: jn8c3uw0ev@kojoball.email
register	注册（免费无鉴权服务商）	2026-08-17T14:04:43.6277666Z 14:04:43 [DEBUG] 自动生成显示名称: Nnntca Bnxm
register	注册（免费无鉴权服务商）	2026-08-17T14:04:43.6278484Z 14:04:43 [INFO] [Camoufox] 使用代理: socks5://127.0.0.1:40000
register	注册（免费无鉴权服务商）	2026-08-17T14:04:43.6279326Z 14:04:43 [INFO] [Camoufox] 启动无头浏览器 (headless=True)...
register	注册（免费无鉴权服务商）	2026-08-17T14:04:43.6280083Z 14:04:43 [DEBUG] Using selector: EpollSelector
register	注册（免费无鉴权服务商）	2026-08-17T14:04:43.6410941Z 14:04:43 [ERROR] [Camoufox注册] 失败：RuntimeError: Camoufox 浏览器二进制未安装，请先执行: camoufox fetch
register	注册（免费无鉴权服务商）	2026-08-17T14:04:43.6422084Z 14:04:43 [INFO] [Catchmail] 已释放邮箱上下文: tu8pa9zmnv@catchmail.io（status=available, note=Camoufox失败: Camoufox 浏览器二进制未安装，请先执行: camoufox fetch）
register	注册（免费无鉴权服务商）	2026-08-17T14:04:43.6427571Z 14:04:43 [INFO] [批量] 开始第 44/100 个注册
register	注册（免费无鉴权服务商）	2026-08-17T14:04:43.6429260Z 14:04:43 [DEBUG] Starting new HTTPS connection (1): api.tempmail.lol:443
register	注册（免费无鉴权服务商）	2026-08-17T14:04:43.8983102Z 14:04:43 [DEBUG] https://api.tempmail.lol:443 "POST /v2/inbox/create HTTP/1.1" 201 90
register	注册（免费无鉴权服务商）	2026-08-17T14:04:43.8997697Z 14:04:43 [INFO] [TempMail.lol] 已创建邮箱: troy6a6ffb@vz.foodlpqse.com
register	注册（免费无鉴权服务商）	2026-08-17T14:04:43.9000535Z 14:04:43 [INFO] [EmailProvider] 使用邮箱来源: tempmail, email=troy6a6ffb@vz.foodlpqse.com (order=['tempmail', 'tempmailc', 'throwawaymail', 'myagentinbox', 'dropmail', 'catchmail', 'qxfy'])
register	注册（免费无鉴权服务商）	2026-08-17T14:04:43.9002203Z 14:04:43 [DEBUG] 自动获取邮箱: troy6a6ffb@vz.foodlpqse.com
register	注册（免费无鉴权服务商）	2026-08-17T14:04:43.9003059Z 14:04:43 [DEBUG] 自动生成显示名称: Qjkkvo Zqcfwh
register	注册（免费无鉴权服务商）	2026-08-17T14:04:43.9003826Z 14:04:43 [INFO] [Camoufox] 使用代理: socks5://127.0.0.1:40000
register	注册（免费无鉴权服务商）	2026-08-17T14:04:43.9004661Z 14:04:43 [INFO] [Camoufox] 启动无头浏览器 (headless=True)...
register	注册（免费无鉴权服务商）	2026-08-17T14:04:43.9005354Z 14:04:43 [DEBUG] Using selector: EpollSelector
register	注册（免费无鉴权服务商）	2026-08-17T14:04:43.9874275Z 14:04:43 [ERROR] [Camoufox注册] 失败：RuntimeError: Camoufox 浏览器二进制未安装，请先执行: camoufox fetch
register	注册（免费无鉴权服务商）	2026-08-17T14:04:43.9875908Z 14:04:43 [INFO] [TempMailC] 已释放邮箱上下文: wwjvxek6hr@kojoball.email（status=available, note=Camoufox失败: Camoufox 浏览器二进制未安装，请先执行: camoufox fetch）
register	注册（免费无鉴权服务商）	2026-08-17T14:04:43.9890897Z 14:04:43 [INFO] [批量] 开始第 45/100 个注册
register	注册（免费无鉴权服务商）	2026-08-17T14:04:43.9891863Z 14:04:43 [DEBUG] Starting new HTTPS connection (1): dropmail.click:443
register	注册（免费无鉴权服务商）	2026-08-17T14:04:44.0121832Z 14:04:44 [ERROR] [Camoufox注册] 失败：RuntimeError: Camoufox 浏览器二进制未安装，请先执行: camoufox fetch
register	注册（免费无鉴权服务商）	2026-08-17T14:04:44.0123279Z 14:04:44 [INFO] [TempMailC] 已释放邮箱上下文: jn8c3uw0ev@kojoball.email（status=available, note=Camoufox失败: Camoufox 浏览器二进制未安装，请先执行: camoufox fetch）
register	注册（免费无鉴权服务商）	2026-08-17T14:04:44.0136708Z 14:04:44 [INFO] [批量] 开始第 46/100 个注册
register	注册（免费无鉴权服务商）	2026-08-17T14:04:44.0137355Z 14:04:44 [DEBUG] Starting new HTTPS connection (1): dropmail.click:443
register	注册（免费无鉴权服务商）	2026-08-17T14:04:44.2391125Z 14:04:44 [ERROR] [Camoufox注册] 失败：RuntimeError: Camoufox 浏览器二进制未安装，请先执行: camoufox fetch
register	注册（免费无鉴权服务商）	2026-08-17T14:04:44.2392709Z 14:04:44 [INFO] [TempMail.lol] 已释放邮箱上下文: troy6a6ffb@vz.foodlpqse.com（status=available, note=Camoufox失败: Camoufox 浏览器二进制未安装，请先执行: camoufox fetch）
register	注册（免费无鉴权服务商）	2026-08-17T14:04:44.2393712Z 14:04:44 [INFO] [批量] 开始第 47/100 个注册
register	注册（免费无鉴权服务商）	2026-08-17T14:04:44.2401201Z 14:04:44 [DEBUG] Starting new HTTPS connection (1): api.tempmail.lol:443
register	注册（免费无鉴权服务商）	2026-08-17T14:04:44.2819027Z 14:04:44 [DEBUG] https://dropmail.click:443 "POST /api/v1/public/mailbox HTTP/1.1" 201 113
register	注册（免费无鉴权服务商）	2026-08-17T14:04:44.2832342Z 14:04:44 [INFO] [DropMail] 已创建临时邮箱: cdf34b5e93f8@dropmail.click（有效期 2026-08-17T14:14:44Z）
register	注册（免费无鉴权服务商）	2026-08-17T14:04:44.2833952Z 14:04:44 [INFO] [EmailProvider] 使用邮箱来源: dropmail, email=cdf34b5e93f8@dropmail.click (order=['dropmail', 'myagentinbox', 'qxfy', 'tempmailc', 'throwawaymail', 'catchmail', 'tempmail'])
register	注册（免费无鉴权服务商）	2026-08-17T14:04:44.2835297Z 14:04:44 [DEBUG] 自动获取邮箱: cdf34b5e93f8@dropmail.click
register	注册（免费无鉴权服务商）	2026-08-17T14:04:44.2835794Z 14:04:44 [DEBUG] 自动生成显示名称: Gcbqh Fnai
register	注册（免费无鉴权服务商）	2026-08-17T14:04:44.2836185Z 14:04:44 [INFO] [Camoufox] 使用代理: socks5://127.0.0.1:40000
register	注册（免费无鉴权服务商）	2026-08-17T14:04:44.2836999Z 14:04:44 [INFO] [Camoufox] 启动无头浏览器 (headless=True)...
register	注册（免费无鉴权服务商）	2026-08-17T14:04:44.2837345Z 14:04:44 [DEBUG] Using selector: EpollSelector
register	注册（免费无鉴权服务商）	2026-08-17T14:04:44.2933207Z 14:04:44 [DEBUG] https://dropmail.click:443 "POST /api/v1/public/mailbox HTTP/1.1" 201 113
register	注册（免费无鉴权服务商）	2026-08-17T14:04:44.2947892Z 14:04:44 [INFO] [DropMail] 已创建临时邮箱: 2f4e77bfef86@dropmail.click（有效期 2026-08-17T14:14:44Z）
register	注册（免费无鉴权服务商）	2026-08-17T14:04:44.2949669Z 14:04:44 [INFO] [EmailProvider] 使用邮箱来源: dropmail, email=2f4e77bfef86@dropmail.click (order=['dropmail', 'throwawaymail', 'catchmail', 'tempmailc', 'tempmail', 'qxfy', 'myagentinbox'])
register	注册（免费无鉴权服务商）	2026-08-17T14:04:44.2951253Z 14:04:44 [DEBUG] 自动获取邮箱: 2f4e77bfef86@dropmail.click
register	注册（免费无鉴权服务商）	2026-08-17T14:04:44.2951893Z 14:04:44 [DEBUG] 自动生成显示名称: Iwqiv Awuq
register	注册（免费无鉴权服务商）	2026-08-17T14:04:44.2952585Z 14:04:44 [INFO] [Camoufox] 使用代理: socks5://127.0.0.1:40000
register	注册（免费无鉴权服务商）	2026-08-17T14:04:44.2953299Z 14:04:44 [INFO] [Camoufox] 启动无头浏览器 (headless=True)...
register	注册（免费无鉴权服务商）	2026-08-17T14:04:44.2953884Z 14:04:44 [DEBUG] Using selector: EpollSelector
register	注册（免费无鉴权服务商）	2026-08-17T14:04:44.4666698Z 14:04:44 [DEBUG] https://api.tempmail.lol:443 "POST /v2/inbox/create HTTP/1.1" 201 93
register	注册（免费无鉴权服务商）	2026-08-17T14:04:44.4691812Z 14:04:44 [INFO] [TempMail.lol] 已创建邮箱: hilary6a6ffc@66l.foodlpqse.com
register	注册（免费无鉴权服务商）	2026-08-17T14:04:44.4702037Z 14:04:44 [INFO] [EmailProvider] 使用邮箱来源: tempmail, email=hilary6a6ffc@66l.foodlpqse.com (order=['tempmail', 'tempmailc', 'dropmail', 'catchmail', 'myagentinbox', 'throwawaymail', 'qxfy'])
register	注册（免费无鉴权服务商）	2026-08-17T14:04:44.4704145Z 14:04:44 [DEBUG] 自动获取邮箱: hilary6a6ffc@66l.foodlpqse.com
register	注册（免费无鉴权服务商）	2026-08-17T14:04:44.4705067Z 14:04:44 [DEBUG] 自动生成显示名称: Bavffj Ygfgiti
register	注册（免费无鉴权服务商）	2026-08-17T14:04:44.4705957Z 14:04:44 [INFO] [Camoufox] 使用代理: socks5://127.0.0.1:40000
register	注册（免费无鉴权服务商）	2026-08-17T14:04:44.4706930Z 14:04:44 [INFO] [Camoufox] 启动无头浏览器 (headless=True)...
register	注册（免费无鉴权服务商）	2026-08-17T14:04:44.4707722Z 14:04:44 [DEBUG] Using selector: EpollSelector
register	注册（免费无鉴权服务商）	2026-08-17T14:04:44.6383896Z 14:04:44 [ERROR] [Camoufox注册] 失败：RuntimeError: Camoufox 浏览器二进制未安装，请先执行: camoufox fetch
register	注册（免费无鉴权服务商）	2026-08-17T14:04:44.6396307Z 14:04:44 [INFO] [DropMail] 已释放邮箱上下文: cdf34b5e93f8@dropmail.click（status=available, note=Camoufox失败: Camoufox 浏览器二进制未安装，请先执行: camoufox fetch）
register	注册（免费无鉴权服务商）	2026-08-17T14:04:44.6410087Z 14:04:44 [INFO] [批量] 开始第 48/100 个注册
register	注册（免费无鉴权服务商）	2026-08-17T14:04:44.6411283Z 14:04:44 [INFO] [QXFY] 已生成临时邮箱: kiiqh0tue2@kami666.xyz
register	注册（免费无鉴权服务商）	2026-08-17T14:04:44.6412892Z 14:04:44 [INFO] [EmailProvider] 使用邮箱来源: qxfy, email=kiiqh0tue2@kami666.xyz (order=['qxfy', 'myagentinbox', 'tempmail', 'throwawaymail', 'tempmailc', 'dropmail', 'catchmail'])
register	注册（免费无鉴权服务商）	2026-08-17T14:04:44.6414269Z 14:04:44 [DEBUG] 自动获取邮箱: kiiqh0tue2@kami666.xyz
register	注册（免费无鉴权服务商）	2026-08-17T14:04:44.6414952Z 14:04:44 [DEBUG] 自动生成显示名称: Tchv Legoieb
register	注册（免费无鉴权服务商）	2026-08-17T14:04:44.6415667Z 14:04:44 [INFO] [Camoufox] 使用代理: socks5://127.0.0.1:40000
register	注册（免费无鉴权服务商）	2026-08-17T14:04:44.6416441Z 14:04:44 [INFO] [Camoufox] 启动无头浏览器 (headless=True)...
register	注册（免费无鉴权服务商）	2026-08-17T14:04:44.6417625Z 14:04:44 [DEBUG] Using selector: EpollSelector
register	注册（免费无鉴权服务商）	2026-08-17T14:04:44.7018192Z 14:04:44 [ERROR] [Camoufox注册] 失败：RuntimeError: Camoufox 浏览器二进制未安装，请先执行: camoufox fetch
register	注册（免费无鉴权服务商）	2026-08-17T14:04:44.7019958Z 14:04:44 [INFO] [DropMail] 已释放邮箱上下文: 2f4e77bfef86@dropmail.click（status=available, note=Camoufox失败: Camoufox 浏览器二进制未安装，请先执行: camoufox fetch）
register	注册（免费无鉴权服务商）	2026-08-17T14:04:44.7021537Z 14:04:44 [INFO] [批量] 开始第 49/100 个注册
register	注册（免费无鉴权服务商）	2026-08-17T14:04:44.7028855Z 14:04:44 [DEBUG] Starting new HTTPS connection (1): throwawaymail.app:443
register	注册（免费无鉴权服务商）	2026-08-17T14:04:44.8398771Z 14:04:44 [DEBUG] https://throwawaymail.app:443 "POST /api/mailboxes HTTP/1.1" 201 193
register	注册（免费无鉴权服务商）	2026-08-17T14:04:44.8419168Z 14:04:44 [INFO] [ThrowawayMail] 已创建临时邮箱: wet.upset.oil@throwawaymail.app（过期 2026-08-17T14:14:44.808897+00:00）
register	注册（免费无鉴权服务商）	2026-08-17T14:04:44.8421568Z 14:04:44 [INFO] [EmailProvider] 使用邮箱来源: throwawaymail, email=wet.upset.oil@throwawaymail.app (order=['throwawaymail', 'dropmail', 'tempmail', 'tempmailc', 'catchmail', 'qxfy', 'myagentinbox'])
register	注册（免费无鉴权服务商）	2026-08-17T14:04:44.8423355Z 14:04:44 [DEBUG] 自动获取邮箱: wet.upset.oil@throwawaymail.app
register	注册（免费无鉴权服务商）	2026-08-17T14:04:44.8424165Z 14:04:44 [DEBUG] 自动生成显示名称: Xjxdki Cunlysk
register	注册（免费无鉴权服务商）	2026-08-17T14:04:44.8424996Z 14:04:44 [INFO] [Camoufox] 使用代理: socks5://127.0.0.1:40000
register	注册（免费无鉴权服务商）	2026-08-17T14:04:44.8426365Z 14:04:44 [INFO] [Camoufox] 启动无头浏览器 (headless=True)...
register	注册（免费无鉴权服务商）	2026-08-17T14:04:44.8427096Z 14:04:44 [DEBUG] Using selector: EpollSelector
register	注册（免费无鉴权服务商）	2026-08-17T14:04:44.8971048Z 14:04:44 [ERROR] [Camoufox注册] 失败：RuntimeError: Camoufox 浏览器二进制未安装，请先执行: camoufox fetch
register	注册（免费无鉴权服务商）	2026-08-17T14:04:44.8973051Z 14:04:44 [INFO] [TempMail.lol] 已释放邮箱上下文: hilary6a6ffc@66l.foodlpqse.com（status=available, note=Camoufox失败: Camoufox 浏览器二进制未安装，请先执行: camoufox fetch）
register	注册（免费无鉴权服务商）	2026-08-17T14:04:44.8974315Z 14:04:44 [INFO] [批量] 开始第 50/100 个注册
register	注册（免费无鉴权服务商）	2026-08-17T14:04:44.8980910Z 14:04:44 [DEBUG] Starting new HTTPS connection (1): myagentinbox.com:443
register	注册（免费无鉴权服务商）	2026-08-17T14:04:45.0428043Z 14:04:45 [DEBUG] https://myagentinbox.com:443 "POST /api/inboxes HTTP/1.1" 201 109
register	注册（免费无鉴权服务商）	2026-08-17T14:04:45.0437863Z 14:04:45 [INFO] [MyAgentInbox] 已创建临时邮箱: le0m2v4abb@myagentinbox.com（过期 24h）
register	注册（免费无鉴权服务商）	2026-08-17T14:04:45.0439607Z 14:04:45 [INFO] [EmailProvider] 使用邮箱来源: myagentinbox, email=le0m2v4abb@myagentinbox.com (order=['myagentinbox', 'throwawaymail', 'qxfy', 'dropmail', 'catchmail', 'tempmail', 'tempmailc'])
register	注册（免费无鉴权服务商）	2026-08-17T14:04:45.0441186Z 14:04:45 [DEBUG] 自动获取邮箱: le0m2v4abb@myagentinbox.com
register	注册（免费无鉴权服务商）	2026-08-17T14:04:45.0441759Z 14:04:45 [DEBUG] 自动生成显示名称: Jobwykm Ocbl
register	注册（免费无鉴权服务商）	2026-08-17T14:04:45.0442343Z 14:04:45 [INFO] [Camoufox] 使用代理: socks5://127.0.0.1:40000
register	注册（免费无鉴权服务商）	2026-08-17T14:04:45.0443076Z 14:04:45 [INFO] [Camoufox] 启动无头浏览器 (headless=True)...
register	注册（免费无鉴权服务商）	2026-08-17T14:04:45.0443682Z 14:04:45 [DEBUG] Using selector: EpollSelector
register	注册（免费无鉴权服务商）	2026-08-17T14:04:45.0587747Z 14:04:45 [ERROR] [Camoufox注册] 失败：RuntimeError: Camoufox 浏览器二进制未安装，请先执行: camoufox fetch
register	注册（免费无鉴权服务商）	2026-08-17T14:04:45.0598017Z 14:04:45 [INFO] [QXFY] 已释放邮箱上下文: kiiqh0tue2@kami666.xyz（status=available, note=Camoufox失败: Camoufox 浏览器二进制未安装，请先执行: camoufox fetch）
register	注册（免费无鉴权服务商）	2026-08-17T14:04:45.0598888Z 14:04:45 [INFO] [批量] 开始第 51/100 个注册
register	注册（免费无鉴权服务商）	2026-08-17T14:04:45.0600013Z 14:04:45 [INFO] [QXFY] 已生成临时邮箱: ux2p6l3cba@free.violet.us.ci
register	注册（免费无鉴权服务商）	2026-08-17T14:04:45.0601426Z 14:04:45 [INFO] [EmailProvider] 使用邮箱来源: qxfy, email=ux2p6l3cba@free.violet.us.ci (order=['qxfy', 'tempmail', 'throwawaymail', 'dropmail', 'catchmail', 'tempmailc', 'myagentinbox'])
register	注册（免费无鉴权服务商）	2026-08-17T14:04:45.0602706Z 14:04:45 [DEBUG] 自动获取邮箱: ux2p6l3cba@free.violet.us.ci
register	注册（免费无鉴权服务商）	2026-08-17T14:04:45.0603259Z 14:04:45 [DEBUG] 自动生成显示名称: Rcjbko Tcvu
register	注册（免费无鉴权服务商）	2026-08-17T14:04:45.0603744Z 14:04:45 [INFO] [Camoufox] 使用代理: socks5://127.0.0.1:40000
register	注册（免费无鉴权服务商）	2026-08-17T14:04:45.0604300Z 14:04:45 [INFO] [Camoufox] 启动无头浏览器 (headless=True)...
register	注册（免费无鉴权服务商）	2026-08-17T14:04:45.0604823Z 14:04:45 [DEBUG] Using selector: EpollSelector
register	注册（免费无鉴权服务商）	2026-08-17T14:04:45.3540790Z 14:04:45 [ERROR] [Camoufox注册] 失败：RuntimeError: Camoufox 浏览器二进制未安装，请先执行: camoufox fetch
register	注册（免费无鉴权服务商）	2026-08-17T14:04:45.3544416Z 14:04:45 [INFO] [ThrowawayMail] 已释放邮箱上下文: wet.upset.oil@throwawaymail.app（status=available, note=Camoufox失败: Camoufox 浏览器二进制未安装，请先执行: camoufox fetch）
register	注册（免费无鉴权服务商）	2026-08-17T14:04:45.3546220Z 14:04:45 [INFO] [批量] 开始第 52/100 个注册
register	注册（免费无鉴权服务商）	2026-08-17T14:04:45.3554525Z 14:04:45 [DEBUG] Starting new HTTPS connection (1): myagentinbox.com:443
register	注册（免费无鉴权服务商）	2026-08-17T14:04:45.5044212Z 14:04:45 [ERROR] [Camoufox注册] 失败：RuntimeError: Camoufox 浏览器二进制未安装，请先执行: camoufox fetch
register	注册（免费无鉴权服务商）	2026-08-17T14:04:45.5046866Z 14:04:45 [INFO] [MyAgentInbox] 已释放邮箱上下文: le0m2v4abb@myagentinbox.com（status=available, note=Camoufox失败: Camoufox 浏览器二进制未安装，请先执行: camoufox fetch）
register	注册（免费无鉴权服务商）	2026-08-17T14:04:45.5048246Z 14:04:45 [INFO] [批量] 开始第 53/100 个注册
register	注册（免费无鉴权服务商）	2026-08-17T14:04:45.5049120Z 14:04:45 [INFO] [TempMailC] 已生成临时邮箱: cr9qzteyp8@domsr.fun
register	注册（免费无鉴权服务商）	2026-08-17T14:04:45.5050749Z 14:04:45 [INFO] [EmailProvider] 使用邮箱来源: tempmailc, email=cr9qzteyp8@domsr.fun (order=['tempmailc', 'catchmail', 'myagentinbox', 'qxfy', 'tempmail', 'dropmail', 'throwawaymail'])
register	注册（免费无鉴权服务商）	2026-08-17T14:04:45.5052013Z 14:04:45 [DEBUG] 自动获取邮箱: cr9qzteyp8@domsr.fun
register	注册（免费无鉴权服务商）	2026-08-17T14:04:45.5052596Z 14:04:45 [DEBUG] 自动生成显示名称: Eorjk Ytwls
register	注册（免费无鉴权服务商）	2026-08-17T14:04:45.5053227Z 14:04:45 [INFO] [Camoufox] 使用代理: socks5://127.0.0.1:40000
register	注册（免费无鉴权服务商）	2026-08-17T14:04:45.5053892Z 14:04:45 [INFO] [Camoufox] 启动无头浏览器 (headless=True)...
register	注册（免费无鉴权服务商）	2026-08-17T14:04:45.5054271Z 14:04:45 [DEBUG] Using selector: EpollSelector
register	注册（免费无鉴权服务商）	2026-08-17T14:04:45.5155910Z 14:04:45 [DEBUG] https://myagentinbox.com:443 "POST /api/inboxes HTTP/1.1" 201 109
register	注册（免费无鉴权服务商）	2026-08-17T14:04:45.5179948Z 14:04:45 [INFO] [MyAgentInbox] 已创建临时邮箱: qpe1prvyv7@myagentinbox.com（过期 24h）
register	注册（免费无鉴权服务商）	2026-08-17T14:04:45.5182587Z 14:04:45 [INFO] [EmailProvider] 使用邮箱来源: myagentinbox, email=qpe1prvyv7@myagentinbox.com (order=['myagentinbox', 'tempmailc', 'qxfy', 'throwawaymail', 'dropmail', 'catchmail', 'tempmail'])
register	注册（免费无鉴权服务商）	2026-08-17T14:04:45.5184357Z 14:04:45 [DEBUG] 自动获取邮箱: qpe1prvyv7@myagentinbox.com
register	注册（免费无鉴权服务商）	2026-08-17T14:04:45.5185346Z 14:04:45 [DEBUG] 自动生成显示名称: Sorvop Zoyv
register	注册（免费无鉴权服务商）	2026-08-17T14:04:45.5186246Z 14:04:45 [INFO] [Camoufox] 使用代理: socks5://127.0.0.1:40000
register	注册（免费无鉴权服务商）	2026-08-17T14:04:45.5187213Z 14:04:45 [INFO] [Camoufox] 启动无头浏览器 (headless=True)...
register	注册（免费无鉴权服务商）	2026-08-17T14:04:45.5188040Z 14:04:45 [DEBUG] Using selector: EpollSelector
register	注册（免费无鉴权服务商）	2026-08-17T14:04:45.5212511Z 14:04:45 [ERROR] [Camoufox注册] 失败：RuntimeError: Camoufox 浏览器二进制未安装，请先执行: camoufox fetch
register	注册（免费无鉴权服务商）	2026-08-17T14:04:45.5214811Z 14:04:45 [INFO] [QXFY] 已释放邮箱上下文: ux2p6l3cba@free.violet.us.ci（status=available, note=Camoufox失败: Camoufox 浏览器二进制未安装，请先执行: camoufox fetch）
register	注册（免费无鉴权服务商）	2026-08-17T14:04:45.5216234Z 14:04:45 [INFO] [批量] 开始第 54/100 个注册
register	注册（免费无鉴权服务商）	2026-08-17T14:04:45.5226827Z 14:04:45 [DEBUG] Starting new HTTPS connection (1): throwawaymail.app:443
register	注册（免费无鉴权服务商）	2026-08-17T14:04:45.6387918Z 14:04:45 [DEBUG] https://throwawaymail.app:443 "POST /api/mailboxes HTTP/1.1" 201 200
register	注册（免费无鉴权服务商）	2026-08-17T14:04:45.6411383Z 14:04:45 [INFO] [ThrowawayMail] 已创建临时邮箱: blade.destroy.denial@throwawaymail.app（过期 2026-08-17T14:14:45.606689+00:00）
register	注册（免费无鉴权服务商）	2026-08-17T14:04:45.6413760Z 14:04:45 [INFO] [EmailProvider] 使用邮箱来源: throwawaymail, email=blade.destroy.denial@throwawaymail.app (order=['throwawaymail', 'tempmail', 'dropmail', 'qxfy', 'myagentinbox', 'catchmail', 'tempmailc'])
register	注册（免费无鉴权服务商）	2026-08-17T14:04:45.6415850Z 14:04:45 [DEBUG] 自动获取邮箱: blade.destroy.denial@throwawaymail.app
register	注册（免费无鉴权服务商）	2026-08-17T14:04:45.6416822Z 14:04:45 [DEBUG] 自动生成显示名称: Oghqfvq Dvfwv
register	注册（免费无鉴权服务商）	2026-08-17T14:04:45.6418355Z 14:04:45 [INFO] [Camoufox] 使用代理: socks5://127.0.0.1:40000
register	注册（免费无鉴权服务商）	2026-08-17T14:04:45.6419279Z 14:04:45 [INFO] [Camoufox] 启动无头浏览器 (headless=True)...
register	注册（免费无鉴权服务商）	2026-08-17T14:04:45.6420079Z 14:04:45 [DEBUG] Using selector: EpollSelector
register	注册（免费无鉴权服务商）	2026-08-17T14:04:45.9829377Z 14:04:45 [ERROR] [Camoufox注册] 失败：RuntimeError: Camoufox 浏览器二进制未安装，请先执行: camoufox fetch
register	注册（免费无鉴权服务商）	2026-08-17T14:04:45.9849492Z 14:04:45 [INFO] [MyAgentInbox] 已释放邮箱上下文: qpe1prvyv7@myagentinbox.com（status=available, note=Camoufox失败: Camoufox 浏览器二进制未安装，请先执行: camoufox fetch）
register	注册（免费无鉴权服务商）	2026-08-17T14:04:45.9851104Z 14:04:45 [INFO] [批量] 开始第 55/100 个注册
register	注册（免费无鉴权服务商）	2026-08-17T14:04:45.9851963Z 14:04:45 [DEBUG] Starting new HTTPS connection (1): dropmail.click:443
register	注册（免费无鉴权服务商）	2026-08-17T14:04:46.0041744Z 14:04:46 [ERROR] [Camoufox注册] 失败：RuntimeError: Camoufox 浏览器二进制未安装，请先执行: camoufox fetch
register	注册（免费无鉴权服务商）	2026-08-17T14:04:46.0052738Z 14:04:46 [INFO] [TempMailC] 已释放邮箱上下文: cr9qzteyp8@domsr.fun（status=available, note=Camoufox失败: Camoufox 浏览器二进制未安装，请先执行: camoufox fetch）
register	注册（免费无鉴权服务商）	2026-08-17T14:04:46.0054048Z 14:04:46 [INFO] [批量] 开始第 56/100 个注册
register	注册（免费无鉴权服务商）	2026-08-17T14:04:46.0054992Z 14:04:46 [INFO] [Catchmail] 已生成临时邮箱: rqnx2o32ru@catchmail.io
register	注册（免费无鉴权服务商）	2026-08-17T14:04:46.0056663Z 14:04:46 [INFO] [EmailProvider] 使用邮箱来源: catchmail, email=rqnx2o32ru@catchmail.io (order=['catchmail', 'qxfy', 'dropmail', 'tempmailc', 'throwawaymail', 'myagentinbox', 'tempmail'])
register	注册（免费无鉴权服务商）	2026-08-17T14:04:46.0058533Z 14:04:46 [DEBUG] 自动获取邮箱: rqnx2o32ru@catchmail.io
register	注册（免费无鉴权服务商）	2026-08-17T14:04:46.0059289Z 14:04:46 [DEBUG] 自动生成显示名称: Xgnwj Smmndtq
register	注册（免费无鉴权服务商）	2026-08-17T14:04:46.0059963Z 14:04:46 [INFO] [Camoufox] 使用代理: socks5://127.0.0.1:40000
register	注册（免费无鉴权服务商）	2026-08-17T14:04:46.0060880Z 14:04:46 [INFO] [Camoufox] 启动无头浏览器 (headless=True)...
register	注册（免费无鉴权服务商）	2026-08-17T14:04:46.0061603Z 14:04:46 [DEBUG] Using selector: EpollSelector
register	注册（免费无鉴权服务商）	2026-08-17T14:04:46.0985400Z 14:04:46 [ERROR] [Camoufox注册] 失败：RuntimeError: Camoufox 浏览器二进制未安装，请先执行: camoufox fetch
register	注册（免费无鉴权服务商）	2026-08-17T14:04:46.0987688Z 14:04:46 [INFO] [ThrowawayMail] 已释放邮箱上下文: blade.destroy.denial@throwawaymail.app（status=available, note=Camoufox失败: Camoufox 浏览器二进制未安装，请先执行: camoufox fetch）
register	注册（免费无鉴权服务商）	2026-08-17T14:04:46.0989132Z 14:04:46 [INFO] [批量] 开始第 57/100 个注册
register	注册（免费无鉴权服务商）	2026-08-17T14:04:46.0997183Z 14:04:46 [DEBUG] Starting new HTTPS connection (1): api.tempmail.lol:443
register	注册（免费无鉴权服务商）	2026-08-17T14:04:46.2877932Z 14:04:46 [DEBUG] https://dropmail.click:443 "POST /api/v1/public/mailbox HTTP/1.1" 201 113
register	注册（免费无鉴权服务商）	2026-08-17T14:04:46.2893626Z 14:04:46 [INFO] [DropMail] 已创建临时邮箱: 90dc4339eb7b@dropmail.click（有效期 2026-08-17T14:14:46Z）
register	注册（免费无鉴权服务商）	2026-08-17T14:04:46.2895216Z 14:04:46 [INFO] [EmailProvider] 使用邮箱来源: dropmail, email=90dc4339eb7b@dropmail.click (order=['dropmail', 'throwawaymail', 'catchmail', 'qxfy', 'myagentinbox', 'tempmail', 'tempmailc'])
register	注册（免费无鉴权服务商）	2026-08-17T14:04:46.2896458Z 14:04:46 [DEBUG] 自动获取邮箱: 90dc4339eb7b@dropmail.click
register	注册（免费无鉴权服务商）	2026-08-17T14:04:46.2896978Z 14:04:46 [DEBUG] 自动生成显示名称: Jira Cfafmwb
register	注册（免费无鉴权服务商）	2026-08-17T14:04:46.2897551Z 14:04:46 [INFO] [Camoufox] 使用代理: socks5://127.0.0.1:40000
register	注册（免费无鉴权服务商）	2026-08-17T14:04:46.2898172Z 14:04:46 [INFO] [Camoufox] 启动无头浏览器 (headless=True)...
register	注册（免费无鉴权服务商）	2026-08-17T14:04:46.2898681Z 14:04:46 [DEBUG] Using selector: EpollSelector
register	注册（免费无鉴权服务商）	2026-08-17T14:04:46.3138130Z 14:04:46 [DEBUG] https://api.tempmail.lol:443 "POST /v2/inbox/create HTTP/1.1" 201 90
register	注册（免费无鉴权服务商）	2026-08-17T14:04:46.3154649Z 14:04:46 [INFO] [TempMail.lol] 已创建邮箱: cochard6a6ffe@zq.moonvf.com
register	注册（免费无鉴权服务商）	2026-08-17T14:04:46.3161969Z 14:04:46 [INFO] [EmailProvider] 使用邮箱来源: tempmail, email=cochard6a6ffe@zq.moonvf.com (order=['tempmail', 'qxfy', 'tempmailc', 'catchmail', 'throwawaymail', 'myagentinbox', 'dropmail'])
register	注册（免费无鉴权服务商）	2026-08-17T14:04:46.3163721Z 14:04:46 [DEBUG] 自动获取邮箱: cochard6a6ffe@zq.moonvf.com
register	注册（免费无鉴权服务商）	2026-08-17T14:04:46.3164479Z 14:04:46 [DEBUG] 自动生成显示名称: Htyea Kfkpqko
register	注册（免费无鉴权服务商）	2026-08-17T14:04:46.3165220Z 14:04:46 [INFO] [Camoufox] 使用代理: socks5://127.0.0.1:40000
register	注册（免费无鉴权服务商）	2026-08-17T14:04:46.3166126Z 14:04:46 [INFO] [Camoufox] 启动无头浏览器 (headless=True)...
register	注册（免费无鉴权服务商）	2026-08-17T14:04:46.3166737Z 14:04:46 [DEBUG] Using selector: EpollSelector
register	注册（免费无鉴权服务商）	2026-08-17T14:04:46.3706577Z 14:04:46 [ERROR] [Camoufox注册] 失败：RuntimeError: Camoufox 浏览器二进制未安装，请先执行: camoufox fetch
register	注册（免费无鉴权服务商）	2026-08-17T14:04:46.3708020Z 14:04:46 [INFO] [Catchmail] 已释放邮箱上下文: rqnx2o32ru@catchmail.io（status=available, note=Camoufox失败: Camoufox 浏览器二进制未安装，请先执行: camoufox fetch）
register	注册（免费无鉴权服务商）	2026-08-17T14:04:46.3714961Z 14:04:46 [INFO] [批量] 开始第 58/100 个注册
register	注册（免费无鉴权服务商）	2026-08-17T14:04:46.3719576Z 14:04:46 [DEBUG] Starting new HTTPS connection (1): myagentinbox.com:443
register	注册（免费无鉴权服务商）	2026-08-17T14:04:46.5047076Z 14:04:46 [DEBUG] https://myagentinbox.com:443 "POST /api/inboxes HTTP/1.1" 201 109
register	注册（免费无鉴权服务商）	2026-08-17T14:04:46.5082143Z 14:04:46 [INFO] [MyAgentInbox] 已创建临时邮箱: ax7htdgn2y@myagentinbox.com（过期 24h）
register	注册（免费无鉴权服务商）	2026-08-17T14:04:46.5084218Z 14:04:46 [INFO] [EmailProvider] 使用邮箱来源: myagentinbox, email=ax7htdgn2y@myagentinbox.com (order=['myagentinbox', 'qxfy', 'dropmail', 'tempmailc', 'tempmail', 'throwawaymail', 'catchmail'])
register	注册（免费无鉴权服务商）	2026-08-17T14:04:46.5086039Z 14:04:46 [DEBUG] 自动获取邮箱: ax7htdgn2y@myagentinbox.com
register	注册（免费无鉴权服务商）	2026-08-17T14:04:46.5086990Z 14:04:46 [DEBUG] 自动生成显示名称: Cqbvgc Pyhdgt
register	注册（免费无鉴权服务商）	2026-08-17T14:04:46.5087874Z 14:04:46 [INFO] [Camoufox] 使用代理: socks5://127.0.0.1:40000
register	注册（免费无鉴权服务商）	2026-08-17T14:04:46.5088838Z 14:04:46 [INFO] [Camoufox] 启动无头浏览器 (headless=True)...
register	注册（免费无鉴权服务商）	2026-08-17T14:04:46.5089653Z 14:04:46 [DEBUG] Using selector: EpollSelector
register	注册（免费无鉴权服务商）	2026-08-17T14:04:46.7291231Z 14:04:46 [ERROR] [Camoufox注册] 失败：RuntimeError: Camoufox 浏览器二进制未安装，请先执行: camoufox fetch
register	注册（免费无鉴权服务商）	2026-08-17T14:04:46.7321480Z 14:04:46 [INFO] [DropMail] 已释放邮箱上下文: 90dc4339eb7b@dropmail.click（status=available, note=Camoufox失败: Camoufox 浏览器二进制未安装，请先执行: camoufox fetch）
register	注册（免费无鉴权服务商）	2026-08-17T14:04:46.7323084Z 14:04:46 [INFO] [批量] 开始第 59/100 个注册
register	注册（免费无鉴权服务商）	2026-08-17T14:04:46.7323859Z 14:04:46 [INFO] [Catchmail] 已生成临时邮箱: tdlq4iuy6l@catchmail.io
register	注册（免费无鉴权服务商）	2026-08-17T14:04:46.7325456Z 14:04:46 [INFO] [EmailProvider] 使用邮箱来源: catchmail, email=tdlq4iuy6l@catchmail.io (order=['catchmail', 'throwawaymail', 'tempmailc', 'myagentinbox', 'dropmail', 'qxfy', 'tempmail'])
register	注册（免费无鉴权服务商）	2026-08-17T14:04:46.7326935Z 14:04:46 [DEBUG] 自动获取邮箱: tdlq4iuy6l@catchmail.io
register	注册（免费无鉴权服务商）	2026-08-17T14:04:46.7327729Z 14:04:46 [DEBUG] 自动生成显示名称: Gvkjn Jzalpcb
register	注册（免费无鉴权服务商）	2026-08-17T14:04:46.7328449Z 14:04:46 [INFO] [Camoufox] 使用代理: socks5://127.0.0.1:40000
register	注册（免费无鉴权服务商）	2026-08-17T14:04:46.7329316Z 14:04:46 [INFO] [Camoufox] 启动无头浏览器 (headless=True)...
register	注册（免费无鉴权服务商）	2026-08-17T14:04:46.7330010Z 14:04:46 [DEBUG] Using selector: EpollSelector
register	注册（免费无鉴权服务商）	2026-08-17T14:04:46.7772524Z 14:04:46 [ERROR] [Camoufox注册] 失败：RuntimeError: Camoufox 浏览器二进制未安装，请先执行: camoufox fetch
register	注册（免费无鉴权服务商）	2026-08-17T14:04:46.7774996Z 14:04:46 [INFO] [TempMail.lol] 已释放邮箱上下文: cochard6a6ffe@zq.moonvf.com（status=available, note=Camoufox失败: Camoufox 浏览器二进制未安装，请先执行: camoufox fetch）
register	注册（免费无鉴权服务商）	2026-08-17T14:04:46.7787671Z 14:04:46 [INFO] [批量] 开始第 60/100 个注册
register	注册（免费无鉴权服务商）	2026-08-17T14:04:46.7788706Z 14:04:46 [DEBUG] Starting new HTTPS connection (1): api.tempmail.lol:443
register	注册（免费无鉴权服务商）	2026-08-17T14:04:46.9051965Z 14:04:46 [ERROR] [Camoufox注册] 失败：RuntimeError: Camoufox 浏览器二进制未安装，请先执行: camoufox fetch
register	注册（免费无鉴权服务商）	2026-08-17T14:04:46.9053405Z 14:04:46 [INFO] [MyAgentInbox] 已释放邮箱上下文: ax7htdgn2y@myagentinbox.com（status=available, note=Camoufox失败: Camoufox 浏览器二进制未安装，请先执行: camoufox fetch）
register	注册（免费无鉴权服务商）	2026-08-17T14:04:46.9054420Z 14:04:46 [INFO] [批量] 开始第 61/100 个注册
register	注册（免费无鉴权服务商）	2026-08-17T14:04:46.9055924Z 14:04:46 [INFO] [QXFY] 已生成临时邮箱: i6fwpovh86@qxfy.store
register	注册（免费无鉴权服务商）	2026-08-17T14:04:46.9057111Z 14:04:46 [INFO] [EmailProvider] 使用邮箱来源: qxfy, email=i6fwpovh86@qxfy.store (order=['qxfy', 'catchmail', 'throwawaymail', 'tempmail', 'dropmail', 'myagentinbox', 'tempmailc'])
register	注册（免费无鉴权服务商）	2026-08-17T14:04:46.9058494Z 14:04:46 [DEBUG] 自动获取邮箱: i6fwpovh86@qxfy.store
register	注册（免费无鉴权服务商）	2026-08-17T14:04:46.9059104Z 14:04:46 [DEBUG] 自动生成显示名称: Yqbarwd Tzcbey
register	注册（免费无鉴权服务商）	2026-08-17T14:04:46.9059751Z 14:04:46 [INFO] [Camoufox] 使用代理: socks5://127.0.0.1:40000
register	注册（免费无鉴权服务商）	2026-08-17T14:04:46.9060525Z 14:04:46 [INFO] [Camoufox] 启动无头浏览器 (headless=True)...
register	注册（免费无鉴权服务商）	2026-08-17T14:04:46.9061280Z 14:04:46 [DEBUG] Using selector: EpollSelector
register	注册（免费无鉴权服务商）	2026-08-17T14:04:47.0688966Z 14:04:47 [DEBUG] https://api.tempmail.lol:443 "POST /v2/inbox/create HTTP/1.1" 201 89
register	注册（免费无鉴权服务商）	2026-08-17T14:04:47.0708331Z 14:04:47 [INFO] [TempMail.lol] 已创建邮箱: cyndy6a6ffe@0k.arcglen.com
register	注册（免费无鉴权服务商）	2026-08-17T14:04:47.0710145Z 14:04:47 [INFO] [EmailProvider] 使用邮箱来源: tempmail, email=cyndy6a6ffe@0k.arcglen.com (order=['tempmail', 'catchmail', 'tempmailc', 'qxfy', 'myagentinbox', 'dropmail', 'throwawaymail'])
register	注册（免费无鉴权服务商）	2026-08-17T14:04:47.0712177Z 14:04:47 [DEBUG] 自动获取邮箱: cyndy6a6ffe@0k.arcglen.com
register	注册（免费无鉴权服务商）	2026-08-17T14:04:47.0713115Z 14:04:47 [DEBUG] 自动生成显示名称: Csugl Lfkw
register	注册（免费无鉴权服务商）	2026-08-17T14:04:47.0713960Z 14:04:47 [INFO] [Camoufox] 使用代理: socks5://127.0.0.1:40000
register	注册（免费无鉴权服务商）	2026-08-17T14:04:47.0714812Z 14:04:47 [INFO] [Camoufox] 启动无头浏览器 (headless=True)...
register	注册（免费无鉴权服务商）	2026-08-17T14:04:47.0716045Z 14:04:47 [DEBUG] Using selector: EpollSelector
register	注册（免费无鉴权服务商）	2026-08-17T14:04:47.0963615Z 14:04:47 [ERROR] [Camoufox注册] 失败：RuntimeError: Camoufox 浏览器二进制未安装，请先执行: camoufox fetch
register	注册（免费无鉴权服务商）	2026-08-17T14:04:47.0964838Z 14:04:47 [INFO] [Catchmail] 已释放邮箱上下文: tdlq4iuy6l@catchmail.io（status=available, note=Camoufox失败: Camoufox 浏览器二进制未安装，请先执行: camoufox fetch）
register	注册（免费无鉴权服务商）	2026-08-17T14:04:47.0973862Z 14:04:47 [INFO] [批量] 开始第 62/100 个注册
register	注册（免费无鉴权服务商）	2026-08-17T14:04:47.0983520Z 14:04:47 [INFO] [Catchmail] 已生成临时邮箱: a6agi8npn3@catchmail.io
register	注册（免费无鉴权服务商）	2026-08-17T14:04:47.0985094Z 14:04:47 [INFO] [EmailProvider] 使用邮箱来源: catchmail, email=a6agi8npn3@catchmail.io (order=['catchmail', 'qxfy', 'tempmail', 'tempmailc', 'throwawaymail', 'myagentinbox', 'dropmail'])
register	注册（免费无鉴权服务商）	2026-08-17T14:04:47.0996632Z 14:04:47 [DEBUG] 自动获取邮箱: a6agi8npn3@catchmail.io
register	注册（免费无鉴权服务商）	2026-08-17T14:04:47.0997554Z 14:04:47 [DEBUG] 自动生成显示名称: Uixwsjr Wowqr
register	注册（免费无鉴权服务商）	2026-08-17T14:04:47.0998388Z 14:04:47 [INFO] [Camoufox] 使用代理: socks5://127.0.0.1:40000
register	注册（免费无鉴权服务商）	2026-08-17T14:04:47.0999261Z 14:04:47 [INFO] [Camoufox] 启动无头浏览器 (headless=True)...
register	注册（免费无鉴权服务商）	2026-08-17T14:04:47.1000003Z 14:04:47 [DEBUG] Using selector: EpollSelector
register	注册（免费无鉴权服务商）	2026-08-17T14:04:47.3009441Z 14:04:47 [ERROR] [Camoufox注册] 失败：RuntimeError: Camoufox 浏览器二进制未安装，请先执行: camoufox fetch
register	注册（免费无鉴权服务商）	2026-08-17T14:04:47.3012940Z 14:04:47 [INFO] [QXFY] 已释放邮箱上下文: i6fwpovh86@qxfy.store（status=available, note=Camoufox失败: Camoufox 浏览器二进制未安装，请先执行: camoufox fetch）
register	注册（免费无鉴权服务商）	2026-08-17T14:04:47.3014372Z 14:04:47 [INFO] [批量] 开始第 63/100 个注册
register	注册（免费无鉴权服务商）	2026-08-17T14:04:47.3022918Z 14:04:47 [DEBUG] Starting new HTTPS connection (1): myagentinbox.com:443
register	注册（免费无鉴权服务商）	2026-08-17T14:04:47.4564508Z 14:04:47 [DEBUG] https://myagentinbox.com:443 "POST /api/inboxes HTTP/1.1" 201 109
register	注册（免费无鉴权服务商）	2026-08-17T14:04:47.4582570Z 14:04:47 [INFO] [MyAgentInbox] 已创建临时邮箱: df0yqtqx1o@myagentinbox.com（过期 24h）
register	注册（免费无鉴权服务商）	2026-08-17T14:04:47.4585625Z 14:04:47 [INFO] [EmailProvider] 使用邮箱来源: myagentinbox, email=df0yqtqx1o@myagentinbox.com (order=['myagentinbox', 'tempmail', 'qxfy', 'tempmailc', 'dropmail', 'throwawaymail', 'catchmail'])
register	注册（免费无鉴权服务商）	2026-08-17T14:04:47.4587432Z 14:04:47 [DEBUG] 自动获取邮箱: df0yqtqx1o@myagentinbox.com
register	注册（免费无鉴权服务商）	2026-08-17T14:04:47.4588610Z 14:04:47 [DEBUG] 自动生成显示名称: Htlbrj Xqxokhv
register	注册（免费无鉴权服务商）	2026-08-17T14:04:47.4589559Z 14:04:47 [INFO] [Camoufox] 使用代理: socks5://127.0.0.1:40000
register	注册（免费无鉴权服务商）	2026-08-17T14:04:47.4590717Z 14:04:47 [INFO] [Camoufox] 启动无头浏览器 (headless=True)...
register	注册（免费无鉴权服务商）	2026-08-17T14:04:47.4591520Z 14:04:47 [DEBUG] Using selector: EpollSelector
register	注册（免费无鉴权服务商）	2026-08-17T14:04:47.4836274Z 14:04:47 [ERROR] [Camoufox注册] 失败：RuntimeError: Camoufox 浏览器二进制未安装，请先执行: camoufox fetch
register	注册（免费无鉴权服务商）	2026-08-17T14:04:47.4839538Z 14:04:47 [INFO] [Catchmail] 已释放邮箱上下文: a6agi8npn3@catchmail.io（status=available, note=Camoufox失败: Camoufox 浏览器二进制未安装，请先执行: camoufox fetch）
register	注册（免费无鉴权服务商）	2026-08-17T14:04:47.4845384Z 14:04:47 [INFO] [批量] 开始第 64/100 个注册
register	注册（免费无鉴权服务商）	2026-08-17T14:04:47.4849472Z 14:04:47 [DEBUG] Starting new HTTPS connection (1): throwawaymail.app:443
register	注册（免费无鉴权服务商）	2026-08-17T14:04:47.5059128Z 14:04:47 [ERROR] [Camoufox注册] 失败：RuntimeError: Camoufox 浏览器二进制未安装，请先执行: camoufox fetch
register	注册（免费无鉴权服务商）	2026-08-17T14:04:47.5062729Z 14:04:47 [INFO] [TempMail.lol] 已释放邮箱上下文: cyndy6a6ffe@0k.arcglen.com（status=available, note=Camoufox失败: Camoufox 浏览器二进制未安装，请先执行: camoufox fetch）
register	注册（免费无鉴权服务商）	2026-08-17T14:04:47.5064670Z 14:04:47 [INFO] [批量] 开始第 65/100 个注册
register	注册（免费无鉴权服务商）	2026-08-17T14:04:47.5071842Z 14:04:47 [DEBUG] Starting new HTTPS connection (1): dropmail.click:443
register	注册（免费无鉴权服务商）	2026-08-17T14:04:47.6381967Z 14:04:47 [DEBUG] https://throwawaymail.app:443 "POST /api/mailboxes HTTP/1.1" 201 199
register	注册（免费无鉴权服务商）	2026-08-17T14:04:47.6397900Z 14:04:47 [INFO] [ThrowawayMail] 已创建临时邮箱: process.silk.manage@throwawaymail.app（过期 2026-08-17T14:14:47.610324+00:00）
register	注册（免费无鉴权服务商）	2026-08-17T14:04:47.6399808Z 14:04:47 [INFO] [EmailProvider] 使用邮箱来源: throwawaymail, email=process.silk.manage@throwawaymail.app (order=['throwawaymail', 'tempmail', 'tempmailc', 'myagentinbox', 'dropmail', 'qxfy', 'catchmail'])
register	注册（免费无鉴权服务商）	2026-08-17T14:04:47.6401514Z 14:04:47 [DEBUG] 自动获取邮箱: process.silk.manage@throwawaymail.app
register	注册（免费无鉴权服务商）	2026-08-17T14:04:47.6402606Z 14:04:47 [DEBUG] 自动生成显示名称: Oqqkgwm Ruxd
register	注册（免费无鉴权服务商）	2026-08-17T14:04:47.6403465Z 14:04:47 [INFO] [Camoufox] 使用代理: socks5://127.0.0.1:40000
register	注册（免费无鉴权服务商）	2026-08-17T14:04:47.6404489Z 14:04:47 [INFO] [Camoufox] 启动无头浏览器 (headless=True)...
register	注册（免费无鉴权服务商）	2026-08-17T14:04:47.6405136Z 14:04:47 [DEBUG] Using selector: EpollSelector
register	注册（免费无鉴权服务商）	2026-08-17T14:04:47.6867741Z 14:04:47 [DEBUG] https://dropmail.click:443 "POST /api/v1/public/mailbox HTTP/1.1" 201 113
register	注册（免费无鉴权服务商）	2026-08-17T14:04:47.6916505Z 14:04:47 [INFO] [DropMail] 已创建临时邮箱: bd05722dc373@dropmail.click（有效期 2026-08-17T14:14:47Z）
register	注册（免费无鉴权服务商）	2026-08-17T14:04:47.6932479Z 14:04:47 [INFO] [EmailProvider] 使用邮箱来源: dropmail, email=bd05722dc373@dropmail.click (order=['dropmail', 'catchmail', 'qxfy', 'tempmailc', 'tempmail', 'myagentinbox', 'throwawaymail'])
register	注册（免费无鉴权服务商）	2026-08-17T14:04:47.6934064Z 14:04:47 [DEBUG] 自动获取邮箱: bd05722dc373@dropmail.click
register	注册（免费无鉴权服务商）	2026-08-17T14:04:47.6934944Z 14:04:47 [DEBUG] 自动生成显示名称: Ywrdn Aygzxs
register	注册（免费无鉴权服务商）	2026-08-17T14:04:47.6935991Z 14:04:47 [INFO] [Camoufox] 使用代理: socks5://127.0.0.1:40000
register	注册（免费无鉴权服务商）	2026-08-17T14:04:47.6936985Z 14:04:47 [INFO] [Camoufox] 启动无头浏览器 (headless=True)...
register	注册（免费无鉴权服务商）	2026-08-17T14:04:47.6937723Z 14:04:47 [DEBUG] Using selector: EpollSelector
register	注册（免费无鉴权服务商）	2026-08-17T14:04:47.8207206Z 14:04:47 [ERROR] [Camoufox注册] 失败：RuntimeError: Camoufox 浏览器二进制未安装，请先执行: camoufox fetch
register	注册（免费无鉴权服务商）	2026-08-17T14:04:47.8242039Z 14:04:47 [INFO] [MyAgentInbox] 已释放邮箱上下文: df0yqtqx1o@myagentinbox.com（status=available, note=Camoufox失败: Camoufox 浏览器二进制未安装，请先执行: camoufox fetch）
register	注册（免费无鉴权服务商）	2026-08-17T14:04:47.8280962Z 14:04:47 [INFO] [批量] 开始第 66/100 个注册
register	注册（免费无鉴权服务商）	2026-08-17T14:04:47.8281647Z 14:04:47 [INFO] [TempMailC] 已生成临时邮箱: fmisdvojya@kojoball.email
register	注册（免费无鉴权服务商）	2026-08-17T14:04:47.8295732Z 14:04:47 [INFO] [EmailProvider] 使用邮箱来源: tempmailc, email=fmisdvojya@kojoball.email (order=['tempmailc', 'dropmail', 'throwawaymail', 'qxfy', 'myagentinbox', 'catchmail', 'tempmail'])
register	注册（免费无鉴权服务商）	2026-08-17T14:04:47.8297457Z 14:04:47 [DEBUG] 自动获取邮箱: fmisdvojya@kojoball.email
register	注册（免费无鉴权服务商）	2026-08-17T14:04:47.8298192Z 14:04:47 [DEBUG] 自动生成显示名称: Fjaa Kicmgd
register	注册（免费无鉴权服务商）	2026-08-17T14:04:47.8298961Z 14:04:47 [INFO] [Camoufox] 使用代理: socks5://127.0.0.1:40000
register	注册（免费无鉴权服务商）	2026-08-17T14:04:47.8300444Z 14:04:47 [INFO] [Camoufox] 启动无头浏览器 (headless=True)...
register	注册（免费无鉴权服务商）	2026-08-17T14:04:47.8301217Z 14:04:47 [DEBUG] Using selector: EpollSelector
register	注册（免费无鉴权服务商）	2026-08-17T14:04:48.1054936Z 14:04:48 [ERROR] [Camoufox注册] 失败：RuntimeError: Camoufox 浏览器二进制未安装，请先执行: camoufox fetch
register	注册（免费无鉴权服务商）	2026-08-17T14:04:48.1092107Z 14:04:48 [INFO] [ThrowawayMail] 已释放邮箱上下文: process.silk.manage@throwawaymail.app（status=available, note=Camoufox失败: Camoufox 浏览器二进制未安装，请先执行: camoufox fetch）
register	注册（免费无鉴权服务商）	2026-08-17T14:04:48.1103663Z 14:04:48 [INFO] [批量] 开始第 67/100 个注册
register	注册（免费无鉴权服务商）	2026-08-17T14:04:48.1104458Z 14:04:48 [INFO] [Catchmail] 已生成临时邮箱: a2mcv495gk@catchmail.io
register	注册（免费无鉴权服务商）	2026-08-17T14:04:48.1106048Z 14:04:48 [INFO] [EmailProvider] 使用邮箱来源: catchmail, email=a2mcv495gk@catchmail.io (order=['catchmail', 'dropmail', 'tempmail', 'throwawaymail', 'myagentinbox', 'tempmailc', 'qxfy'])
register	注册（免费无鉴权服务商）	2026-08-17T14:04:48.1107432Z 14:04:48 [DEBUG] 自动获取邮箱: a2mcv495gk@catchmail.io
register	注册（免费无鉴权服务商）	2026-08-17T14:04:48.1108149Z 14:04:48 [DEBUG] 自动生成显示名称: Gwequ Mlfaeyk
register	注册（免费无鉴权服务商）	2026-08-17T14:04:48.1109254Z 14:04:48 [INFO] [Camoufox] 使用代理: socks5://127.0.0.1:40000
register	注册（免费无鉴权服务商）	2026-08-17T14:04:48.1111003Z 14:04:48 [INFO] [Camoufox] 启动无头浏览器 (headless=True)...
register	注册（免费无鉴权服务商）	2026-08-17T14:04:48.1111821Z 14:04:48 [DEBUG] Using selector: EpollSelector
register	注册（免费无鉴权服务商）	2026-08-17T14:04:48.1571304Z 14:04:48 [ERROR] [Camoufox注册] 失败：RuntimeError: Camoufox 浏览器二进制未安装，请先执行: camoufox fetch
register	注册（免费无鉴权服务商）	2026-08-17T14:04:48.1573065Z 14:04:48 [INFO] [DropMail] 已释放邮箱上下文: bd05722dc373@dropmail.click（status=available, note=Camoufox失败: Camoufox 浏览器二进制未安装，请先执行: camoufox fetch）
register	注册（免费无鉴权服务商）	2026-08-17T14:04:48.1574562Z 14:04:48 [INFO] [批量] 开始第 68/100 个注册
register	注册（免费无鉴权服务商）	2026-08-17T14:04:48.1575584Z 14:04:48 [INFO] [Catchmail] 已生成临时邮箱: sxdprq31pj@catchmail.io
register	注册（免费无鉴权服务商）	2026-08-17T14:04:48.1577332Z 14:04:48 [INFO] [EmailProvider] 使用邮箱来源: catchmail, email=sxdprq31pj@catchmail.io (order=['catchmail', 'dropmail', 'myagentinbox', 'tempmail', 'throwawaymail', 'qxfy', 'tempmailc'])
register	注册（免费无鉴权服务商）	2026-08-17T14:04:48.1578922Z 14:04:48 [DEBUG] 自动获取邮箱: sxdprq31pj@catchmail.io
register	注册（免费无鉴权服务商）	2026-08-17T14:04:48.1579734Z 14:04:48 [DEBUG] 自动生成显示名称: Ruksl Ecgp
register	注册（免费无鉴权服务商）	2026-08-17T14:04:48.1580886Z 14:04:48 [INFO] [Camoufox] 使用代理: socks5://127.0.0.1:40000
register	注册（免费无鉴权服务商）	2026-08-17T14:04:48.1581798Z 14:04:48 [INFO] [Camoufox] 启动无头浏览器 (headless=True)...
register	注册（免费无鉴权服务商）	2026-08-17T14:04:48.1582556Z 14:04:48 [DEBUG] Using selector: EpollSelector
register	注册（免费无鉴权服务商）	2026-08-17T14:04:48.2286967Z 14:04:48 [ERROR] [Camoufox注册] 失败：RuntimeError: Camoufox 浏览器二进制未安装，请先执行: camoufox fetch
register	注册（免费无鉴权服务商）	2026-08-17T14:04:48.2290072Z 14:04:48 [INFO] [TempMailC] 已释放邮箱上下文: fmisdvojya@kojoball.email（status=available, note=Camoufox失败: Camoufox 浏览器二进制未安装，请先执行: camoufox fetch）
register	注册（免费无鉴权服务商）	2026-08-17T14:04:48.2291906Z 14:04:48 [INFO] [批量] 开始第 69/100 个注册
register	注册（免费无鉴权服务商）	2026-08-17T14:04:48.2292792Z 14:04:48 [INFO] [TempMailC] 已生成临时邮箱: tsak3j9mn8@domsr.fun
register	注册（免费无鉴权服务商）	2026-08-17T14:04:48.2294574Z 14:04:48 [INFO] [EmailProvider] 使用邮箱来源: tempmailc, email=tsak3j9mn8@domsr.fun (order=['tempmailc', 'throwawaymail', 'catchmail', 'qxfy', 'tempmail', 'myagentinbox', 'dropmail'])
register	注册（免费无鉴权服务商）	2026-08-17T14:04:48.2296323Z 14:04:48 [DEBUG] 自动获取邮箱: tsak3j9mn8@domsr.fun
register	注册（免费无鉴权服务商）	2026-08-17T14:04:48.2297251Z 14:04:48 [DEBUG] 自动生成显示名称: Hbkbhdp Iprth
register	注册（免费无鉴权服务商）	2026-08-17T14:04:48.2298781Z 14:04:48 [INFO] [Camoufox] 使用代理: socks5://127.0.0.1:40000
register	注册（免费无鉴权服务商）	2026-08-17T14:04:48.2299659Z 14:04:48 [INFO] [Camoufox] 启动无头浏览器 (headless=True)...
register	注册（免费无鉴权服务商）	2026-08-17T14:04:48.2300779Z 14:04:48 [DEBUG] Using selector: EpollSelector
register	注册（免费无鉴权服务商）	2026-08-17T14:04:48.5404857Z 14:04:48 [ERROR] [Camoufox注册] 失败：RuntimeError: Camoufox 浏览器二进制未安装，请先执行: camoufox fetch
register	注册（免费无鉴权服务商）	2026-08-17T14:04:48.5421203Z 14:04:48 [INFO] [Catchmail] 已释放邮箱上下文: a2mcv495gk@catchmail.io（status=available, note=Camoufox失败: Camoufox 浏览器二进制未安装，请先执行: camoufox fetch）
register	注册（免费无鉴权服务商）	2026-08-17T14:04:48.5422770Z 14:04:48 [INFO] [批量] 开始第 70/100 个注册
register	注册（免费无鉴权服务商）	2026-08-17T14:04:48.5435834Z 14:04:48 [INFO] [QXFY] 已生成临时邮箱: pwfyxn84qp@violetfree.cc.cd
register	注册（免费无鉴权服务商）	2026-08-17T14:04:48.5437611Z 14:04:48 [INFO] [EmailProvider] 使用邮箱来源: qxfy, email=pwfyxn84qp@violetfree.cc.cd (order=['qxfy', 'myagentinbox', 'dropmail', 'tempmail', 'catchmail', 'tempmailc', 'throwawaymail'])
register	注册（免费无鉴权服务商）	2026-08-17T14:04:48.5439227Z 14:04:48 [DEBUG] 自动获取邮箱: pwfyxn84qp@violetfree.cc.cd
register	注册（免费无鉴权服务商）	2026-08-17T14:04:48.5440049Z 14:04:48 [DEBUG] 自动生成显示名称: Rncixj Pmgwadd
register	注册（免费无鉴权服务商）	2026-08-17T14:04:48.5441112Z 14:04:48 [INFO] [Camoufox] 使用代理: socks5://127.0.0.1:40000
register	注册（免费无鉴权服务商）	2026-08-17T14:04:48.5441970Z 14:04:48 [INFO] [Camoufox] 启动无头浏览器 (headless=True)...
register	注册（免费无鉴权服务商）	2026-08-17T14:04:48.5442690Z 14:04:48 [DEBUG] Using selector: EpollSelector
register	注册（免费无鉴权服务商）	2026-08-17T14:04:48.6569205Z 14:04:48 [ERROR] [Camoufox注册] 失败：RuntimeError: Camoufox 浏览器二进制未安装，请先执行: camoufox fetch
register	注册（免费无鉴权服务商）	2026-08-17T14:04:48.6571252Z 14:04:48 [INFO] [Catchmail] 已释放邮箱上下文: sxdprq31pj@catchmail.io（status=available, note=Camoufox失败: Camoufox 浏览器二进制未安装，请先执行: camoufox fetch）
register	注册（免费无鉴权服务商）	2026-08-17T14:04:48.6572488Z 14:04:48 [INFO] [批量] 开始第 71/100 个注册
register	注册（免费无鉴权服务商）	2026-08-17T14:04:48.6579335Z 14:04:48 [DEBUG] Starting new HTTPS connection (1): throwawaymail.app:443
register	注册（免费无鉴权服务商）	2026-08-17T14:04:48.6598499Z 14:04:48 [ERROR] [Camoufox注册] 失败：RuntimeError: Camoufox 浏览器二进制未安装，请先执行: camoufox fetch
register	注册（免费无鉴权服务商）	2026-08-17T14:04:48.6599943Z 14:04:48 [INFO] [TempMailC] 已释放邮箱上下文: tsak3j9mn8@domsr.fun（status=available, note=Camoufox失败: Camoufox 浏览器二进制未安装，请先执行: camoufox fetch）
register	注册（免费无鉴权服务商）	2026-08-17T14:04:48.6601295Z 14:04:48 [INFO] [批量] 开始第 72/100 个注册
register	注册（免费无鉴权服务商）	2026-08-17T14:04:48.6606041Z 14:04:48 [DEBUG] Starting new HTTPS connection (1): throwawaymail.app:443
register	注册（免费无鉴权服务商）	2026-08-17T14:04:48.7744401Z 14:04:48 [DEBUG] https://throwawaymail.app:443 "POST /api/mailboxes HTTP/1.1" 201 201
register	注册（免费无鉴权服务商）	2026-08-17T14:04:48.7758380Z 14:04:48 [INFO] [ThrowawayMail] 已创建临时邮箱: tourist.planet.helmet@throwawaymail.app（过期 2026-08-17T14:14:48.747247+00:00）
register	注册（免费无鉴权服务商）	2026-08-17T14:04:48.7760483Z 14:04:48 [INFO] [EmailProvider] 使用邮箱来源: throwawaymail, email=tourist.planet.helmet@throwawaymail.app (order=['throwawaymail', 'dropmail', 'myagentinbox', 'catchmail', 'tempmailc', 'tempmail', 'qxfy'])
register	注册（免费无鉴权服务商）	2026-08-17T14:04:48.7761862Z 14:04:48 [DEBUG] 自动获取邮箱: tourist.planet.helmet@throwawaymail.app
register	注册（免费无鉴权服务商）	2026-08-17T14:04:48.7762480Z 14:04:48 [DEBUG] 自动生成显示名称: Nuri Zjxk
register	注册（免费无鉴权服务商）	2026-08-17T14:04:48.7763045Z 14:04:48 [INFO] [Camoufox] 使用代理: socks5://127.0.0.1:40000
register	注册（免费无鉴权服务商）	2026-08-17T14:04:48.7763727Z 14:04:48 [INFO] [Camoufox] 启动无头浏览器 (headless=True)...
register	注册（免费无鉴权服务商）	2026-08-17T14:04:48.7764263Z 14:04:48 [DEBUG] Using selector: EpollSelector
register	注册（免费无鉴权服务商）	2026-08-17T14:04:48.8221739Z 14:04:48 [DEBUG] https://throwawaymail.app:443 "POST /api/mailboxes HTTP/1.1" 201 201
register	注册（免费无鉴权服务商）	2026-08-17T14:04:48.8238244Z 14:04:48 [INFO] [ThrowawayMail] 已创建临时邮箱: differ.captain.column@throwawaymail.app（过期 2026-08-17T14:14:48.792700+00:00）
register	注册（免费无鉴权服务商）	2026-08-17T14:04:48.8240787Z 14:04:48 [INFO] [EmailProvider] 使用邮箱来源: throwawaymail, email=differ.captain.column@throwawaymail.app (order=['throwawaymail', 'qxfy', 'dropmail', 'myagentinbox', 'catchmail', 'tempmail', 'tempmailc'])
register	注册（免费无鉴权服务商）	2026-08-17T14:04:48.8252183Z 14:04:48 [DEBUG] 自动获取邮箱: differ.captain.column@throwawaymail.app
register	注册（免费无鉴权服务商）	2026-08-17T14:04:48.8253126Z 14:04:48 [DEBUG] 自动生成显示名称: Modmvwy Zcbv
register	注册（免费无鉴权服务商）	2026-08-17T14:04:48.8253946Z 14:04:48 [INFO] [Camoufox] 使用代理: socks5://127.0.0.1:40000
register	注册（免费无鉴权服务商）	2026-08-17T14:04:48.8254806Z 14:04:48 [INFO] [Camoufox] 启动无头浏览器 (headless=True)...
register	注册（免费无鉴权服务商）	2026-08-17T14:04:48.8255514Z 14:04:48 [DEBUG] Using selector: EpollSelector
register	注册（免费无鉴权服务商）	2026-08-17T14:04:48.9723030Z 14:04:48 [ERROR] [Camoufox注册] 失败：RuntimeError: Camoufox 浏览器二进制未安装，请先执行: camoufox fetch
register	注册（免费无鉴权服务商）	2026-08-17T14:04:48.9725366Z 14:04:48 [INFO] [QXFY] 已释放邮箱上下文: pwfyxn84qp@violetfree.cc.cd（status=available, note=Camoufox失败: Camoufox 浏览器二进制未安装，请先执行: camoufox fetch）
register	注册（免费无鉴权服务商）	2026-08-17T14:04:48.9726634Z 14:04:48 [INFO] [批量] 开始第 73/100 个注册
register	注册（免费无鉴权服务商）	2026-08-17T14:04:48.9727731Z 14:04:48 [INFO] [TempMailC] 已生成临时邮箱: cn8dfi63cs@kojoball.email
register	注册（免费无鉴权服务商）	2026-08-17T14:04:48.9729352Z 14:04:48 [INFO] [EmailProvider] 使用邮箱来源: tempmailc, email=cn8dfi63cs@kojoball.email (order=['tempmailc', 'myagentinbox', 'dropmail', 'throwawaymail', 'catchmail', 'qxfy', 'tempmail'])
register	注册（免费无鉴权服务商）	2026-08-17T14:04:48.9731223Z 14:04:48 [DEBUG] 自动获取邮箱: cn8dfi63cs@kojoball.email
register	注册（免费无鉴权服务商）	2026-08-17T14:04:48.9731993Z 14:04:48 [DEBUG] 自动生成显示名称: Jpgvyog Lzex
register	注册（免费无鉴权服务商）	2026-08-17T14:04:48.9732738Z 14:04:48 [INFO] [Camoufox] 使用代理: socks5://127.0.0.1:40000
register	注册（免费无鉴权服务商）	2026-08-17T14:04:48.9733567Z 14:04:48 [INFO] [Camoufox] 启动无头浏览器 (headless=True)...
register	注册（免费无鉴权服务商）	2026-08-17T14:04:48.9734327Z 14:04:48 [DEBUG] Using selector: EpollSelector
register	注册（免费无鉴权服务商）	2026-08-17T14:04:49.1936191Z 14:04:49 [ERROR] [Camoufox注册] 失败：RuntimeError: Camoufox 浏览器二进制未安装，请先执行: camoufox fetch
register	注册（免费无鉴权服务商）	2026-08-17T14:04:49.1938266Z 14:04:49 [INFO] [ThrowawayMail] 已释放邮箱上下文: tourist.planet.helmet@throwawaymail.app（status=available, note=Camoufox失败: Camoufox 浏览器二进制未安装，请先执行: camoufox fetch）
register	注册（免费无鉴权服务商）	2026-08-17T14:04:49.1939577Z 14:04:49 [INFO] [批量] 开始第 74/100 个注册
register	注册（免费无鉴权服务商）	2026-08-17T14:04:49.1940519Z 14:04:49 [INFO] [Catchmail] 已生成临时邮箱: u06evqp2lh@catchmail.io
register	注册（免费无鉴权服务商）	2026-08-17T14:04:49.1942120Z 14:04:49 [INFO] [EmailProvider] 使用邮箱来源: catchmail, email=u06evqp2lh@catchmail.io (order=['catchmail', 'tempmail', 'myagentinbox', 'dropmail', 'tempmailc', 'qxfy', 'throwawaymail'])
register	注册（免费无鉴权服务商）	2026-08-17T14:04:49.1943488Z 14:04:49 [DEBUG] 自动获取邮箱: u06evqp2lh@catchmail.io
register	注册（免费无鉴权服务商）	2026-08-17T14:04:49.1944194Z 14:04:49 [DEBUG] 自动生成显示名称: Fyrhqff Ihxigd
register	注册（免费无鉴权服务商）	2026-08-17T14:04:49.1944950Z 14:04:49 [INFO] [Camoufox] 使用代理: socks5://127.0.0.1:40000
register	注册（免费无鉴权服务商）	2026-08-17T14:04:49.1945705Z 14:04:49 [INFO] [Camoufox] 启动无头浏览器 (headless=True)...
register	注册（免费无鉴权服务商）	2026-08-17T14:04:49.1946339Z 14:04:49 [DEBUG] Using selector: EpollSelector
register	注册（免费无鉴权服务商）	2026-08-17T14:04:49.2980019Z 14:04:49 [ERROR] [Camoufox注册] 失败：RuntimeError: Camoufox 浏览器二进制未安装，请先执行: camoufox fetch
register	注册（免费无鉴权服务商）	2026-08-17T14:04:49.2982180Z 14:04:49 [INFO] [ThrowawayMail] 已释放邮箱上下文: differ.captain.column@throwawaymail.app（status=available, note=Camoufox失败: Camoufox 浏览器二进制未安装，请先执行: camoufox fetch）
register	注册（免费无鉴权服务商）	2026-08-17T14:04:49.2983585Z 14:04:49 [INFO] [批量] 开始第 75/100 个注册
register	注册（免费无鉴权服务商）	2026-08-17T14:04:49.2984304Z 14:04:49 [INFO] [Catchmail] 已生成临时邮箱: yjde6mqdpm@catchmail.io
register	注册（免费无鉴权服务商）	2026-08-17T14:04:49.2985849Z 14:04:49 [INFO] [EmailProvider] 使用邮箱来源: catchmail, email=yjde6mqdpm@catchmail.io (order=['catchmail', 'qxfy', 'throwawaymail', 'myagentinbox', 'tempmail', 'dropmail', 'tempmailc'])
register	注册（免费无鉴权服务商）	2026-08-17T14:04:49.2987259Z 14:04:49 [DEBUG] 自动获取邮箱: yjde6mqdpm@catchmail.io
register	注册（免费无鉴权服务商）	2026-08-17T14:04:49.2987903Z 14:04:49 [DEBUG] 自动生成显示名称: Lxuq Jorkm
register	注册（免费无鉴权服务商）	2026-08-17T14:04:49.2988598Z 14:04:49 [INFO] [Camoufox] 使用代理: socks5://127.0.0.1:40000
register	注册（免费无鉴权服务商）	2026-08-17T14:04:49.2989356Z 14:04:49 [INFO] [Camoufox] 启动无头浏览器 (headless=True)...
register	注册（免费无鉴权服务商）	2026-08-17T14:04:49.2989964Z 14:04:49 [DEBUG] Using selector: EpollSelector
register	注册（免费无鉴权服务商）	2026-08-17T14:04:49.4190554Z 14:04:49 [ERROR] [Camoufox注册] 失败：RuntimeError: Camoufox 浏览器二进制未安装，请先执行: camoufox fetch
register	注册（免费无鉴权服务商）	2026-08-17T14:04:49.4211798Z 14:04:49 [INFO] [TempMailC] 已释放邮箱上下文: cn8dfi63cs@kojoball.email（status=available, note=Camoufox失败: Camoufox 浏览器二进制未安装，请先执行: camoufox fetch）
register	注册（免费无鉴权服务商）	2026-08-17T14:04:49.4214557Z 14:04:49 [INFO] [批量] 开始第 76/100 个注册
register	注册（免费无鉴权服务商）	2026-08-17T14:04:49.4215530Z 14:04:49 [DEBUG] Starting new HTTPS connection (1): throwawaymail.app:443
register	注册（免费无鉴权服务商）	2026-08-17T14:04:49.5537127Z 14:04:49 [DEBUG] https://throwawaymail.app:443 "POST /api/mailboxes HTTP/1.1" 201 196
register	注册（免费无鉴权服务商）	2026-08-17T14:04:49.5557931Z 14:04:49 [INFO] [ThrowawayMail] 已创建临时邮箱: camp.hill.rookie@throwawaymail.app（过期 2026-08-17T14:14:49.523686+00:00）
register	注册（免费无鉴权服务商）	2026-08-17T14:04:49.5575011Z 14:04:49 [INFO] [EmailProvider] 使用邮箱来源: throwawaymail, email=camp.hill.rookie@throwawaymail.app (order=['throwawaymail', 'tempmailc', 'dropmail', 'tempmail', 'myagentinbox', 'qxfy', 'catchmail'])
register	注册（免费无鉴权服务商）	2026-08-17T14:04:49.5589010Z 14:04:49 [DEBUG] 自动获取邮箱: camp.hill.rookie@throwawaymail.app
register	注册（免费无鉴权服务商）	2026-08-17T14:04:49.5589993Z 14:04:49 [DEBUG] 自动生成显示名称: Cmbddl Dvlg
register	注册（免费无鉴权服务商）	2026-08-17T14:04:49.5591183Z 14:04:49 [INFO] [Camoufox] 使用代理: socks5://127.0.0.1:40000
register	注册（免费无鉴权服务商）	2026-08-17T14:04:49.5592070Z 14:04:49 [INFO] [Camoufox] 启动无头浏览器 (headless=True)...
register	注册（免费无鉴权服务商）	2026-08-17T14:04:49.5593279Z 14:04:49 [DEBUG] Using selector: EpollSelector
register	注册（免费无鉴权服务商）	2026-08-17T14:04:49.6275412Z 14:04:49 [ERROR] [Camoufox注册] 失败：RuntimeError: Camoufox 浏览器二进制未安装，请先执行: camoufox fetch
register	注册（免费无鉴权服务商）	2026-08-17T14:04:49.6282374Z 14:04:49 [INFO] [Catchmail] 已释放邮箱上下文: u06evqp2lh@catchmail.io（status=available, note=Camoufox失败: Camoufox 浏览器二进制未安装，请先执行: camoufox fetch）
register	注册（免费无鉴权服务商）	2026-08-17T14:04:49.6283764Z 14:04:49 [INFO] [批量] 开始第 77/100 个注册
register	注册（免费无鉴权服务商）	2026-08-17T14:04:49.6284606Z 14:04:49 [INFO] [TempMailC] 已生成临时邮箱: b8d1sx37ap@domsr.fun
register	注册（免费无鉴权服务商）	2026-08-17T14:04:49.6286285Z 14:04:49 [INFO] [EmailProvider] 使用邮箱来源: tempmailc, email=b8d1sx37ap@domsr.fun (order=['tempmailc', 'throwawaymail', 'myagentinbox', 'tempmail', 'qxfy', 'catchmail', 'dropmail'])
register	注册（免费无鉴权服务商）	2026-08-17T14:04:49.6287766Z 14:04:49 [DEBUG] 自动获取邮箱: b8d1sx37ap@domsr.fun
register	注册（免费无鉴权服务商）	2026-08-17T14:04:49.6288604Z 14:04:49 [DEBUG] 自动生成显示名称: Ufisb Vlms
register	注册（免费无鉴权服务商）	2026-08-17T14:04:49.6289443Z 14:04:49 [INFO] [Camoufox] 使用代理: socks5://127.0.0.1:40000
register	注册（免费无鉴权服务商）	2026-08-17T14:04:49.6290471Z 14:04:49 [INFO] [Camoufox] 启动无头浏览器 (headless=True)...
register	注册（免费无鉴权服务商）	2026-08-17T14:04:49.6291219Z 14:04:49 [DEBUG] Using selector: EpollSelector
register	注册（免费无鉴权服务商）	2026-08-17T14:04:49.6787743Z 14:04:49 [ERROR] [Camoufox注册] 失败：RuntimeError: Camoufox 浏览器二进制未安装，请先执行: camoufox fetch
register	注册（免费无鉴权服务商）	2026-08-17T14:04:49.6789344Z 14:04:49 [INFO] [Catchmail] 已释放邮箱上下文: yjde6mqdpm@catchmail.io（status=available, note=Camoufox失败: Camoufox 浏览器二进制未安装，请先执行: camoufox fetch）
register	注册（免费无鉴权服务商）	2026-08-17T14:04:49.6802712Z 14:04:49 [INFO] [批量] 开始第 78/100 个注册
register	注册（免费无鉴权服务商）	2026-08-17T14:04:49.6803654Z 14:04:49 [INFO] [TempMailC] 已生成临时邮箱: vp88f00s8c@kortazo.email
register	注册（免费无鉴权服务商）	2026-08-17T14:04:49.6805410Z 14:04:49 [INFO] [EmailProvider] 使用邮箱来源: tempmailc, email=vp88f00s8c@kortazo.email (order=['tempmailc', 'catchmail', 'throwawaymail', 'qxfy', 'tempmail', 'dropmail', 'myagentinbox'])
register	注册（免费无鉴权服务商）	2026-08-17T14:04:49.6816522Z 14:04:49 [DEBUG] 自动获取邮箱: vp88f00s8c@kortazo.email
register	注册（免费无鉴权服务商）	2026-08-17T14:04:49.6817408Z 14:04:49 [DEBUG] 自动生成显示名称: Vrip Fotsg
register	注册（免费无鉴权服务商）	2026-08-17T14:04:49.6818215Z 14:04:49 [INFO] [Camoufox] 使用代理: socks5://127.0.0.1:40000
register	注册（免费无鉴权服务商）	2026-08-17T14:04:49.6819044Z 14:04:49 [INFO] [Camoufox] 启动无头浏览器 (headless=True)...
register	注册（免费无鉴权服务商）	2026-08-17T14:04:49.6819783Z 14:04:49 [DEBUG] Using selector: EpollSelector
register	注册（免费无鉴权服务商）	2026-08-17T14:04:50.0044052Z 14:04:50 [ERROR] [Camoufox注册] 失败：RuntimeError: Camoufox 浏览器二进制未安装，请先执行: camoufox fetch
register	注册（免费无鉴权服务商）	2026-08-17T14:04:50.0045882Z 14:04:50 [INFO] [ThrowawayMail] 已释放邮箱上下文: camp.hill.rookie@throwawaymail.app（status=available, note=Camoufox失败: Camoufox 浏览器二进制未安装，请先执行: camoufox fetch）
register	注册（免费无鉴权服务商）	2026-08-17T14:04:50.0047187Z 14:04:50 [INFO] [批量] 开始第 79/100 个注册
register	注册（免费无鉴权服务商）	2026-08-17T14:04:50.0054820Z 14:04:50 [DEBUG] Starting new HTTPS connection (1): dropmail.click:443
register	注册（免费无鉴权服务商）	2026-08-17T14:04:50.0417673Z 14:04:50 [ERROR] [Camoufox注册] 失败：RuntimeError: Camoufox 浏览器二进制未安装，请先执行: camoufox fetch
register	注册（免费无鉴权服务商）	2026-08-17T14:04:50.0418701Z 14:04:50 [INFO] [TempMailC] 已释放邮箱上下文: b8d1sx37ap@domsr.fun（status=available, note=Camoufox失败: Camoufox 浏览器二进制未安装，请先执行: camoufox fetch）
register	注册（免费无鉴权服务商）	2026-08-17T14:04:50.0424229Z 14:04:50 [INFO] [批量] 开始第 80/100 个注册
register	注册（免费无鉴权服务商）	2026-08-17T14:04:50.0434436Z 14:04:50 [DEBUG] Starting new HTTPS connection (1): api.tempmail.lol:443
register	注册（免费无鉴权服务商）	2026-08-17T14:04:50.1405606Z 14:04:50 [ERROR] [Camoufox注册] 失败：RuntimeError: Camoufox 浏览器二进制未安装，请先执行: camoufox fetch
register	注册（免费无鉴权服务商）	2026-08-17T14:04:50.1406973Z 14:04:50 [INFO] [TempMailC] 已释放邮箱上下文: vp88f00s8c@kortazo.email（status=available, note=Camoufox失败: Camoufox 浏览器二进制未安装，请先执行: camoufox fetch）
register	注册（免费无鉴权服务商）	2026-08-17T14:04:50.1407652Z 14:04:50 [INFO] [批量] 开始第 81/100 个注册
register	注册（免费无鉴权服务商）	2026-08-17T14:04:50.1408653Z 14:04:50 [INFO] [TempMailC] 已生成临时邮箱: bnf9w4wbwu@kortazo.email
register	注册（免费无鉴权服务商）	2026-08-17T14:04:50.1409862Z 14:04:50 [INFO] [EmailProvider] 使用邮箱来源: tempmailc, email=bnf9w4wbwu@kortazo.email (order=['tempmailc', 'tempmail', 'throwawaymail', 'dropmail', 'qxfy', 'myagentinbox', 'catchmail'])
register	注册（免费无鉴权服务商）	2026-08-17T14:04:50.1411139Z 14:04:50 [DEBUG] 自动获取邮箱: bnf9w4wbwu@kortazo.email
register	注册（免费无鉴权服务商）	2026-08-17T14:04:50.1411618Z 14:04:50 [DEBUG] 自动生成显示名称: Gsmkuw Amspgid
register	注册（免费无鉴权服务商）	2026-08-17T14:04:50.1412099Z 14:04:50 [INFO] [Camoufox] 使用代理: socks5://127.0.0.1:40000
register	注册（免费无鉴权服务商）	2026-08-17T14:04:50.1412531Z 14:04:50 [INFO] [Camoufox] 启动无头浏览器 (headless=True)...
register	注册（免费无鉴权服务商）	2026-08-17T14:04:50.1412871Z 14:04:50 [DEBUG] Using selector: EpollSelector
register	注册（免费无鉴权服务商）	2026-08-17T14:04:50.1875273Z 14:04:50 [DEBUG] https://dropmail.click:443 "POST /api/v1/public/mailbox HTTP/1.1" 201 113
register	注册（免费无鉴权服务商）	2026-08-17T14:04:50.1890933Z 14:04:50 [INFO] [DropMail] 已创建临时邮箱: d0512fc872aa@dropmail.click（有效期 2026-08-17T14:14:50Z）
register	注册（免费无鉴权服务商）	2026-08-17T14:04:50.1892528Z 14:04:50 [INFO] [EmailProvider] 使用邮箱来源: dropmail, email=d0512fc872aa@dropmail.click (order=['dropmail', 'tempmailc', 'tempmail', 'myagentinbox', 'catchmail', 'qxfy', 'throwawaymail'])
register	注册（免费无鉴权服务商）	2026-08-17T14:04:50.1893726Z 14:04:50 [DEBUG] 自动获取邮箱: d0512fc872aa@dropmail.click
register	注册（免费无鉴权服务商）	2026-08-17T14:04:50.1894282Z 14:04:50 [DEBUG] 自动生成显示名称: Wcjtuxi Ulcd
register	注册（免费无鉴权服务商）	2026-08-17T14:04:50.1894876Z 14:04:50 [INFO] [Camoufox] 使用代理: socks5://127.0.0.1:40000
register	注册（免费无鉴权服务商）	2026-08-17T14:04:50.1895536Z 14:04:50 [INFO] [Camoufox] 启动无头浏览器 (headless=True)...
register	注册（免费无鉴权服务商）	2026-08-17T14:04:50.1896128Z 14:04:50 [DEBUG] Using selector: EpollSelector
register	注册（免费无鉴权服务商）	2026-08-17T14:04:50.3201160Z 14:04:50 [DEBUG] https://api.tempmail.lol:443 "POST /v2/inbox/create HTTP/1.1" 201 93
register	注册（免费无鉴权服务商）	2026-08-17T14:04:50.3221106Z 14:04:50 [INFO] [TempMail.lol] 已创建邮箱: phionna6a7002@sq.foodlpqse.com
register	注册（免费无鉴权服务商）	2026-08-17T14:04:50.3223081Z 14:04:50 [INFO] [EmailProvider] 使用邮箱来源: tempmail, email=phionna6a7002@sq.foodlpqse.com (order=['tempmail', 'throwawaymail', 'qxfy', 'catchmail', 'tempmailc', 'myagentinbox', 'dropmail'])
register	注册（免费无鉴权服务商）	2026-08-17T14:04:50.3224708Z 14:04:50 [DEBUG] 自动获取邮箱: phionna6a7002@sq.foodlpqse.com
register	注册（免费无鉴权服务商）	2026-08-17T14:04:50.3225526Z 14:04:50 [DEBUG] 自动生成显示名称: Lzqbs Ubcst
register	注册（免费无鉴权服务商）	2026-08-17T14:04:50.3226342Z 14:04:50 [INFO] [Camoufox] 使用代理: socks5://127.0.0.1:40000
register	注册（免费无鉴权服务商）	2026-08-17T14:04:50.3227196Z 14:04:50 [INFO] [Camoufox] 启动无头浏览器 (headless=True)...
register	注册（免费无鉴权服务商）	2026-08-17T14:04:50.3227908Z 14:04:50 [DEBUG] Using selector: EpollSelector
register	注册（免费无鉴权服务商）	2026-08-17T14:04:50.5593309Z 14:04:50 [ERROR] [Camoufox注册] 失败：RuntimeError: Camoufox 浏览器二进制未安装，请先执行: camoufox fetch
register	注册（免费无鉴权服务商）	2026-08-17T14:04:50.5596032Z 14:04:50 [INFO] [TempMailC] 已释放邮箱上下文: bnf9w4wbwu@kortazo.email（status=available, note=Camoufox失败: Camoufox 浏览器二进制未安装，请先执行: camoufox fetch）
register	注册（免费无鉴权服务商）	2026-08-17T14:04:50.5610144Z 14:04:50 [INFO] [批量] 开始第 82/100 个注册
register	注册（免费无鉴权服务商）	2026-08-17T14:04:50.5620605Z 14:04:50 [INFO] [QXFY] 已生成临时邮箱: mzg1vb0cgc@kami666.xyz
register	注册（免费无鉴权服务商）	2026-08-17T14:04:50.5622251Z 14:04:50 [INFO] [EmailProvider] 使用邮箱来源: qxfy, email=mzg1vb0cgc@kami666.xyz (order=['qxfy', 'catchmail', 'dropmail', 'myagentinbox', 'tempmailc', 'tempmail', 'throwawaymail'])
register	注册（免费无鉴权服务商）	2026-08-17T14:04:50.5623706Z 14:04:50 [DEBUG] 自动获取邮箱: mzg1vb0cgc@kami666.xyz
register	注册（免费无鉴权服务商）	2026-08-17T14:04:50.5624463Z 14:04:50 [DEBUG] 自动生成显示名称: Xijo Uzskvf
register	注册（免费无鉴权服务商）	2026-08-17T14:04:50.5625296Z 14:04:50 [INFO] [Camoufox] 使用代理: socks5://127.0.0.1:40000
register	注册（免费无鉴权服务商）	2026-08-17T14:04:50.5626128Z 14:04:50 [INFO] [Camoufox] 启动无头浏览器 (headless=True)...
register	注册（免费无鉴权服务商）	2026-08-17T14:04:50.5626808Z 14:04:50 [DEBUG] Using selector: EpollSelector
register	注册（免费无鉴权服务商）	2026-08-17T14:04:50.5769008Z 14:04:50 [ERROR] [Camoufox注册] 失败：RuntimeError: Camoufox 浏览器二进制未安装，请先执行: camoufox fetch
register	注册（免费无鉴权服务商）	2026-08-17T14:04:50.5771098Z 14:04:50 [INFO] [DropMail] 已释放邮箱上下文: d0512fc872aa@dropmail.click（status=available, note=Camoufox失败: Camoufox 浏览器二进制未安装，请先执行: camoufox fetch）
register	注册（免费无鉴权服务商）	2026-08-17T14:04:50.5772813Z 14:04:50 [INFO] [批量] 开始第 83/100 个注册
register	注册（免费无鉴权服务商）	2026-08-17T14:04:50.5782595Z 14:04:50 [DEBUG] Starting new HTTPS connection (1): dropmail.click:443
register	注册（免费无鉴权服务商）	2026-08-17T14:04:50.7361590Z 14:04:50 [ERROR] [Camoufox注册] 失败：RuntimeError: Camoufox 浏览器二进制未安装，请先执行: camoufox fetch
register	注册（免费无鉴权服务商）	2026-08-17T14:04:50.7363045Z 14:04:50 [INFO] [TempMail.lol] 已释放邮箱上下文: phionna6a7002@sq.foodlpqse.com（status=available, note=Camoufox失败: Camoufox 浏览器二进制未安装，请先执行: camoufox fetch）
register	注册（免费无鉴权服务商）	2026-08-17T14:04:50.7363885Z 14:04:50 [INFO] [批量] 开始第 84/100 个注册
register	注册（免费无鉴权服务商）	2026-08-17T14:04:50.7372721Z 14:04:50 [DEBUG] Starting new HTTPS connection (1): throwawaymail.app:443
register	注册（免费无鉴权服务商）	2026-08-17T14:04:50.7811701Z 14:04:50 [DEBUG] https://dropmail.click:443 "POST /api/v1/public/mailbox HTTP/1.1" 201 113
register	注册（免费无鉴权服务商）	2026-08-17T14:04:50.7813935Z 14:04:50 [INFO] [DropMail] 已创建临时邮箱: a742e0b1730f@dropmail.click（有效期 2026-08-17T14:14:50Z）
register	注册（免费无鉴权服务商）	2026-08-17T14:04:50.7816036Z 14:04:50 [INFO] [EmailProvider] 使用邮箱来源: dropmail, email=a742e0b1730f@dropmail.click (order=['dropmail', 'catchmail', 'qxfy', 'tempmailc', 'throwawaymail', 'myagentinbox', 'tempmail'])
register	注册（免费无鉴权服务商）	2026-08-17T14:04:50.7817453Z 14:04:50 [DEBUG] 自动获取邮箱: a742e0b1730f@dropmail.click
register	注册（免费无鉴权服务商）	2026-08-17T14:04:50.7818215Z 14:04:50 [DEBUG] 自动生成显示名称: Zdenap Iyitzui
register	注册（免费无鉴权服务商）	2026-08-17T14:04:50.7818872Z 14:04:50 [INFO] [Camoufox] 使用代理: socks5://127.0.0.1:40000
register	注册（免费无鉴权服务商）	2026-08-17T14:04:50.7819648Z 14:04:50 [INFO] [Camoufox] 启动无头浏览器 (headless=True)...
register	注册（免费无鉴权服务商）	2026-08-17T14:04:50.7820497Z 14:04:50 [DEBUG] Using selector: EpollSelector
register	注册（免费无鉴权服务商）	2026-08-17T14:04:50.8711414Z 14:04:50 [DEBUG] https://throwawaymail.app:443 "POST /api/mailboxes HTTP/1.1" 201 196
register	注册（免费无鉴权服务商）	2026-08-17T14:04:50.8743207Z 14:04:50 [INFO] [ThrowawayMail] 已创建临时邮箱: poem.acid.pencil@throwawaymail.app（过期 2026-08-17T14:14:50.843828+00:00）
register	注册（免费无鉴权服务商）	2026-08-17T14:04:50.8746260Z 14:04:50 [INFO] [EmailProvider] 使用邮箱来源: throwawaymail, email=poem.acid.pencil@throwawaymail.app (order=['throwawaymail', 'tempmail', 'tempmailc', 'qxfy', 'catchmail', 'myagentinbox', 'dropmail'])
register	注册（免费无鉴权服务商）	2026-08-17T14:04:50.8749521Z 14:04:50 [DEBUG] 自动获取邮箱: poem.acid.pencil@throwawaymail.app
register	注册（免费无鉴权服务商）	2026-08-17T14:04:50.8750716Z 14:04:50 [DEBUG] 自动生成显示名称: Ymzejn Wbass
register	注册（免费无鉴权服务商）	2026-08-17T14:04:50.8751728Z 14:04:50 [INFO] [Camoufox] 使用代理: socks5://127.0.0.1:40000
register	注册（免费无鉴权服务商）	2026-08-17T14:04:50.8752621Z 14:04:50 [INFO] [Camoufox] 启动无头浏览器 (headless=True)...
register	注册（免费无鉴权服务商）	2026-08-17T14:04:50.8753342Z 14:04:50 [DEBUG] Using selector: EpollSelector
register	注册（免费无鉴权服务商）	2026-08-17T14:04:50.9649537Z 14:04:50 [ERROR] [Camoufox注册] 失败：RuntimeError: Camoufox 浏览器二进制未安装，请先执行: camoufox fetch
register	注册（免费无鉴权服务商）	2026-08-17T14:04:50.9652051Z 14:04:50 [INFO] [QXFY] 已释放邮箱上下文: mzg1vb0cgc@kami666.xyz（status=available, note=Camoufox失败: Camoufox 浏览器二进制未安装，请先执行: camoufox fetch）
register	注册（免费无鉴权服务商）	2026-08-17T14:04:50.9653423Z 14:04:50 [INFO] [批量] 开始第 85/100 个注册
register	注册（免费无鉴权服务商）	2026-08-17T14:04:50.9655124Z 14:04:50 [INFO] [QXFY] 已生成临时邮箱: ho8q5vk62x@free.violet.us.ci
register	注册（免费无鉴权服务商）	2026-08-17T14:04:50.9656615Z 14:04:50 [INFO] [EmailProvider] 使用邮箱来源: qxfy, email=ho8q5vk62x@free.violet.us.ci (order=['qxfy', 'dropmail', 'myagentinbox', 'catchmail', 'tempmail', 'throwawaymail', 'tempmailc'])
register	注册（免费无鉴权服务商）	2026-08-17T14:04:50.9666130Z 14:04:50 [DEBUG] 自动获取邮箱: ho8q5vk62x@free.violet.us.ci
register	注册（免费无鉴权服务商）	2026-08-17T14:04:50.9666992Z 14:04:50 [DEBUG] 自动生成显示名称: Witbq Dipf
register	注册（免费无鉴权服务商）	2026-08-17T14:04:50.9678032Z 14:04:50 [INFO] [Camoufox] 使用代理: socks5://127.0.0.1:40000
register	注册（免费无鉴权服务商）	2026-08-17T14:04:50.9679016Z 14:04:50 [INFO] [Camoufox] 启动无头浏览器 (headless=True)...
register	注册（免费无鉴权服务商）	2026-08-17T14:04:50.9679771Z 14:04:50 [DEBUG] Using selector: EpollSelector
register	注册（免费无鉴权服务商）	2026-08-17T14:04:51.2070737Z 14:04:51 [ERROR] [Camoufox注册] 失败：RuntimeError: Camoufox 浏览器二进制未安装，请先执行: camoufox fetch
register	注册（免费无鉴权服务商）	2026-08-17T14:04:51.2073576Z 14:04:51 [INFO] [DropMail] 已释放邮箱上下文: a742e0b1730f@dropmail.click（status=available, note=Camoufox失败: Camoufox 浏览器二进制未安装，请先执行: camoufox fetch）
register	注册（免费无鉴权服务商）	2026-08-17T14:04:51.2074919Z 14:04:51 [INFO] [批量] 开始第 86/100 个注册
register	注册（免费无鉴权服务商）	2026-08-17T14:04:51.2075709Z 14:04:51 [INFO] [QXFY] 已生成临时邮箱: eoxd1hd8gd@violetfree.cc.cd
register	注册（免费无鉴权服务商）	2026-08-17T14:04:51.2077370Z 14:04:51 [INFO] [EmailProvider] 使用邮箱来源: qxfy, email=eoxd1hd8gd@violetfree.cc.cd (order=['qxfy', 'dropmail', 'tempmailc', 'throwawaymail', 'catchmail', 'myagentinbox', 'tempmail'])
register	注册（免费无鉴权服务商）	2026-08-17T14:04:51.2078922Z 14:04:51 [DEBUG] 自动获取邮箱: eoxd1hd8gd@violetfree.cc.cd
register	注册（免费无鉴权服务商）	2026-08-17T14:04:51.2079683Z 14:04:51 [DEBUG] 自动生成显示名称: Vbpocc Fwxb
register	注册（免费无鉴权服务商）	2026-08-17T14:04:51.2080725Z 14:04:51 [INFO] [Camoufox] 使用代理: socks5://127.0.0.1:40000
register	注册（免费无鉴权服务商）	2026-08-17T14:04:51.2081548Z 14:04:51 [INFO] [Camoufox] 启动无头浏览器 (headless=True)...
register	注册（免费无鉴权服务商）	2026-08-17T14:04:51.2082233Z 14:04:51 [DEBUG] Using selector: EpollSelector
register	注册（免费无鉴权服务商）	2026-08-17T14:04:51.3033732Z 14:04:51 [ERROR] [Camoufox注册] 失败：RuntimeError: Camoufox 浏览器二进制未安装，请先执行: camoufox fetch
register	注册（免费无鉴权服务商）	2026-08-17T14:04:51.3040117Z 14:04:51 [INFO] [ThrowawayMail] 已释放邮箱上下文: poem.acid.pencil@throwawaymail.app（status=available, note=Camoufox失败: Camoufox 浏览器二进制未安装，请先执行: camoufox fetch）
register	注册（免费无鉴权服务商）	2026-08-17T14:04:51.3041618Z 14:04:51 [INFO] [批量] 开始第 87/100 个注册
register	注册（免费无鉴权服务商）	2026-08-17T14:04:51.3051997Z 14:04:51 [DEBUG] Starting new HTTPS connection (1): myagentinbox.com:443
register	注册（免费无鉴权服务商）	2026-08-17T14:04:51.4239146Z 14:04:51 [ERROR] [Camoufox注册] 失败：RuntimeError: Camoufox 浏览器二进制未安装，请先执行: camoufox fetch
register	注册（免费无鉴权服务商）	2026-08-17T14:04:51.4241396Z 14:04:51 [INFO] [QXFY] 已释放邮箱上下文: ho8q5vk62x@free.violet.us.ci（status=available, note=Camoufox失败: Camoufox 浏览器二进制未安装，请先执行: camoufox fetch）
register	注册（免费无鉴权服务商）	2026-08-17T14:04:51.4242817Z 14:04:51 [INFO] [批量] 开始第 88/100 个注册
register	注册（免费无鉴权服务商）	2026-08-17T14:04:51.4243816Z 14:04:51 [INFO] [Catchmail] 已生成临时邮箱: yk1t11rtr3@catchmail.io
register	注册（免费无鉴权服务商）	2026-08-17T14:04:51.4245294Z 14:04:51 [INFO] [EmailProvider] 使用邮箱来源: catchmail, email=yk1t11rtr3@catchmail.io (order=['catchmail', 'qxfy', 'tempmail', 'myagentinbox', 'dropmail', 'throwawaymail', 'tempmailc'])
register	注册（免费无鉴权服务商）	2026-08-17T14:04:51.4246669Z 14:04:51 [DEBUG] 自动获取邮箱: yk1t11rtr3@catchmail.io
register	注册（免费无鉴权服务商）	2026-08-17T14:04:51.4253402Z 14:04:51 [DEBUG] 自动生成显示名称: Lwpv Qxhb
register	注册（免费无鉴权服务商）	2026-08-17T14:04:51.4254334Z 14:04:51 [INFO] [Camoufox] 使用代理: socks5://127.0.0.1:40000
register	注册（免费无鉴权服务商）	2026-08-17T14:04:51.4265107Z 14:04:51 [INFO] [Camoufox] 启动无头浏览器 (headless=True)...
register	注册（免费无鉴权服务商）	2026-08-17T14:04:51.4265715Z 14:04:51 [DEBUG] Using selector: EpollSelector
register	注册（免费无鉴权服务商）	2026-08-17T14:04:51.4281645Z 14:04:51 [DEBUG] https://myagentinbox.com:443 "POST /api/inboxes HTTP/1.1" 201 109
register	注册（免费无鉴权服务商）	2026-08-17T14:04:51.4301345Z 14:04:51 [INFO] [MyAgentInbox] 已创建临时邮箱: c6r0ov1aoe@myagentinbox.com（过期 24h）
register	注册（免费无鉴权服务商）	2026-08-17T14:04:51.4312512Z 14:04:51 [INFO] [EmailProvider] 使用邮箱来源: myagentinbox, email=c6r0ov1aoe@myagentinbox.com (order=['myagentinbox', 'dropmail', 'tempmailc', 'qxfy', 'catchmail', 'throwawaymail', 'tempmail'])
register	注册（免费无鉴权服务商）	2026-08-17T14:04:51.4323688Z 14:04:51 [DEBUG] 自动获取邮箱: c6r0ov1aoe@myagentinbox.com
register	注册（免费无鉴权服务商）	2026-08-17T14:04:51.4324476Z 14:04:51 [DEBUG] 自动生成显示名称: Psjj Gsfhwfq
register	注册（免费无鉴权服务商）	2026-08-17T14:04:51.4325214Z 14:04:51 [INFO] [Camoufox] 使用代理: socks5://127.0.0.1:40000
register	注册（免费无鉴权服务商）	2026-08-17T14:04:51.4325983Z 14:04:51 [INFO] [Camoufox] 启动无头浏览器 (headless=True)...
register	注册（免费无鉴权服务商）	2026-08-17T14:04:51.4326595Z 14:04:51 [DEBUG] Using selector: EpollSelector
register	注册（免费无鉴权服务商）	2026-08-17T14:04:51.6223705Z 14:04:51 [ERROR] [Camoufox注册] 失败：RuntimeError: Camoufox 浏览器二进制未安装，请先执行: camoufox fetch
register	注册（免费无鉴权服务商）	2026-08-17T14:04:51.6254723Z 14:04:51 [INFO] [QXFY] 已释放邮箱上下文: eoxd1hd8gd@violetfree.cc.cd（status=available, note=Camoufox失败: Camoufox 浏览器二进制未安装，请先执行: camoufox fetch）
register	注册（免费无鉴权服务商）	2026-08-17T14:04:51.6281171Z 14:04:51 [INFO] [批量] 开始第 89/100 个注册
register	注册（免费无鉴权服务商）	2026-08-17T14:04:51.6282229Z 14:04:51 [DEBUG] Starting new HTTPS connection (1): throwawaymail.app:443
register	注册（免费无鉴权服务商）	2026-08-17T14:04:51.7594138Z 14:04:51 [DEBUG] https://throwawaymail.app:443 "POST /api/mailboxes HTTP/1.1" 201 198
register	注册（免费无鉴权服务商）	2026-08-17T14:04:51.7615153Z 14:04:51 [INFO] [ThrowawayMail] 已创建临时邮箱: sketch.uphold.girl@throwawaymail.app（过期 2026-08-17T14:14:51.732041+00:00）
register	注册（免费无鉴权服务商）	2026-08-17T14:04:51.7617397Z 14:04:51 [INFO] [EmailProvider] 使用邮箱来源: throwawaymail, email=sketch.uphold.girl@throwawaymail.app (order=['throwawaymail', 'qxfy', 'dropmail', 'myagentinbox', 'catchmail', 'tempmailc', 'tempmail'])
register	注册（免费无鉴权服务商）	2026-08-17T14:04:51.7619193Z 14:04:51 [DEBUG] 自动获取邮箱: sketch.uphold.girl@throwawaymail.app
register	注册（免费无鉴权服务商）	2026-08-17T14:04:51.7620394Z 14:04:51 [DEBUG] 自动生成显示名称: Fsshxqa Cihp
register	注册（免费无鉴权服务商）	2026-08-17T14:04:51.7621310Z 14:04:51 [INFO] [Camoufox] 使用代理: socks5://127.0.0.1:40000
register	注册（免费无鉴权服务商）	2026-08-17T14:04:51.7622183Z 14:04:51 [INFO] [Camoufox] 启动无头浏览器 (headless=True)...
register	注册（免费无鉴权服务商）	2026-08-17T14:04:51.7622989Z 14:04:51 [DEBUG] Using selector: EpollSelector
register	注册（免费无鉴权服务商）	2026-08-17T14:04:51.8673216Z 14:04:51 [ERROR] [Camoufox注册] 失败：RuntimeError: Camoufox 浏览器二进制未安装，请先执行: camoufox fetch
register	注册（免费无鉴权服务商）	2026-08-17T14:04:51.8674981Z 14:04:51 [INFO] [MyAgentInbox] 已释放邮箱上下文: c6r0ov1aoe@myagentinbox.com（status=available, note=Camoufox失败: Camoufox 浏览器二进制未安装，请先执行: camoufox fetch）
register	注册（免费无鉴权服务商）	2026-08-17T14:04:51.8681174Z 14:04:51 [INFO] [批量] 开始第 90/100 个注册
register	注册（免费无鉴权服务商）	2026-08-17T14:04:51.8685987Z 14:04:51 [DEBUG] Starting new HTTPS connection (1): dropmail.click:443
register	注册（免费无鉴权服务商）	2026-08-17T14:04:51.8694145Z 14:04:51 [ERROR] [Camoufox注册] 失败：RuntimeError: Camoufox 浏览器二进制未安装，请先执行: camoufox fetch
register	注册（免费无鉴权服务商）	2026-08-17T14:04:51.8695625Z 14:04:51 [INFO] [Catchmail] 已释放邮箱上下文: yk1t11rtr3@catchmail.io（status=available, note=Camoufox失败: Camoufox 浏览器二进制未安装，请先执行: camoufox fetch）
register	注册（免费无鉴权服务商）	2026-08-17T14:04:51.8699700Z 14:04:51 [INFO] [批量] 开始第 91/100 个注册
register	注册（免费无鉴权服务商）	2026-08-17T14:04:51.8700607Z 14:04:51 [INFO] [QXFY] 已生成临时邮箱: o73s44swoz@qxfy.store
register	注册（免费无鉴权服务商）	2026-08-17T14:04:51.8702454Z 14:04:51 [INFO] [EmailProvider] 使用邮箱来源: qxfy, email=o73s44swoz@qxfy.store (order=['qxfy', 'dropmail', 'tempmail', 'throwawaymail', 'myagentinbox', 'catchmail', 'tempmailc'])
register	注册（免费无鉴权服务商）	2026-08-17T14:04:51.8705503Z 14:04:51 [DEBUG] 自动获取邮箱: o73s44swoz@qxfy.store
register	注册（免费无鉴权服务商）	2026-08-17T14:04:51.8706184Z 14:04:51 [DEBUG] 自动生成显示名称: Gvgb Eiqpfib
register	注册（免费无鉴权服务商）	2026-08-17T14:04:51.8706867Z 14:04:51 [INFO] [Camoufox] 使用代理: socks5://127.0.0.1:40000
register	注册（免费无鉴权服务商）	2026-08-17T14:04:51.8707543Z 14:04:51 [INFO] [Camoufox] 启动无头浏览器 (headless=True)...
register	注册（免费无鉴权服务商）	2026-08-17T14:04:51.8708126Z 14:04:51 [DEBUG] Using selector: EpollSelector
register	注册（免费无鉴权服务商）	2026-08-17T14:04:52.0802412Z 14:04:52 [DEBUG] https://dropmail.click:443 "POST /api/v1/public/mailbox HTTP/1.1" 201 113
register	注册（免费无鉴权服务商）	2026-08-17T14:04:52.0804390Z 14:04:52 [INFO] [DropMail] 已创建临时邮箱: 386b3f670b01@dropmail.click（有效期 2026-08-17T14:14:51Z）
register	注册（免费无鉴权服务商）	2026-08-17T14:04:52.0809569Z 14:04:52 [INFO] [EmailProvider] 使用邮箱来源: dropmail, email=386b3f670b01@dropmail.click (order=['dropmail', 'throwawaymail', 'tempmailc', 'catchmail', 'myagentinbox', 'qxfy', 'tempmail'])
register	注册（免费无鉴权服务商）	2026-08-17T14:04:52.0811549Z 14:04:52 [DEBUG] 自动获取邮箱: 386b3f670b01@dropmail.click
register	注册（免费无鉴权服务商）	2026-08-17T14:04:52.0812441Z 14:04:52 [DEBUG] 自动生成显示名称: Ipmd Tjuxlvt
register	注册（免费无鉴权服务商）	2026-08-17T14:04:52.0813272Z 14:04:52 [INFO] [Camoufox] 使用代理: socks5://127.0.0.1:40000
register	注册（免费无鉴权服务商）	2026-08-17T14:04:52.0814637Z 14:04:52 [INFO] [Camoufox] 启动无头浏览器 (headless=True)...
register	注册（免费无鉴权服务商）	2026-08-17T14:04:52.0815364Z 14:04:52 [DEBUG] Using selector: EpollSelector
register	注册（免费无鉴权服务商）	2026-08-17T14:04:52.1569374Z 14:04:52 [ERROR] [Camoufox注册] 失败：RuntimeError: Camoufox 浏览器二进制未安装，请先执行: camoufox fetch
register	注册（免费无鉴权服务商）	2026-08-17T14:04:52.1571247Z 14:04:52 [INFO] [ThrowawayMail] 已释放邮箱上下文: sketch.uphold.girl@throwawaymail.app（status=available, note=Camoufox失败: Camoufox 浏览器二进制未安装，请先执行: camoufox fetch）
register	注册（免费无鉴权服务商）	2026-08-17T14:04:52.1581862Z 14:04:52 [INFO] [批量] 开始第 92/100 个注册
register	注册（免费无鉴权服务商）	2026-08-17T14:04:52.1584859Z 14:04:52 [DEBUG] Starting new HTTPS connection (1): api.tempmail.lol:443
register	注册（免费无鉴权服务商）	2026-08-17T14:04:52.2625777Z 14:04:52 [ERROR] [Camoufox注册] 失败：RuntimeError: Camoufox 浏览器二进制未安装，请先执行: camoufox fetch
register	注册（免费无鉴权服务商）	2026-08-17T14:04:52.2627470Z 14:04:52 [INFO] [QXFY] 已释放邮箱上下文: o73s44swoz@qxfy.store（status=available, note=Camoufox失败: Camoufox 浏览器二进制未安装，请先执行: camoufox fetch）
register	注册（免费无鉴权服务商）	2026-08-17T14:04:52.2628654Z 14:04:52 [INFO] [批量] 开始第 93/100 个注册
register	注册（免费无鉴权服务商）	2026-08-17T14:04:52.2635321Z 14:04:52 [DEBUG] Starting new HTTPS connection (1): myagentinbox.com:443
register	注册（免费无鉴权服务商）	2026-08-17T14:04:52.3551708Z 14:04:52 [DEBUG] https://myagentinbox.com:443 "POST /api/inboxes HTTP/1.1" 201 109
register	注册（免费无鉴权服务商）	2026-08-17T14:04:52.3565944Z 14:04:52 [INFO] [MyAgentInbox] 已创建临时邮箱: hqu6bbw0oz@myagentinbox.com（过期 24h）
register	注册（免费无鉴权服务商）	2026-08-17T14:04:52.3567633Z 14:04:52 [INFO] [EmailProvider] 使用邮箱来源: myagentinbox, email=hqu6bbw0oz@myagentinbox.com (order=['myagentinbox', 'qxfy', 'catchmail', 'dropmail', 'throwawaymail', 'tempmailc', 'tempmail'])
register	注册（免费无鉴权服务商）	2026-08-17T14:04:52.3569011Z 14:04:52 [DEBUG] 自动获取邮箱: hqu6bbw0oz@myagentinbox.com
register	注册（免费无鉴权服务商）	2026-08-17T14:04:52.3569691Z 14:04:52 [DEBUG] 自动生成显示名称: Yyjszha Tlxlain
register	注册（免费无鉴权服务商）	2026-08-17T14:04:52.3570604Z 14:04:52 [INFO] [Camoufox] 使用代理: socks5://127.0.0.1:40000
register	注册（免费无鉴权服务商）	2026-08-17T14:04:52.3571318Z 14:04:52 [INFO] [Camoufox] 启动无头浏览器 (headless=True)...
register	注册（免费无鉴权服务商）	2026-08-17T14:04:52.3571894Z 14:04:52 [DEBUG] Using selector: EpollSelector
register	注册（免费无鉴权服务商）	2026-08-17T14:04:52.3855975Z 14:04:52 [DEBUG] https://api.tempmail.lol:443 "POST /v2/inbox/create HTTP/1.1" 201 96
register	注册（免费无鉴权服务商）	2026-08-17T14:04:52.3898393Z 14:04:52 [INFO] [TempMail.lol] 已创建邮箱: courtenay6a7004@4yf.jazzemany.com
register	注册（免费无鉴权服务商）	2026-08-17T14:04:52.3909276Z 14:04:52 [INFO] [EmailProvider] 使用邮箱来源: tempmail, email=courtenay6a7004@4yf.jazzemany.com (order=['tempmail', 'throwawaymail', 'catchmail', 'tempmailc', 'qxfy', 'dropmail', 'myagentinbox'])
register	注册（免费无鉴权服务商）	2026-08-17T14:04:52.3911669Z 14:04:52 [DEBUG] 自动获取邮箱: courtenay6a7004@4yf.jazzemany.com
register	注册（免费无鉴权服务商）	2026-08-17T14:04:52.3912556Z 14:04:52 [DEBUG] 自动生成显示名称: Qmgncq Ohzxw
register	注册（免费无鉴权服务商）	2026-08-17T14:04:52.3913379Z 14:04:52 [INFO] [Camoufox] 使用代理: socks5://127.0.0.1:40000
register	注册（免费无鉴权服务商）	2026-08-17T14:04:52.3915242Z 14:04:52 [INFO] [Camoufox] 启动无头浏览器 (headless=True)...
register	注册（免费无鉴权服务商）	2026-08-17T14:04:52.3915992Z 14:04:52 [DEBUG] Using selector: EpollSelector
register	注册（免费无鉴权服务商）	2026-08-17T14:04:52.4684129Z 14:04:52 [ERROR] [Camoufox注册] 失败：RuntimeError: Camoufox 浏览器二进制未安装，请先执行: camoufox fetch
register	注册（免费无鉴权服务商）	2026-08-17T14:04:52.4686487Z 14:04:52 [INFO] [DropMail] 已释放邮箱上下文: 386b3f670b01@dropmail.click（status=available, note=Camoufox失败: Camoufox 浏览器二进制未安装，请先执行: camoufox fetch）
register	注册（免费无鉴权服务商）	2026-08-17T14:04:52.4687890Z 14:04:52 [INFO] [批量] 开始第 94/100 个注册
register	注册（免费无鉴权服务商）	2026-08-17T14:04:52.4688744Z 14:04:52 [INFO] [Catchmail] 已生成临时邮箱: wtke32zu7g@catchmail.io
register	注册（免费无鉴权服务商）	2026-08-17T14:04:52.4690677Z 14:04:52 [INFO] [EmailProvider] 使用邮箱来源: catchmail, email=wtke32zu7g@catchmail.io (order=['catchmail', 'tempmail', 'tempmailc', 'myagentinbox', 'throwawaymail', 'dropmail', 'qxfy'])
register	注册（免费无鉴权服务商）	2026-08-17T14:04:52.4692231Z 14:04:52 [DEBUG] 自动获取邮箱: wtke32zu7g@catchmail.io
register	注册（免费无鉴权服务商）	2026-08-17T14:04:52.4693033Z 14:04:52 [DEBUG] 自动生成显示名称: Ponr Kcch
register	注册（免费无鉴权服务商）	2026-08-17T14:04:52.4693840Z 14:04:52 [INFO] [Camoufox] 使用代理: socks5://127.0.0.1:40000
register	注册（免费无鉴权服务商）	2026-08-17T14:04:52.4694688Z 14:04:52 [INFO] [Camoufox] 启动无头浏览器 (headless=True)...
register	注册（免费无鉴权服务商）	2026-08-17T14:04:52.4695389Z 14:04:52 [DEBUG] Using selector: EpollSelector
register	注册（免费无鉴权服务商）	2026-08-17T14:04:52.7781492Z 14:04:52 [ERROR] [Camoufox注册] 失败：RuntimeError: Camoufox 浏览器二进制未安装，请先执行: camoufox fetch
register	注册（免费无鉴权服务商）	2026-08-17T14:04:52.7797425Z 14:04:52 [INFO] [MyAgentInbox] 已释放邮箱上下文: hqu6bbw0oz@myagentinbox.com（status=available, note=Camoufox失败: Camoufox 浏览器二进制未安装，请先执行: camoufox fetch）
register	注册（免费无鉴权服务商）	2026-08-17T14:04:52.7799182Z 14:04:52 [INFO] [批量] 开始第 95/100 个注册
register	注册（免费无鉴权服务商）	2026-08-17T14:04:52.7813116Z 14:04:52 [INFO] [QXFY] 已生成临时邮箱: bdupszb2rf@deploytools.site
register	注册（免费无鉴权服务商）	2026-08-17T14:04:52.7814957Z 14:04:52 [INFO] [EmailProvider] 使用邮箱来源: qxfy, email=bdupszb2rf@deploytools.site (order=['qxfy', 'throwawaymail', 'catchmail', 'tempmail', 'myagentinbox', 'dropmail', 'tempmailc'])
register	注册（免费无鉴权服务商）	2026-08-17T14:04:52.7816550Z 14:04:52 [DEBUG] 自动获取邮箱: bdupszb2rf@deploytools.site
register	注册（免费无鉴权服务商）	2026-08-17T14:04:52.7817447Z 14:04:52 [DEBUG] 自动生成显示名称: Bkafv Gcpxgbm
register	注册（免费无鉴权服务商）	2026-08-17T14:04:52.7818345Z 14:04:52 [INFO] [Camoufox] 使用代理: socks5://127.0.0.1:40000
register	注册（免费无鉴权服务商）	2026-08-17T14:04:52.7819426Z 14:04:52 [INFO] [Camoufox] 启动无头浏览器 (headless=True)...
register	注册（免费无鉴权服务商）	2026-08-17T14:04:52.7820449Z 14:04:52 [DEBUG] Using selector: EpollSelector
register	注册（免费无鉴权服务商）	2026-08-17T14:04:52.8377947Z 14:04:52 [ERROR] [Camoufox注册] 失败：RuntimeError: Camoufox 浏览器二进制未安装，请先执行: camoufox fetch
register	注册（免费无鉴权服务商）	2026-08-17T14:04:52.8380093Z 14:04:52 [INFO] [TempMail.lol] 已释放邮箱上下文: courtenay6a7004@4yf.jazzemany.com（status=available, note=Camoufox失败: Camoufox 浏览器二进制未安装，请先执行: camoufox fetch）
register	注册（免费无鉴权服务商）	2026-08-17T14:04:52.8384743Z 14:04:52 [INFO] [批量] 开始第 96/100 个注册
register	注册（免费无鉴权服务商）	2026-08-17T14:04:52.8385756Z 14:04:52 [INFO] [TempMailC] 已生成临时邮箱: s4pyyjg91w@kojoball.email
register	注册（免费无鉴权服务商）	2026-08-17T14:04:52.8387598Z 14:04:52 [INFO] [EmailProvider] 使用邮箱来源: tempmailc, email=s4pyyjg91w@kojoball.email (order=['tempmailc', 'throwawaymail', 'catchmail', 'dropmail', 'myagentinbox', 'qxfy', 'tempmail'])
register	注册（免费无鉴权服务商）	2026-08-17T14:04:52.8390124Z 14:04:52 [DEBUG] 自动获取邮箱: s4pyyjg91w@kojoball.email
register	注册（免费无鉴权服务商）	2026-08-17T14:04:52.8391387Z 14:04:52 [DEBUG] 自动生成显示名称: Ucrwzuu Vkij
register	注册（免费无鉴权服务商）	2026-08-17T14:04:52.8392270Z 14:04:52 [INFO] [Camoufox] 使用代理: socks5://127.0.0.1:40000
register	注册（免费无鉴权服务商）	2026-08-17T14:04:52.8393198Z 14:04:52 [INFO] [Camoufox] 启动无头浏览器 (headless=True)...
register	注册（免费无鉴权服务商）	2026-08-17T14:04:52.8393971Z 14:04:52 [DEBUG] Using selector: EpollSelector
register	注册（免费无鉴权服务商）	2026-08-17T14:04:52.9666070Z 14:04:52 [ERROR] [Camoufox注册] 失败：RuntimeError: Camoufox 浏览器二进制未安装，请先执行: camoufox fetch
register	注册（免费无鉴权服务商）	2026-08-17T14:04:52.9680939Z 14:04:52 [INFO] [Catchmail] 已释放邮箱上下文: wtke32zu7g@catchmail.io（status=available, note=Camoufox失败: Camoufox 浏览器二进制未安装，请先执行: camoufox fetch）
register	注册（免费无鉴权服务商）	2026-08-17T14:04:52.9682111Z 14:04:52 [INFO] [批量] 开始第 97/100 个注册
register	注册（免费无鉴权服务商）	2026-08-17T14:04:52.9682677Z 14:04:52 [DEBUG] Starting new HTTPS connection (1): myagentinbox.com:443
register	注册（免费无鉴权服务商）	2026-08-17T14:04:53.0919346Z 14:04:53 [DEBUG] https://myagentinbox.com:443 "POST /api/inboxes HTTP/1.1" 201 109
register	注册（免费无鉴权服务商）	2026-08-17T14:04:53.0942282Z 14:04:53 [INFO] [MyAgentInbox] 已创建临时邮箱: 8n2usnh1b4@myagentinbox.com（过期 24h）
register	注册（免费无鉴权服务商）	2026-08-17T14:04:53.0952851Z 14:04:53 [INFO] [EmailProvider] 使用邮箱来源: myagentinbox, email=8n2usnh1b4@myagentinbox.com (order=['myagentinbox', 'throwawaymail', 'dropmail', 'tempmail', 'catchmail', 'qxfy', 'tempmailc'])
register	注册（免费无鉴权服务商）	2026-08-17T14:04:53.0964674Z 14:04:53 [DEBUG] 自动获取邮箱: 8n2usnh1b4@myagentinbox.com
register	注册（免费无鉴权服务商）	2026-08-17T14:04:53.0965653Z 14:04:53 [DEBUG] 自动生成显示名称: Zvzt Mtnbnw
register	注册（免费无鉴权服务商）	2026-08-17T14:04:53.0966561Z 14:04:53 [INFO] [Camoufox] 使用代理: socks5://127.0.0.1:40000
register	注册（免费无鉴权服务商）	2026-08-17T14:04:53.0967444Z 14:04:53 [INFO] [Camoufox] 启动无头浏览器 (headless=True)...
register	注册（免费无鉴权服务商）	2026-08-17T14:04:53.0968185Z 14:04:53 [DEBUG] Using selector: EpollSelector
register	注册（免费无鉴权服务商）	2026-08-17T14:04:53.2050826Z 14:04:53 [ERROR] [Camoufox注册] 失败：RuntimeError: Camoufox 浏览器二进制未安装，请先执行: camoufox fetch
register	注册（免费无鉴权服务商）	2026-08-17T14:04:53.2052667Z 14:04:53 [INFO] [QXFY] 已释放邮箱上下文: bdupszb2rf@deploytools.site（status=available, note=Camoufox失败: Camoufox 浏览器二进制未安装，请先执行: camoufox fetch）
register	注册（免费无鉴权服务商）	2026-08-17T14:04:53.2053978Z 14:04:53 [INFO] [批量] 开始第 98/100 个注册
register	注册（免费无鉴权服务商）	2026-08-17T14:04:53.2062382Z 14:04:53 [DEBUG] Starting new HTTPS connection (1): myagentinbox.com:443
register	注册（免费无鉴权服务商）	2026-08-17T14:04:53.2489644Z 14:04:53 [ERROR] [Camoufox注册] 失败：RuntimeError: Camoufox 浏览器二进制未安装，请先执行: camoufox fetch
register	注册（免费无鉴权服务商）	2026-08-17T14:04:53.2491822Z 14:04:53 [INFO] [TempMailC] 已释放邮箱上下文: s4pyyjg91w@kojoball.email（status=available, note=Camoufox失败: Camoufox 浏览器二进制未安装，请先执行: camoufox fetch）
register	注册（免费无鉴权服务商）	2026-08-17T14:04:53.2493170Z 14:04:53 [INFO] [批量] 开始第 99/100 个注册
register	注册（免费无鉴权服务商）	2026-08-17T14:04:53.2499826Z 14:04:53 [DEBUG] Starting new HTTPS connection (1): api.tempmail.lol:443
register	注册（免费无鉴权服务商）	2026-08-17T14:04:53.3755999Z 14:04:53 [DEBUG] https://myagentinbox.com:443 "POST /api/inboxes HTTP/1.1" 201 109
register	注册（免费无鉴权服务商）	2026-08-17T14:04:53.3770875Z 14:04:53 [INFO] [MyAgentInbox] 已创建临时邮箱: pg502vxhyc@myagentinbox.com（过期 24h）
register	注册（免费无鉴权服务商）	2026-08-17T14:04:53.3772736Z 14:04:53 [INFO] [EmailProvider] 使用邮箱来源: myagentinbox, email=pg502vxhyc@myagentinbox.com (order=['myagentinbox', 'dropmail', 'tempmailc', 'qxfy', 'catchmail', 'throwawaymail', 'tempmail'])
register	注册（免费无鉴权服务商）	2026-08-17T14:04:53.3774255Z 14:04:53 [DEBUG] 自动获取邮箱: pg502vxhyc@myagentinbox.com
register	注册（免费无鉴权服务商）	2026-08-17T14:04:53.3774973Z 14:04:53 [DEBUG] 自动生成显示名称: Ivoneqp Mftnfo
register	注册（免费无鉴权服务商）	2026-08-17T14:04:53.3775944Z 14:04:53 [INFO] [Camoufox] 使用代理: socks5://127.0.0.1:40000
register	注册（免费无鉴权服务商）	2026-08-17T14:04:53.3776834Z 14:04:53 [INFO] [Camoufox] 启动无头浏览器 (headless=True)...
register	注册（免费无鉴权服务商）	2026-08-17T14:04:53.3777392Z 14:04:53 [DEBUG] Using selector: EpollSelector
register	注册（免费无鉴权服务商）	2026-08-17T14:04:53.4686912Z 14:04:53 [ERROR] [Camoufox注册] 失败：RuntimeError: Camoufox 浏览器二进制未安装，请先执行: camoufox fetch
register	注册（免费无鉴权服务商）	2026-08-17T14:04:53.4688944Z 14:04:53 [INFO] [MyAgentInbox] 已释放邮箱上下文: 8n2usnh1b4@myagentinbox.com（status=available, note=Camoufox失败: Camoufox 浏览器二进制未安装，请先执行: camoufox fetch）
register	注册（免费无鉴权服务商）	2026-08-17T14:04:53.4690540Z 14:04:53 [INFO] [批量] 开始第 100/100 个注册
register	注册（免费无鉴权服务商）	2026-08-17T14:04:53.4691560Z 14:04:53 [INFO] [Catchmail] 已生成临时邮箱: jab29njcks@catchmail.io
register	注册（免费无鉴权服务商）	2026-08-17T14:04:53.4693147Z 14:04:53 [INFO] [EmailProvider] 使用邮箱来源: catchmail, email=jab29njcks@catchmail.io (order=['catchmail', 'dropmail', 'throwawaymail', 'tempmail', 'tempmailc', 'qxfy', 'myagentinbox'])
register	注册（免费无鉴权服务商）	2026-08-17T14:04:53.4694542Z 14:04:53 [DEBUG] 自动获取邮箱: jab29njcks@catchmail.io
register	注册（免费无鉴权服务商）	2026-08-17T14:04:53.4695129Z 14:04:53 [DEBUG] 自动生成显示名称: Jzefljx Mhej
register	注册（免费无鉴权服务商）	2026-08-17T14:04:53.4695776Z 14:04:53 [INFO] [Camoufox] 使用代理: socks5://127.0.0.1:40000
register	注册（免费无鉴权服务商）	2026-08-17T14:04:53.4696448Z 14:04:53 [INFO] [Camoufox] 启动无头浏览器 (headless=True)...
register	注册（免费无鉴权服务商）	2026-08-17T14:04:53.4696985Z 14:04:53 [DEBUG] Using selector: EpollSelector
register	注册（免费无鉴权服务商）	2026-08-17T14:04:53.5321685Z 14:04:53 [DEBUG] https://api.tempmail.lol:443 "POST /v2/inbox/create HTTP/1.1" 201 95
register	注册（免费无鉴权服务商）	2026-08-17T14:04:53.5341764Z 14:04:53 [INFO] [TempMail.lol] 已创建邮箱: modestine6a7005@sc.foodlpqse.com
register	注册（免费无鉴权服务商）	2026-08-17T14:04:53.5343857Z 14:04:53 [INFO] [EmailProvider] 使用邮箱来源: tempmail, email=modestine6a7005@sc.foodlpqse.com (order=['tempmail', 'qxfy', 'dropmail', 'catchmail', 'tempmailc', 'myagentinbox', 'throwawaymail'])
register	注册（免费无鉴权服务商）	2026-08-17T14:04:53.5355502Z 14:04:53 [DEBUG] 自动获取邮箱: modestine6a7005@sc.foodlpqse.com
register	注册（免费无鉴权服务商）	2026-08-17T14:04:53.5356390Z 14:04:53 [DEBUG] 自动生成显示名称: Fncjb Rekvcru
register	注册（免费无鉴权服务商）	2026-08-17T14:04:53.5357168Z 14:04:53 [INFO] [Camoufox] 使用代理: socks5://127.0.0.1:40000
register	注册（免费无鉴权服务商）	2026-08-17T14:04:53.5358027Z 14:04:53 [INFO] [Camoufox] 启动无头浏览器 (headless=True)...
register	注册（免费无鉴权服务商）	2026-08-17T14:04:53.5358728Z 14:04:53 [DEBUG] Using selector: EpollSelector
register	注册（免费无鉴权服务商）	2026-08-17T14:04:53.8082472Z 14:04:53 [ERROR] [Camoufox注册] 失败：RuntimeError: Camoufox 浏览器二进制未安装，请先执行: camoufox fetch
register	注册（免费无鉴权服务商）	2026-08-17T14:04:53.8087586Z 14:04:53 [INFO] [MyAgentInbox] 已释放邮箱上下文: pg502vxhyc@myagentinbox.com（status=available, note=Camoufox失败: Camoufox 浏览器二进制未安装，请先执行: camoufox fetch）
register	注册（免费无鉴权服务商）	2026-08-17T14:04:53.8483268Z 14:04:53 [ERROR] [Camoufox注册] 失败：RuntimeError: Camoufox 浏览器二进制未安装，请先执行: camoufox fetch
register	注册（免费无鉴权服务商）	2026-08-17T14:04:53.8484511Z 14:04:53 [INFO] [Catchmail] 已释放邮箱上下文: jab29njcks@catchmail.io（status=available, note=Camoufox失败: Camoufox 浏览器二进制未安装，请先执行: camoufox fetch）
register	注册（免费无鉴权服务商）	2026-08-17T14:04:53.9470807Z 14:04:53 [ERROR] [Camoufox注册] 失败：RuntimeError: Camoufox 浏览器二进制未安装，请先执行: camoufox fetch
register	注册（免费无鉴权服务商）	2026-08-17T14:04:53.9472400Z 14:04:53 [INFO] [TempMail.lol] 已释放邮箱上下文: modestine6a7005@sc.foodlpqse.com（status=available, note=Camoufox失败: Camoufox 浏览器二进制未安装，请先执行: camoufox fetch）
register	注册（免费无鉴权服务商）	2026-08-17T14:04:53.9476321Z 14:04:53 [INFO] [批量] 完成：成功 0 / 尝试 100 / 目标 100
register	注册（免费无鉴权服务商）	2026-08-17T14:04:53.9477279Z Extracting addon (UBO): 100%
register	注册（免费无鉴权服务商）	2026-08-17T14:04:53.9477665Z Extracting addon (UBO): Complete
register	注册（免费无鉴权服务商）	2026-08-17T14:04:54.0450916Z ##[error]Process completed with exit code 1.
register	Post 检出注册代码（私有 jjj）	﻿2026-08-17T14:04:54.0576832Z Node 20 is being deprecated. This workflow is running with Node 24 by default. If you need to temporarily use Node 20, you can set the ACTIONS_ALLOW_USE_UNSECURE_NODE_VERSION=true environment variable. For more information see: https://github.blog/changelog/2025-09-19-deprecation-of-node-20-on-github-actions-runners/
register	Post 检出注册代码（私有 jjj）	2026-08-17T14:04:54.0578338Z Post job cleanup.
register	Post 检出注册代码（私有 jjj）	2026-08-17T14:04:54.1475524Z [command]/usr/bin/git version
register	Post 检出注册代码（私有 jjj）	2026-08-17T14:04:54.1517606Z git version 2.54.0
register	Post 检出注册代码（私有 jjj）	2026-08-17T14:04:54.1557235Z Temporarily overriding HOME='/home/runner/work/_temp/7b93752c-908f-45f8-a8e9-92d3f7e95e49' before making global git config changes
register	Post 检出注册代码（私有 jjj）	2026-08-17T14:04:54.1562939Z Adding repository directory to the temporary git global config as a safe directory
register	Post 检出注册代码（私有 jjj）	2026-08-17T14:04:54.1563900Z [command]/usr/bin/git config --global --add safe.directory /home/runner/work/ooo/ooo
register	Post 检出注册代码（私有 jjj）	2026-08-17T14:04:54.1606567Z [command]/usr/bin/git config --local --name-only --get-regexp core\.sshCommand
register	Post 检出注册代码（私有 jjj）	2026-08-17T14:04:54.1644243Z [command]/usr/bin/git submodule foreach --recursive sh -c "git config --local --name-only --get-regexp 'core\.sshCommand' && git config --local --unset-all 'core.sshCommand' || :"
register	Post 检出注册代码（私有 jjj）	2026-08-17T14:04:54.1900075Z [command]/usr/bin/git config --local --name-only --get-regexp http\.https\:\/\/github\.com\/\.extraheader
register	Post 检出注册代码（私有 jjj）	2026-08-17T14:04:54.1929884Z http.https://github.com/.extraheader
register	Post 检出注册代码（私有 jjj）	2026-08-17T14:04:54.1941949Z [command]/usr/bin/git config --local --unset-all http.https://github.com/.extraheader
register	Post 检出注册代码（私有 jjj）	2026-08-17T14:04:54.1992779Z [command]/usr/bin/git submodule foreach --recursive sh -c "git config --local --name-only --get-regexp 'http\.https\:\/\/github\.com\/\.extraheader' && git config --local --unset-all 'http.https://github.com/.extraheader' || :"
register	Post 检出注册代码（私有 jjj）	2026-08-17T14:04:54.2261239Z [command]/usr/bin/git config --local --name-only --get-regexp ^includeIf\.gitdir:
register	Post 检出注册代码（私有 jjj）	2026-08-17T14:04:54.2332654Z [command]/usr/bin/git submodule foreach --recursive git config --local --show-origin --name-only --get-regexp remote.origin.url
register	Complete job	﻿2026-08-17T14:04:54.2753624Z Cleaning up orphan processes
register	Complete job	2026-08-17T14:04:54.3146701Z ##[warning]Node.js 20 is deprecated. The following actions target Node.js 20 but are being forced to run on Node.js 24: actions/checkout@v4. For more information see: https://github.blog/changelog/2025-09-19-deprecation-of-node-20-on-github-actions-runners/
