register	注册（免费无鉴权服务商）	﻿2026-08-17T14:04:33.8132705Z ##[group]Run python main.py -n "100" --workers "3" --continue-on-fail --verbose
register	注册（免费无鉴权服务商）	2026-08-17T14:04:33.8133490Z ^[[36;1mpython main.py -n "100" --workers "3" --continue-on-fail --verbose^[[0m
register	注册（免费无鉴权服务商）	2026-08-17T14:04:33.8173740Z shell: /usr/bin/bash -e {0}
register	注册（免费无鉴权服务商）	2026-08-17T14:04:33.8174042Z env:
register	注册（免费无鉴权服务商）	2026-08-17T14:04:33.8174507Z   GITHUB_TOKEN: ***
register	注册（免费无鉴权服务商）	2026-08-17T14:04:33.8174750Z   WARP_READY: 1
register	注册（免费无鉴权服务商）	2026-08-17T14:04:33.8174979Z   REGISTRATION_DRIVER: camoufox
register	注册（免费无鉴权服务商）	2026-08-17T14:04:33.8175290Z   PROXY_POOL: socks5://127.0.0.1:40000
register	注册（免费无鉴权服务商）	2026-08-17T14:04:33.8175586Z   CAMOUFOX_USE_PROXY: true
register	注册（免费无鉴权服务商）	2026-08-17T14:04:33.8176114Z   EMAIL_SOURCE: tempmail,onesecmail,dropmail,tempmailc,throwawaymail,catchmail,myagentinbox,mailtm,qxfy
register	注册（免费无鉴权服务商）	2026-08-17T14:04:33.8176657Z   USE_EMAIL_SERVICE: true
register	注册（免费无鉴权服务商）	2026-08-17T14:04:33.8176920Z   DEAD_DOMAIN_REPO: DanielLawrence9553/db
register	注册（免费无鉴权服务商）	2026-08-17T14:04:33.8177704Z   SESSION_DATABASE_URL: ***
register	注册（免费无鉴权服务商）	2026-08-17T14:04:33.8177953Z ##[endgroup]
register	注册（免费无鉴权服务商）	2026-08-17T14:04:34.0340946Z 14:04:34 [DEBUG] Starting new HTTPS connection (1): raw.githubusercontent.com:443
register	注册（免费无鉴权服务商）	2026-08-17T14:04:34.2273820Z 14:04:34 [DEBUG] https://raw.githubusercontent.com:443 "GET /DanielLawrence9553/db/main/dead_email_domains.json HTTP/1.1" 200 49
register	注册（免费无鉴权服务商）	2026-08-17T14:04:34.2287892Z 14:04:34 [INFO] [EmailProvider] 已从仓库同步 1 个死域名
register	注册（免费无鉴权服务商）	2026-08-17T14:04:34.2293376Z 14:04:34 [INFO] [批量] 本批次归档目录：/home/runner/work/ooo/ooo/accounts/20260817-100个-3线程
register	注册（免费无鉴权服务商）	2026-08-17T14:04:34.2294099Z 14:04:34 [INFO] [批量] 启用多线程注册：目标 100，并发 3
register	注册（免费无鉴权服务商）	2026-08-17T14:04:34.2296502Z 14:04:34 [INFO] [批量] 开始第 1/100 个注册
register	注册（免费无鉴权服务商）	2026-08-17T14:04:34.2301374Z 14:04:34 [INFO] [批量] 开始第 2/100 个注册
register	注册（免费无鉴权服务商）	2026-08-17T14:04:34.2306368Z 14:04:34 [INFO] [批量] 开始第 3/100 个注册
register	注册（免费无鉴权服务商）	2026-08-17T14:04:34.2406698Z 14:04:34 [INFO] [Catchmail] 已生成临时邮箱: lm93ox4wl1@catchmail.io
register	注册（免费无鉴权服务商）	2026-08-17T14:04:34.2408324Z 14:04:34 [INFO] [EmailProvider] 使用邮箱来源: catchmail, email=lm93ox4wl1@catchmail.io (order=['catchmail', 'tempmail', 'dropmail', 'qxfy', 'tempmailc', 'onesecmail', 'myagentinbox', 'throwawaymail', 'mailtm'])
register	注册（免费无鉴权服务商）	2026-08-17T14:04:34.2409898Z 14:04:34 [DEBUG] 自动获取邮箱: lm93ox4wl1@catchmail.io
register	注册（免费无鉴权服务商）	2026-08-17T14:04:34.2413810Z 14:04:34 [DEBUG] 自动生成显示名称: Iacgfeh Pxqhshi
register	注册（免费无鉴权服务商）	2026-08-17T14:04:34.2417410Z 14:04:34 [DEBUG] Starting new HTTPS connection (1): api.mail.tm:443
register	注册（免费无鉴权服务商）	2026-08-17T14:04:34.2436332Z 14:04:34 [INFO] [Catchmail] 已生成临时邮箱: qilyt11mo8@catchmail.io
register	注册（免费无鉴权服务商）	2026-08-17T14:04:34.2437711Z 14:04:34 [INFO] [EmailProvider] 使用邮箱来源: catchmail, email=qilyt11mo8@catchmail.io (order=['catchmail', 'tempmail', 'throwawaymail', 'dropmail', 'qxfy', 'tempmailc', 'mailtm', 'myagentinbox', 'onesecmail'])
register	注册（免费无鉴权服务商）	2026-08-17T14:04:34.2438584Z 14:04:34 [DEBUG] 自动获取邮箱: qilyt11mo8@catchmail.io
register	注册（免费无鉴权服务商）	2026-08-17T14:04:34.2438943Z 14:04:34 [DEBUG] 自动生成显示名称: Abyewcd Vpeo
register	注册（免费无鉴权服务商）	2026-08-17T14:04:34.6362338Z 14:04:34 [INFO] [Camoufox] 使用代理: socks5://127.0.0.1:40000
register	注册（免费无鉴权服务商）	2026-08-17T14:04:34.6363146Z 14:04:34 [INFO] [Camoufox] 启动无头浏览器 (headless=True)...
register	注册（免费无鉴权服务商）	2026-08-17T14:04:34.6365607Z 14:04:34 [DEBUG] Using selector: EpollSelector
register	注册（免费无鉴权服务商）	2026-08-17T14:04:34.6366315Z 14:04:34 [INFO] [Camoufox] 使用代理: socks5://127.0.0.1:40000
register	注册（免费无鉴权服务商）	2026-08-17T14:04:34.6366918Z 14:04:34 [INFO] [Camoufox] 启动无头浏览器 (headless=True)...
register	注册（免费无鉴权服务商）	2026-08-17T14:04:34.6367509Z 14:04:34 [DEBUG] Using selector: EpollSelector
register	注册（免费无鉴权服务商）	2026-08-17T14:04:34.9854306Z 14:04:34 [DEBUG] https://api.mail.tm:443 "GET /domains HTTP/1.1" 200 172
register	注册（免费无鉴权服务商）	2026-08-17T14:04:34.9889106Z 14:04:34 [INFO] [Mail.tm] 已获取可用域名: emalupe.com
register	注册（免费无鉴权服务商）	2026-08-17T14:04:34.9902362Z 14:04:34 [DEBUG] Starting new HTTPS connection (1): api.mail.tm:443
register	注册（免费无鉴权服务商）	2026-08-17T14:04:34.9935620Z 14:04:34 [DEBUG] Starting new HTTPS connection (1): addons.mozilla.org:443
register	注册（免费无鉴权服务商）	2026-08-17T14:04:35.0156741Z 14:04:35 [ERROR] [Camoufox注册] 失败：RuntimeError: Camoufox 浏览器二进制未安装，请先执行: camoufox fetch
register	注册（免费无鉴权服务商）	2026-08-17T14:04:35.0563818Z 14:04:35 [INFO] [Catchmail] 已释放邮箱上下文: lm93ox4wl1@catchmail.io（status=available, note=Camoufox失败: Camoufox 浏览器二进制未安装，请先执行: camoufox fetch）
register	注册（免费无鉴权服务商）	2026-08-17T14:04:35.0567191Z 14:04:35 [INFO] [批量] 开始第 4/100 个注册
register	注册（免费无鉴权服务商）	2026-08-17T14:04:35.0575602Z 14:04:35 [DEBUG] Starting new HTTPS connection (1): tempmailc.com:443
register	注册（免费无鉴权服务商）	2026-08-17T14:04:35.1013478Z 14:04:35 [DEBUG] https://addons.mozilla.org:443 "GET /firefox/downloads/latest/ublock-origin/latest.xpi HTTP/1.1" 302 0
register	注册（免费无鉴权服务商）	2026-08-17T14:04:35.1169609Z 14:04:35 [DEBUG] https://addons.mozilla.org:443 "GET /firefox/downloads/file/4940584/ublock_origin-1.73.0.xpi HTTP/1.1" 200 4679419
register	注册（免费无鉴权服务商）	2026-08-17T14:04:35.1210702Z 
register	注册（免费无鉴权服务商）	2026-08-17T14:04:35.1211099Z Downloading addon (UBO): 0%
register	注册（免费无鉴权服务商）	2026-08-17T14:04:35.1262013Z Downloading addon (UBO): 0%
register	注册（免费无鉴权服务商）	2026-08-17T14:04:35.1262384Z Downloading addon (UBO): 1%
register	注册（免费无鉴权服务商）	2026-08-17T14:04:35.1315668Z Downloading addon (UBO): 1%
register	注册（免费无鉴权服务商）	2026-08-17T14:04:35.1316025Z Downloading addon (UBO): 1%
register	注册（免费无鉴权服务商）	2026-08-17T14:04:35.1346946Z Downloading addon (UBO): 1%
register	注册（免费无鉴权服务商）	2026-08-17T14:04:35.1347279Z Downloading addon (UBO): 1%
register	注册（免费无鉴权服务商）	2026-08-17T14:04:35.1372404Z Downloading addon (UBO): 1%
register	注册（免费无鉴权服务商）	2026-08-17T14:04:35.1372939Z Downloading addon (UBO): 2%
register	注册（免费无鉴权服务商）	2026-08-17T14:04:35.1386109Z Downloading addon (UBO): 2%
register	注册（免费无鉴权服务商）	2026-08-17T14:04:35.1386529Z Downloading addon (UBO): 2%
register	注册（免费无鉴权服务商）	2026-08-17T14:04:35.1405119Z Downloading addon (UBO): 2%
register	注册（免费无鉴权服务商）	2026-08-17T14:04:35.1405516Z Downloading addon (UBO): 2%
register	注册（免费无鉴权服务商）	2026-08-17T14:04:35.1439831Z Downloading addon (UBO): 2%
register	注册（免费无鉴权服务商）	2026-08-17T14:04:35.1440424Z Downloading addon (UBO): 3%
register	注册（免费无鉴权服务商）	2026-08-17T14:04:35.1453314Z Downloading addon (UBO): 3%
register	注册（免费无鉴权服务商）	2026-08-17T14:04:35.1453631Z Downloading addon (UBO): 3%
register	注册（免费无鉴权服务商）	2026-08-17T14:04:35.1471169Z Downloading addon (UBO): 3%
register	注册（免费无鉴权服务商）	2026-08-17T14:04:35.1471786Z Downloading addon (UBO): 3%
register	注册（免费无鉴权服务商）	2026-08-17T14:04:35.1502934Z Downloading addon (UBO): 4%
register	注册（免费无鉴权服务商）	2026-08-17T14:04:35.1503325Z Downloading addon (UBO): 4%
register	注册（免费无鉴权服务商）	2026-08-17T14:04:35.1535294Z Downloading addon (UBO): 4%
register	注册（免费无鉴权服务商）	2026-08-17T14:04:35.1535629Z Downloading addon (UBO): 4%
register	注册（免费无鉴权服务商）	2026-08-17T14:04:35.1559913Z Downloading addon (UBO): 4%
register	注册（免费无鉴权服务商）	2026-08-17T14:04:35.1560528Z Downloading addon (UBO): 4%
register	注册（免费无鉴权服务商）	2026-08-17T14:04:35.1560943Z Downloading addon (UBO): 5%
register	注册（免费无鉴权服务商）	2026-08-17T14:04:35.1561260Z Downloading addon (UBO): 5%
register	注册（免费无鉴权服务商）	2026-08-17T14:04:35.1572663Z Downloading addon (UBO): 5%
register	注册（免费无鉴权服务商）	2026-08-17T14:04:35.1573300Z Downloading addon (UBO): 5%
register	注册（免费无鉴权服务商）	2026-08-17T14:04:35.1573743Z Downloading addon (UBO): 5%
register	注册（免费无鉴权服务商）	2026-08-17T14:04:35.1574066Z Downloading addon (UBO): 5%
register	注册（免费无鉴权服务商）	2026-08-17T14:04:35.1585601Z Downloading addon (UBO): 6%
register	注册（免费无鉴权服务商）	2026-08-17T14:04:35.1585912Z Downloading addon (UBO): 6%
register	注册（免费无鉴权服务商）	2026-08-17T14:04:35.1601494Z Downloading addon (UBO): 6%
register	注册（免费无鉴权服务商）	2026-08-17T14:04:35.1601840Z Downloading addon (UBO): 6%
register	注册（免费无鉴权服务商）	2026-08-17T14:04:35.1616496Z Downloading addon (UBO): 6%
register	注册（免费无鉴权服务商）	2026-08-17T14:04:35.1616863Z Downloading addon (UBO): 6%
register	注册（免费无鉴权服务商）	2026-08-17T14:04:35.1634040Z Downloading addon (UBO): 7%
register	注册（免费无鉴权服务商）	2026-08-17T14:04:35.1634380Z Downloading addon (UBO): 7%
register	注册（免费无鉴权服务商）	2026-08-17T14:04:35.1666693Z Downloading addon (UBO): 7%
register	注册（免费无鉴权服务商）	2026-08-17T14:04:35.1667067Z Downloading addon (UBO): 7%
register	注册（免费无鉴权服务商）	2026-08-17T14:04:35.1690663Z Downloading addon (UBO): 7%
register	注册（免费无鉴权服务商）	2026-08-17T14:04:35.1691108Z Downloading addon (UBO): 8%
register	注册（免费无鉴权服务商）	2026-08-17T14:04:35.1704258Z Downloading addon (UBO): 8%
register	注册（免费无鉴权服务商）	2026-08-17T14:04:35.1704556Z Downloading addon (UBO): 8%
register	注册（免费无鉴权服务商）	2026-08-17T14:04:35.1705691Z Downloading addon (UBO): 8%
register	注册（免费无鉴权服务商）	2026-08-17T14:04:35.1705986Z Downloading addon (UBO): 8%
register	注册（免费无鉴权服务商）	2026-08-17T14:04:35.1734266Z Downloading addon (UBO): 8%
register	注册（免费无鉴权服务商）	2026-08-17T14:04:35.1734675Z Downloading addon (UBO): 9%
register	注册（免费无鉴权服务商）	2026-08-17T14:04:35.1735039Z Downloading addon (UBO): 9%
register	注册（免费无鉴权服务商）	2026-08-17T14:04:35.1735481Z Downloading addon (UBO): 9%
register	注册（免费无鉴权服务商）	2026-08-17T14:04:35.1735763Z Downloading addon (UBO): 9%
register	注册（免费无鉴权服务商）	2026-08-17T14:04:35.1735999Z Downloading addon (UBO): 9%
register	注册（免费无鉴权服务商）	2026-08-17T14:04:35.1747698Z Downloading addon (UBO): 9%
register	注册（免费无鉴权服务商）	2026-08-17T14:04:35.1748056Z Downloading addon (UBO): 10%
register	注册（免费无鉴权服务商）	2026-08-17T14:04:35.1749027Z Downloading addon (UBO): 10%
register	注册（免费无鉴权服务商）	2026-08-17T14:04:35.1749428Z Downloading addon (UBO): 10%
register	注册（免费无鉴权服务商）	2026-08-17T14:04:35.1778635Z Downloading addon (UBO): 10%
register	注册（免费无鉴权服务商）	2026-08-17T14:04:35.1778975Z Downloading addon (UBO): 10%
register	注册（免费无鉴权服务商）	2026-08-17T14:04:35.1821478Z Downloading addon (UBO): 11%
register	注册（免费无鉴权服务商）	2026-08-17T14:04:35.1821905Z Downloading addon (UBO): 11%
register	注册（免费无鉴权服务商）	2026-08-17T14:04:35.1822588Z Downloading addon (UBO): 11%
register	注册（免费无鉴权服务商）	2026-08-17T14:04:35.1823058Z Downloading addon (UBO): 11%
register	注册（免费无鉴权服务商）	2026-08-17T14:04:35.1824669Z Downloading addon (UBO): 11%
register	注册（免费无鉴权服务商）	2026-08-17T14:04:35.1825114Z Downloading addon (UBO): 11%
register	注册（免费无鉴权服务商）	2026-08-17T14:04:35.1825422Z Downloading addon (UBO): 12%
register	注册（免费无鉴权服务商）	2026-08-17T14:04:35.1825661Z Downloading addon (UBO): 12%
register	注册（免费无鉴权服务商）	2026-08-17T14:04:35.1838007Z Downloading addon (UBO): 12%
register	注册（免费无鉴权服务商）	2026-08-17T14:04:35.1838783Z Downloading addon (UBO): 12%
register	注册（免费无鉴权服务商）	2026-08-17T14:04:35.1839499Z Downloading addon (UBO): 12%
register	注册（免费无鉴权服务商）	2026-08-17T14:04:35.1839938Z Downloading addon (UBO): 12%
register	注册（免费无鉴权服务商）	2026-08-17T14:04:35.1840516Z Downloading addon (UBO): 13%
register	注册（免费无鉴权服务商）	2026-08-17T14:04:35.1840768Z Downloading addon (UBO): 13%
register	注册（免费无鉴权服务商）	2026-08-17T14:04:35.1865892Z Downloading addon (UBO): 13%
register	注册（免费无鉴权服务商）	2026-08-17T14:04:35.1866267Z Downloading addon (UBO): 13%
register	注册（免费无鉴权服务商）	2026-08-17T14:04:35.1866679Z Downloading addon (UBO): 13%
register	注册（免费无鉴权服务商）	2026-08-17T14:04:35.1867039Z Downloading addon (UBO): 13%
register	注册（免费无鉴权服务商）	2026-08-17T14:04:35.1867678Z Downloading addon (UBO): 14%
register	注册（免费无鉴权服务商）	2026-08-17T14:04:35.1868010Z Downloading addon (UBO): 14%
register	注册（免费无鉴权服务商）	2026-08-17T14:04:35.1868450Z Downloading addon (UBO): 14%
register	注册（免费无鉴权服务商）	2026-08-17T14:04:35.1868734Z Downloading addon (UBO): 14%
register	注册（免费无鉴权服务商）	2026-08-17T14:04:35.1880681Z Downloading addon (UBO): 14%
register	注册（免费无鉴权服务商）	2026-08-17T14:04:35.1881185Z Downloading addon (UBO): 15%
register	注册（免费无鉴权服务商）	2026-08-17T14:04:35.1883121Z Downloading addon (UBO): 15%
register	注册（免费无鉴权服务商）	2026-08-17T14:04:35.1883570Z Downloading addon (UBO): 15%
register	注册（免费无鉴权服务商）	2026-08-17T14:04:35.1883957Z Downloading addon (UBO): 15%
register	注册（免费无鉴权服务商）	2026-08-17T14:04:35.1884208Z Downloading addon (UBO): 15%
register	注册（免费无鉴权服务商）	2026-08-17T14:04:35.1896649Z Downloading addon (UBO): 15%
register	注册（免费无鉴权服务商）	2026-08-17T14:04:35.1896918Z Downloading addon (UBO): 16%
register	注册（免费无鉴权服务商）	2026-08-17T14:04:35.1898008Z Downloading addon (UBO): 16%
register	注册（免费无鉴权服务商）	2026-08-17T14:04:35.1898584Z Downloading addon (UBO): 16%
register	注册（免费无鉴权服务商）	2026-08-17T14:04:35.1909724Z Downloading addon (UBO): 16%
register	注册（免费无鉴权服务商）	2026-08-17T14:04:35.1910117Z Downloading addon (UBO): 16%
register	注册（免费无鉴权服务商）	2026-08-17T14:04:35.1952732Z Downloading addon (UBO): 16%
register	注册（免费无鉴权服务商）	2026-08-17T14:04:35.1953163Z Downloading addon (UBO): 17%
register	注册（免费无鉴权服务商）	2026-08-17T14:04:35.1969442Z Downloading addon (UBO): 17%
register	注册（免费无鉴权服务商）	2026-08-17T14:04:35.1969900Z Downloading addon (UBO): 17%
register	注册（免费无鉴权服务商）	2026-08-17T14:04:35.1970468Z Downloading addon (UBO): 17%
register	注册（免费无鉴权服务商）	2026-08-17T14:04:35.1971824Z Downloading addon (UBO): 17%
register	注册（免费无鉴权服务商）	2026-08-17T14:04:35.1972130Z Downloading addon (UBO): 18%
register	注册（免费无鉴权服务商）	2026-08-17T14:04:35.1972374Z Downloading addon (UBO): 18%
register	注册（免费无鉴权服务商）	2026-08-17T14:04:35.1972609Z Downloading addon (UBO): 18%
register	注册（免费无鉴权服务商）	2026-08-17T14:04:35.1972850Z Downloading addon (UBO): 18%
register	注册（免费无鉴权服务商）	2026-08-17T14:04:35.1997723Z Downloading addon (UBO): 18%
register	注册（免费无鉴权服务商）	2026-08-17T14:04:35.1998157Z Downloading addon (UBO): 18%
register	注册（免费无鉴权服务商）	2026-08-17T14:04:35.2000452Z Downloading addon (UBO): 19%
register	注册（免费无鉴权服务商）	2026-08-17T14:04:35.2000738Z Downloading addon (UBO): 19%
register	注册（免费无鉴权服务商）	2026-08-17T14:04:35.2001002Z Downloading addon (UBO): 19%
register	注册（免费无鉴权服务商）	2026-08-17T14:04:35.2001250Z Downloading addon (UBO): 19%
register	注册（免费无鉴权服务商）	2026-08-17T14:04:35.2001490Z Downloading addon (UBO): 19%
register	注册（免费无鉴权服务商）	2026-08-17T14:04:35.2001727Z Downloading addon (UBO): 19%
register	注册（免费无鉴权服务商）	2026-08-17T14:04:35.2011951Z Downloading addon (UBO): 20%
register	注册（免费无鉴权服务商）	2026-08-17T14:04:35.2012309Z Downloading addon (UBO): 20%
register	注册（免费无鉴权服务商）	2026-08-17T14:04:35.2013937Z Downloading addon (UBO): 20%
register	注册（免费无鉴权服务商）	2026-08-17T14:04:35.2014370Z Downloading addon (UBO): 20%
register	注册（免费无鉴权服务商）	2026-08-17T14:04:35.2014758Z Downloading addon (UBO): 20%
register	注册（免费无鉴权服务商）	2026-08-17T14:04:35.2015006Z Downloading addon (UBO): 20%
register	注册（免费无鉴权服务商）	2026-08-17T14:04:35.2028919Z Downloading addon (UBO): 21%
register	注册（免费无鉴权服务商）	2026-08-17T14:04:35.2029241Z Downloading addon (UBO): 21%
register	注册（免费无鉴权服务商）	2026-08-17T14:04:35.2031398Z Downloading addon (UBO): 21%
register	注册（免费无鉴权服务商）	2026-08-17T14:04:35.2031838Z Downloading addon (UBO): 21%
register	注册（免费无鉴权服务商）	2026-08-17T14:04:35.2032250Z Downloading addon (UBO): 21%
register	注册（免费无鉴权服务商）	2026-08-17T14:04:35.2032648Z Downloading addon (UBO): 22%
register	注册（免费无鉴权服务商）	2026-08-17T14:04:35.2032969Z Downloading addon (UBO): 22%
register	注册（免费无鉴权服务商）	2026-08-17T14:04:35.2033220Z Downloading addon (UBO): 22%
register	注册（免费无鉴权服务商）	2026-08-17T14:04:35.2061729Z Downloading addon (UBO): 22%
register	注册（免费无鉴权服务商）	2026-08-17T14:04:35.2062303Z Downloading addon (UBO): 22%
register	注册（免费无鉴权服务商）	2026-08-17T14:04:35.2062688Z Downloading addon (UBO): 22%
register	注册（免费无鉴权服务商）	2026-08-17T14:04:35.2063081Z Downloading addon (UBO): 23%
register	注册（免费无鉴权服务商）	2026-08-17T14:04:35.2083977Z Downloading addon (UBO): 23%
register	注册（免费无鉴权服务商）	2026-08-17T14:04:35.2084422Z Downloading addon (UBO): 23%
register	注册（免费无鉴权服务商）	2026-08-17T14:04:35.2100025Z Downloading addon (UBO): 23%
register	注册（免费无鉴权服务商）	2026-08-17T14:04:35.2100625Z Downloading addon (UBO): 23%
register	注册（免费无鉴权服务商）	2026-08-17T14:04:35.2103284Z Downloading addon (UBO): 23%
register	注册（免费无鉴权服务商）	2026-08-17T14:04:35.2103677Z Downloading addon (UBO): 24%
register	注册（免费无鉴权服务商）	2026-08-17T14:04:35.2105503Z Downloading addon (UBO): 24%
register	注册（免费无鉴权服务商）	2026-08-17T14:04:35.2105903Z Downloading addon (UBO): 24%
register	注册（免费无鉴权服务商）	2026-08-17T14:04:35.2106278Z Downloading addon (UBO): 24%
register	注册（免费无鉴权服务商）	2026-08-17T14:04:35.2106998Z Downloading addon (UBO): 24%
register	注册（免费无鉴权服务商）	2026-08-17T14:04:35.2107393Z Downloading addon (UBO): 25%
register	注册（免费无鉴权服务商）	2026-08-17T14:04:35.2107790Z Downloading addon (UBO): 25%
register	注册（免费无鉴权服务商）	2026-08-17T14:04:35.2108163Z Downloading addon (UBO): 25%
register	注册（免费无鉴权服务商）	2026-08-17T14:04:35.2108545Z Downloading addon (UBO): 25%
register	注册（免费无鉴权服务商）	2026-08-17T14:04:35.2108924Z Downloading addon (UBO): 25%
register	注册（免费无鉴权服务商）	2026-08-17T14:04:35.2110086Z Downloading addon (UBO): 25%
register	注册（免费无鉴权服务商）	2026-08-17T14:04:35.2110630Z Downloading addon (UBO): 26%
register	注册（免费无鉴权服务商）	2026-08-17T14:04:35.2111004Z Downloading addon (UBO): 26%
register	注册（免费无鉴权服务商）	2026-08-17T14:04:35.2111378Z Downloading addon (UBO): 26%
register	注册（免费无鉴权服务商）	2026-08-17T14:04:35.2111761Z Downloading addon (UBO): 26%
register	注册（免费无鉴权服务商）	2026-08-17T14:04:35.2128592Z Downloading addon (UBO): 26%
register	注册（免费无鉴权服务商）	2026-08-17T14:04:35.2129029Z Downloading addon (UBO): 26%
register	注册（免费无鉴权服务商）	2026-08-17T14:04:35.2130969Z Downloading addon (UBO): 27%
register	注册（免费无鉴权服务商）	2026-08-17T14:04:35.2131386Z Downloading addon (UBO): 27%
register	注册（免费无鉴权服务商）	2026-08-17T14:04:35.2131773Z Downloading addon (UBO): 27%
register	注册（免费无鉴权服务商）	2026-08-17T14:04:35.2132144Z Downloading addon (UBO): 27%
register	注册（免费无鉴权服务商）	2026-08-17T14:04:35.2132515Z Downloading addon (UBO): 27%
register	注册（免费无鉴权服务商）	2026-08-17T14:04:35.2132905Z Downloading addon (UBO): 27%
register	注册（免费无鉴权服务商）	2026-08-17T14:04:35.2133590Z Downloading addon (UBO): 28%
register	注册（免费无鉴权服务商）	2026-08-17T14:04:35.2133976Z Downloading addon (UBO): 28%
register	注册（免费无鉴权服务商）	2026-08-17T14:04:35.2135829Z Downloading addon (UBO): 28%
register	注册（免费无鉴权服务商）	2026-08-17T14:04:35.2136444Z Downloading addon (UBO): 28%
register	注册（免费无鉴权服务商）	2026-08-17T14:04:35.2136827Z Downloading addon (UBO): 28%
register	注册（免费无鉴权服务商）	2026-08-17T14:04:35.2137201Z Downloading addon (UBO): 29%
register	注册（免费无鉴权服务商）	2026-08-17T14:04:35.2137579Z Downloading addon (UBO): 29%
register	注册（免费无鉴权服务商）	2026-08-17T14:04:35.2137954Z Downloading addon (UBO): 29%
register	注册（免费无鉴权服务商）	2026-08-17T14:04:35.2143197Z Downloading addon (UBO): 29%
register	注册（免费无鉴权服务商）	2026-08-17T14:04:35.2143630Z Downloading addon (UBO): 29%
register	注册（免费无鉴权服务商）	2026-08-17T14:04:35.2148392Z Downloading addon (UBO): 29%
register	注册（免费无鉴权服务商）	2026-08-17T14:04:35.2149009Z Downloading addon (UBO): 30%
register	注册（免费无鉴权服务商）	2026-08-17T14:04:35.2149772Z Downloading addon (UBO): 30%
register	注册（免费无鉴权服务商）	2026-08-17T14:04:35.2150536Z Downloading addon (UBO): 30%
register	注册（免费无鉴权服务商）	2026-08-17T14:04:35.2151107Z Downloading addon (UBO): 30%
register	注册（免费无鉴权服务商）	2026-08-17T14:04:35.2151713Z Downloading addon (UBO): 30%
register	注册（免费无鉴权服务商）	2026-08-17T14:04:35.2152220Z Downloading addon (UBO): 30%
register	注册（免费无鉴权服务商）	2026-08-17T14:04:35.2152882Z Downloading addon (UBO): 31%
register	注册（免费无鉴权服务商）	2026-08-17T14:04:35.2153395Z Downloading addon (UBO): 31%
register	注册（免费无鉴权服务商）	2026-08-17T14:04:35.2154035Z Downloading addon (UBO): 31%
register	注册（免费无鉴权服务商）	2026-08-17T14:04:35.2154569Z Downloading addon (UBO): 31%
register	注册（免费无鉴权服务商）	2026-08-17T14:04:35.2222200Z Downloading addon (UBO): 31%
register	注册（免费无鉴权服务商）	2026-08-17T14:04:35.2222684Z Downloading addon (UBO): 32%
register	注册（免费无鉴权服务商）	2026-08-17T14:04:35.2223088Z Downloading addon (UBO): 32%
register	注册（免费无鉴权服务商）	2026-08-17T14:04:35.2223521Z Downloading addon (UBO): 32%
register	注册（免费无鉴权服务商）	2026-08-17T14:04:35.2223914Z Downloading addon (UBO): 32%
register	注册（免费无鉴权服务商）	2026-08-17T14:04:35.2224330Z Downloading addon (UBO): 32%
register	注册（免费无鉴权服务商）	2026-08-17T14:04:35.2224712Z Downloading addon (UBO): 32%
register	注册（免费无鉴权服务商）	2026-08-17T14:04:35.2225088Z Downloading addon (UBO): 33%
register	注册（免费无鉴权服务商）	2026-08-17T14:04:35.2225481Z Downloading addon (UBO): 33%
register	注册（免费无鉴权服务商）	2026-08-17T14:04:35.2225867Z Downloading addon (UBO): 33%
register	注册（免费无鉴权服务商）	2026-08-17T14:04:35.2226238Z Downloading addon (UBO): 33%
register	注册（免费无鉴权服务商）	2026-08-17T14:04:35.2226608Z Downloading addon (UBO): 33%
register	注册（免费无鉴权服务商）	2026-08-17T14:04:35.2226974Z Downloading addon (UBO): 33%
register	注册（免费无鉴权服务商）	2026-08-17T14:04:35.2227363Z Downloading addon (UBO): 34%
register	注册（免费无鉴权服务商）	2026-08-17T14:04:35.2227757Z Downloading addon (UBO): 34%
register	注册（免费无鉴权服务商）	2026-08-17T14:04:35.2228135Z Downloading addon (UBO): 34%
register	注册（免费无鉴权服务商）	2026-08-17T14:04:35.2228515Z Downloading addon (UBO): 34%
register	注册（免费无鉴权服务商）	2026-08-17T14:04:35.2228890Z Downloading addon (UBO): 34%
register	注册（免费无鉴权服务商）	2026-08-17T14:04:35.2229267Z Downloading addon (UBO): 34%
register	注册（免费无鉴权服务商）	2026-08-17T14:04:35.2231956Z Downloading addon (UBO): 35%
register	注册（免费无鉴权服务商）	2026-08-17T14:04:35.2232382Z Downloading addon (UBO): 35%
register	注册（免费无鉴权服务商）	2026-08-17T14:04:35.2238272Z Downloading addon (UBO): 35%
register	注册（免费无鉴权服务商）	2026-08-17T14:04:35.2238766Z Downloading addon (UBO): 35%
register	注册（免费无鉴权服务商）	2026-08-17T14:04:35.2239181Z Downloading addon (UBO): 35%
register	注册（免费无鉴权服务商）	2026-08-17T14:04:35.2239561Z Downloading addon (UBO): 36%
register	注册（免费无鉴权服务商）	2026-08-17T14:04:35.2239946Z Downloading addon (UBO): 36%
register	注册（免费无鉴权服务商）	2026-08-17T14:04:35.2240804Z Downloading addon (UBO): 36%
register	注册（免费无鉴权服务商）	2026-08-17T14:04:35.2241204Z Downloading addon (UBO): 36%
register	注册（免费无鉴权服务商）	2026-08-17T14:04:35.2241601Z Downloading addon (UBO): 36%
register	注册（免费无鉴权服务商）	2026-08-17T14:04:35.2259455Z Downloading addon (UBO): 36%
register	注册（免费无鉴权服务商）	2026-08-17T14:04:35.2259886Z Downloading addon (UBO): 37%
register	注册（免费无鉴权服务商）	2026-08-17T14:04:35.2260866Z Downloading addon (UBO): 37%
register	注册（免费无鉴权服务商）	2026-08-17T14:04:35.2261492Z Downloading addon (UBO): 37%
register	注册（免费无鉴权服务商）	2026-08-17T14:04:35.2261876Z Downloading addon (UBO): 37%
register	注册（免费无鉴权服务商）	2026-08-17T14:04:35.2262253Z Downloading addon (UBO): 37%
register	注册（免费无鉴权服务商）	2026-08-17T14:04:35.2262632Z Downloading addon (UBO): 37%
register	注册（免费无鉴权服务商）	2026-08-17T14:04:35.2263013Z Downloading addon (UBO): 38%
register	注册（免费无鉴权服务商）	2026-08-17T14:04:35.2265499Z Downloading addon (UBO): 38%
register	注册（免费无鉴权服务商）	2026-08-17T14:04:35.2265920Z Downloading addon (UBO): 38%
register	注册（免费无鉴权服务商）	2026-08-17T14:04:35.2268749Z Downloading addon (UBO): 38%
register	注册（免费无鉴权服务商）	2026-08-17T14:04:35.2269174Z Downloading addon (UBO): 38%
register	注册（免费无鉴权服务商）	2026-08-17T14:04:35.2269542Z Downloading addon (UBO): 39%
register	注册（免费无鉴权服务商）	2026-08-17T14:04:35.2269915Z Downloading addon (UBO): 39%
register	注册（免费无鉴权服务商）	2026-08-17T14:04:35.2270521Z Downloading addon (UBO): 39%
register	注册（免费无鉴权服务商）	2026-08-17T14:04:35.2270910Z Downloading addon (UBO): 39%
register	注册（免费无鉴权服务商）	2026-08-17T14:04:35.2274151Z Downloading addon (UBO): 39%
register	注册（免费无鉴权服务商）	2026-08-17T14:04:35.2274547Z Downloading addon (UBO): 39%
register	注册（免费无鉴权服务商）	2026-08-17T14:04:35.2274919Z Downloading addon (UBO): 40%
register	注册（免费无鉴权服务商）	2026-08-17T14:04:35.2275327Z Downloading addon (UBO): 40%
register	注册（免费无鉴权服务商）	2026-08-17T14:04:35.2275701Z Downloading addon (UBO): 40%
register	注册（免费无鉴权服务商）	2026-08-17T14:04:35.2276079Z Downloading addon (UBO): 40%
register	注册（免费无鉴权服务商）	2026-08-17T14:04:35.2276456Z Downloading addon (UBO): 40%
register	注册（免费无鉴权服务商）	2026-08-17T14:04:35.2276841Z Downloading addon (UBO): 40%
register	注册（免费无鉴权服务商）	2026-08-17T14:04:35.2278984Z Downloading addon (UBO): 41%
register	注册（免费无鉴权服务商）	2026-08-17T14:04:35.2279375Z Downloading addon (UBO): 41%
register	注册（免费无鉴权服务商）	2026-08-17T14:04:35.2280999Z Downloading addon (UBO): 41%
register	注册（免费无鉴权服务商）	2026-08-17T14:04:35.2281389Z Downloading addon (UBO): 41%
register	注册（免费无鉴权服务商）	2026-08-17T14:04:35.2281788Z Downloading addon (UBO): 41%
register	注册（免费无鉴权服务商）	2026-08-17T14:04:35.2282167Z Downloading addon (UBO): 41%
register	注册（免费无鉴权服务商）	2026-08-17T14:04:35.2282544Z Downloading addon (UBO): 42%
register	注册（免费无鉴权服务商）	2026-08-17T14:04:35.2282914Z Downloading addon (UBO): 42%
register	注册（免费无鉴权服务商）	2026-08-17T14:04:35.2293021Z Downloading addon (UBO): 42%
register	注册（免费无鉴权服务商）	2026-08-17T14:04:35.2293936Z Downloading addon (UBO): 42%
register	注册（免费无鉴权服务商）	2026-08-17T14:04:35.2295278Z Downloading addon (UBO): 42%
register	注册（免费无鉴权服务商）	2026-08-17T14:04:35.2295986Z Downloading addon (UBO): 43%
register	注册（免费无鉴权服务商）	2026-08-17T14:04:35.2296361Z Downloading addon (UBO): 43%
register	注册（免费无鉴权服务商）	2026-08-17T14:04:35.2296726Z Downloading addon (UBO): 43%
register	注册（免费无鉴权服务商）	2026-08-17T14:04:35.2297396Z Downloading addon (UBO): 43%
register	注册（免费无鉴权服务商）	2026-08-17T14:04:35.2297789Z Downloading addon (UBO): 43%
register	注册（免费无鉴权服务商）	2026-08-17T14:04:35.2298363Z Downloading addon (UBO): 43%
register	注册（免费无鉴权服务商）	2026-08-17T14:04:35.2298758Z Downloading addon (UBO): 44%
register	注册（免费无鉴权服务商）	2026-08-17T14:04:35.2299196Z Downloading addon (UBO): 44%
register	注册（免费无鉴权服务商）	2026-08-17T14:04:35.2299562Z Downloading addon (UBO): 44%
register	注册（免费无鉴权服务商）	2026-08-17T14:04:35.2300156Z Downloading addon (UBO): 44%
register	注册（免费无鉴权服务商）	2026-08-17T14:04:35.2300761Z Downloading addon (UBO): 44%
register	注册（免费无鉴权服务商）	2026-08-17T14:04:35.2301304Z Downloading addon (UBO): 44%
register	注册（免费无鉴权服务商）	2026-08-17T14:04:35.2301658Z Downloading addon (UBO): 45%
register	注册（免费无鉴权服务商）	2026-08-17T14:04:35.2325184Z Downloading addon (UBO): 45%
register	注册（免费无鉴权服务商）	2026-08-17T14:04:35.2325516Z Downloading addon (UBO): 45%
register	注册（免费无鉴权服务商）	2026-08-17T14:04:35.2325946Z Downloading addon (UBO): 45%
register	注册（免费无鉴权服务商）	2026-08-17T14:04:35.2326216Z Downloading addon (UBO): 45%
register	注册（免费无鉴权服务商）	2026-08-17T14:04:35.2347952Z Downloading addon (UBO): 46%
register	注册（免费无鉴权服务商）	2026-08-17T14:04:35.2348294Z Downloading addon (UBO): 46%
register	注册（免费无鉴权服务商）	2026-08-17T14:04:35.2348731Z Downloading addon (UBO): 46%
register	注册（免费无鉴权服务商）	2026-08-17T14:04:35.2349053Z Downloading addon (UBO): 46%
register	注册（免费无鉴权服务商）	2026-08-17T14:04:35.2349447Z Downloading addon (UBO): 46%
register	注册（免费无鉴权服务商）	2026-08-17T14:04:35.2349765Z Downloading addon (UBO): 46%
register	注册（免费无鉴权服务商）	2026-08-17T14:04:35.2350148Z Downloading addon (UBO): 47%
register	注册（免费无鉴权服务商）	2026-08-17T14:04:35.2350744Z Downloading addon (UBO): 47%
register	注册（免费无鉴权服务商）	2026-08-17T14:04:35.2351059Z Downloading addon (UBO): 47%
register	注册（免费无鉴权服务商）	2026-08-17T14:04:35.2351492Z Downloading addon (UBO): 47%
register	注册（免费无鉴权服务商）	2026-08-17T14:04:35.2351729Z Downloading addon (UBO): 47%
register	注册（免费无鉴权服务商）	2026-08-17T14:04:35.2351955Z Downloading addon (UBO): 47%
register	注册（免费无鉴权服务商）	2026-08-17T14:04:35.2362482Z Downloading addon (UBO): 48%
register	注册（免费无鉴权服务商）	2026-08-17T14:04:35.2362833Z Downloading addon (UBO): 48%
register	注册（免费无鉴权服务商）	2026-08-17T14:04:35.2363250Z Downloading addon (UBO): 48%
register	注册（免费无鉴权服务商）	2026-08-17T14:04:35.2363486Z Downloading addon (UBO): 48%
register	注册（免费无鉴权服务商）	2026-08-17T14:04:35.2365036Z Downloading addon (UBO): 48%
register	注册（免费无鉴权服务商）	2026-08-17T14:04:35.2365439Z Downloading addon (UBO): 48%
register	注册（免费无鉴权服务商）	2026-08-17T14:04:35.2365783Z Downloading addon (UBO): 49%
register	注册（免费无鉴权服务商）	2026-08-17T14:04:35.2366015Z Downloading addon (UBO): 49%
register	注册（免费无鉴权服务商）	2026-08-17T14:04:35.2372828Z Downloading addon (UBO): 49%
register	注册（免费无鉴权服务商）	2026-08-17T14:04:35.2373216Z Downloading addon (UBO): 49%
register	注册（免费无鉴权服务商）	2026-08-17T14:04:35.2373617Z Downloading addon (UBO): 49%
register	注册（免费无鉴权服务商）	2026-08-17T14:04:35.2373886Z Downloading addon (UBO): 50%
register	注册（免费无鉴权服务商）	2026-08-17T14:04:35.2374281Z Downloading addon (UBO): 50%
register	注册（免费无鉴权服务商）	2026-08-17T14:04:35.2374721Z Downloading addon (UBO): 50%
register	注册（免费无鉴权服务商）	2026-08-17T14:04:35.2375090Z Downloading addon (UBO): 50%
register	注册（免费无鉴权服务商）	2026-08-17T14:04:35.2375327Z Downloading addon (UBO): 50%
register	注册（免费无鉴权服务商）	2026-08-17T14:04:35.2375764Z Downloading addon (UBO): 50%
register	注册（免费无鉴权服务商）	2026-08-17T14:04:35.2376081Z Downloading addon (UBO): 51%
register	注册（免费无鉴权服务商）	2026-08-17T14:04:35.2376504Z Downloading addon (UBO): 51%
register	注册（免费无鉴权服务商）	2026-08-17T14:04:35.2376906Z Downloading addon (UBO): 51%
register	注册（免费无鉴权服务商）	2026-08-17T14:04:35.2377266Z Downloading addon (UBO): 51%
register	注册（免费无鉴权服务商）	2026-08-17T14:04:35.2377653Z Downloading addon (UBO): 51%
register	注册（免费无鉴权服务商）	2026-08-17T14:04:35.2378034Z Downloading addon (UBO): 51%
register	注册（免费无鉴权服务商）	2026-08-17T14:04:35.2378339Z Downloading addon (UBO): 52%
register	注册（免费无鉴权服务商）	2026-08-17T14:04:35.2378735Z Downloading addon (UBO): 52%
register	注册（免费无鉴权服务商）	2026-08-17T14:04:35.2379072Z Downloading addon (UBO): 52%
register	注册（免费无鉴权服务商）	2026-08-17T14:04:35.2379488Z Downloading addon (UBO): 52%
register	注册（免费无鉴权服务商）	2026-08-17T14:04:35.2379810Z Downloading addon (UBO): 52%
register	注册（免费无鉴权服务商）	2026-08-17T14:04:35.2380165Z Downloading addon (UBO): 53%
register	注册（免费无鉴权服务商）	2026-08-17T14:04:35.2380623Z Downloading addon (UBO): 53%
register	注册（免费无鉴权服务商）	2026-08-17T14:04:35.2381043Z Downloading addon (UBO): 53%
register	注册（免费无鉴权服务商）	2026-08-17T14:04:35.2381276Z Downloading addon (UBO): 53%
register	注册（免费无鉴权服务商）	2026-08-17T14:04:35.2389667Z Downloading addon (UBO): 53%
register	注册（免费无鉴权服务商）	2026-08-17T14:04:35.2389982Z Downloading addon (UBO): 53%
register	注册（免费无鉴权服务商）	2026-08-17T14:04:35.2391746Z Downloading addon (UBO): 54%
register	注册（免费无鉴权服务商）	2026-08-17T14:04:35.2392059Z Downloading addon (UBO): 54%
register	注册（免费无鉴权服务商）	2026-08-17T14:04:35.2392500Z Downloading addon (UBO): 54%
register	注册（免费无鉴权服务商）	2026-08-17T14:04:35.2392882Z Downloading addon (UBO): 54%
register	注册（免费无鉴权服务商）	2026-08-17T14:04:35.2393282Z Downloading addon (UBO): 54%
register	注册（免费无鉴权服务商）	2026-08-17T14:04:35.2393518Z Downloading addon (UBO): 54%
register	注册（免费无鉴权服务商）	2026-08-17T14:04:35.2393941Z Downloading addon (UBO): 55%
register	注册（免费无鉴权服务商）	2026-08-17T14:04:35.2394222Z Downloading addon (UBO): 55%
register	注册（免费无鉴权服务商）	2026-08-17T14:04:35.2394664Z Downloading addon (UBO): 55%
register	注册（免费无鉴权服务商）	2026-08-17T14:04:35.2395000Z Downloading addon (UBO): 55%
register	注册（免费无鉴权服务商）	2026-08-17T14:04:35.2395588Z Downloading addon (UBO): 55%
register	注册（免费无鉴权服务商）	2026-08-17T14:04:35.2396064Z Downloading addon (UBO): 55%
register	注册（免费无鉴权服务商）	2026-08-17T14:04:35.2396486Z Downloading addon (UBO): 56%
register	注册（免费无鉴权服务商）	2026-08-17T14:04:35.2396909Z Downloading addon (UBO): 56%
register	注册（免费无鉴权服务商）	2026-08-17T14:04:35.2397310Z Downloading addon (UBO): 56%
register	注册（免费无鉴权服务商）	2026-08-17T14:04:35.2397692Z Downloading addon (UBO): 56%
register	注册（免费无鉴权服务商）	2026-08-17T14:04:35.2398106Z Downloading addon (UBO): 56%
register	注册（免费无鉴权服务商）	2026-08-17T14:04:35.2398517Z Downloading addon (UBO): 57%
register	注册（免费无鉴权服务商）	2026-08-17T14:04:35.2398894Z Downloading addon (UBO): 57%
register	注册（免费无鉴权服务商）	2026-08-17T14:04:35.2399373Z Downloading addon (UBO): 57%
register	注册（免费无鉴权服务商）	2026-08-17T14:04:35.2399754Z Downloading addon (UBO): 57%
register	注册（免费无鉴权服务商）	2026-08-17T14:04:35.2400173Z Downloading addon (UBO): 57%
register	注册（免费无鉴权服务商）	2026-08-17T14:04:35.2400720Z Downloading addon (UBO): 57%
register	注册（免费无鉴权服务商）	2026-08-17T14:04:35.2401106Z Downloading addon (UBO): 58%
register	注册（免费无鉴权服务商）	2026-08-17T14:04:35.2401492Z Downloading addon (UBO): 58%
register	注册（免费无鉴权服务商）	2026-08-17T14:04:35.2401897Z Downloading addon (UBO): 58%
register	注册（免费无鉴权服务商）	2026-08-17T14:04:35.2402283Z Downloading addon (UBO): 58%
register	注册（免费无鉴权服务商）	2026-08-17T14:04:35.2402675Z Downloading addon (UBO): 58%
register	注册（免费无鉴权服务商）	2026-08-17T14:04:35.2403064Z Downloading addon (UBO): 58%
register	注册（免费无鉴权服务商）	2026-08-17T14:04:35.2403461Z Downloading addon (UBO): 59%
register	注册（免费无鉴权服务商）	2026-08-17T14:04:35.2403853Z Downloading addon (UBO): 59%
register	注册（免费无鉴权服务商）	2026-08-17T14:04:35.2404246Z Downloading addon (UBO): 59%
register	注册（免费无鉴权服务商）	2026-08-17T14:04:35.2404640Z Downloading addon (UBO): 59%
register	注册（免费无鉴权服务商）	2026-08-17T14:04:35.2405028Z Downloading addon (UBO): 59%
register	注册（免费无鉴权服务商）	2026-08-17T14:04:35.2405421Z Downloading addon (UBO): 60%
register	注册（免费无鉴权服务商）	2026-08-17T14:04:35.2405811Z Downloading addon (UBO): 60%
register	注册（免费无鉴权服务商）	2026-08-17T14:04:35.2406197Z Downloading addon (UBO): 60%
register	注册（免费无鉴权服务商）	2026-08-17T14:04:35.2406588Z Downloading addon (UBO): 60%
register	注册（免费无鉴权服务商）	2026-08-17T14:04:35.2406984Z Downloading addon (UBO): 60%
register	注册（免费无鉴权服务商）	2026-08-17T14:04:35.2407362Z Downloading addon (UBO): 60%
register	注册（免费无鉴权服务商）	2026-08-17T14:04:35.2407643Z Downloading addon (UBO): 61%
register	注册（免费无鉴权服务商）	2026-08-17T14:04:35.2407889Z Downloading addon (UBO): 61%
register	注册（免费无鉴权服务商）	2026-08-17T14:04:35.2408126Z Downloading addon (UBO): 61%
register	注册（免费无鉴权服务商）	2026-08-17T14:04:35.2408420Z Downloading addon (UBO): 61%
register	注册（免费无鉴权服务商）	2026-08-17T14:04:35.2411365Z Downloading addon (UBO): 61%
register	注册（免费无鉴权服务商）	2026-08-17T14:04:35.2412081Z Downloading addon (UBO): 61%
register	注册（免费无鉴权服务商）	2026-08-17T14:04:35.2412488Z Downloading addon (UBO): 62%
register	注册（免费无鉴权服务商）	2026-08-17T14:04:35.2412890Z Downloading addon (UBO): 62%
register	注册（免费无鉴权服务商）	2026-08-17T14:04:35.2413275Z Downloading addon (UBO): 62%
register	注册（免费无鉴权服务商）	2026-08-17T14:04:35.2413679Z Downloading addon (UBO): 62%
register	注册（免费无鉴权服务商）	2026-08-17T14:04:35.2414072Z Downloading addon (UBO): 62%
register	注册（免费无鉴权服务商）	2026-08-17T14:04:35.2414492Z Downloading addon (UBO): 62%
register	注册（免费无鉴权服务商）	2026-08-17T14:04:35.2425268Z Downloading addon (UBO): 63%
register	注册（免费无鉴权服务商）	2026-08-17T14:04:35.2425691Z Downloading addon (UBO): 63%
register	注册（免费无鉴权服务商）	2026-08-17T14:04:35.2427456Z Downloading addon (UBO): 63%
register	注册（免费无鉴权服务商）	2026-08-17T14:04:35.2427794Z Downloading addon (UBO): 63%
register	注册（免费无鉴权服务商）	2026-08-17T14:04:35.2428037Z Downloading addon (UBO): 63%
register	注册（免费无鉴权服务商）	2026-08-17T14:04:35.2428278Z Downloading addon (UBO): 64%
register	注册（免费无鉴权服务商）	2026-08-17T14:04:35.2428513Z Downloading addon (UBO): 64%
register	注册（免费无鉴权服务商）	2026-08-17T14:04:35.2428746Z Downloading addon (UBO): 64%
register	注册（免费无鉴权服务商）	2026-08-17T14:04:35.2456755Z Downloading addon (UBO): 64%
register	注册（免费无鉴权服务商）	2026-08-17T14:04:35.2457564Z Downloading addon (UBO): 64%
register	注册（免费无鉴权服务商）	2026-08-17T14:04:35.2457943Z Downloading addon (UBO): 64%
register	注册（免费无鉴权服务商）	2026-08-17T14:04:35.2458335Z Downloading addon (UBO): 65%
register	注册（免费无鉴权服务商）	2026-08-17T14:04:35.2458709Z Downloading addon (UBO): 65%
register	注册（免费无鉴权服务商）	2026-08-17T14:04:35.2459067Z Downloading addon (UBO): 65%
register	注册（免费无鉴权服务商）	2026-08-17T14:04:35.2459429Z Downloading addon (UBO): 65%
register	注册（免费无鉴权服务商）	2026-08-17T14:04:35.2460018Z Downloading addon (UBO): 65%
register	注册（免费无鉴权服务商）	2026-08-17T14:04:35.2460554Z Downloading addon (UBO): 65%
register	注册（免费无鉴权服务商）	2026-08-17T14:04:35.2460930Z Downloading addon (UBO): 66%
register	注册（免费无鉴权服务商）	2026-08-17T14:04:35.2461298Z Downloading addon (UBO): 66%
register	注册（免费无鉴权服务商）	2026-08-17T14:04:35.2461658Z Downloading addon (UBO): 66%
register	注册（免费无鉴权服务商）	2026-08-17T14:04:35.2462022Z Downloading addon (UBO): 66%
register	注册（免费无鉴权服务商）	2026-08-17T14:04:35.2462389Z Downloading addon (UBO): 66%
register	注册（免费无鉴权服务商）	2026-08-17T14:04:35.2475864Z Downloading addon (UBO): 67%
register	注册（免费无鉴权服务商）	2026-08-17T14:04:35.2476260Z Downloading addon (UBO): 67%
register	注册（免费无鉴权服务商）	2026-08-17T14:04:35.2476644Z Downloading addon (UBO): 67%
register	注册（免费无鉴权服务商）	2026-08-17T14:04:35.2477006Z Downloading addon (UBO): 67%
register	注册（免费无鉴权服务商）	2026-08-17T14:04:35.2477365Z Downloading addon (UBO): 67%
register	注册（免费无鉴权服务商）	2026-08-17T14:04:35.2477721Z Downloading addon (UBO): 67%
register	注册（免费无鉴权服务商）	2026-08-17T14:04:35.2478093Z Downloading addon (UBO): 68%
register	注册（免费无鉴权服务商）	2026-08-17T14:04:35.2478457Z Downloading addon (UBO): 68%
register	注册（免费无鉴权服务商）	2026-08-17T14:04:35.2493917Z Downloading addon (UBO): 68%
register	注册（免费无鉴权服务商）	2026-08-17T14:04:35.2494298Z Downloading addon (UBO): 68%
register	注册（免费无鉴权服务商）	2026-08-17T14:04:35.2495448Z Downloading addon (UBO): 68%
register	注册（免费无鉴权服务商）	2026-08-17T14:04:35.2495842Z Downloading addon (UBO): 68%
register	注册（免费无鉴权服务商）	2026-08-17T14:04:35.2496221Z Downloading addon (UBO): 69%
register	注册（免费无鉴权服务商）	2026-08-17T14:04:35.2496595Z Downloading addon (UBO): 69%
register	注册（免费无鉴权服务商）	2026-08-17T14:04:35.2496960Z Downloading addon (UBO): 69%
register	注册（免费无鉴权服务商）	2026-08-17T14:04:35.2497326Z Downloading addon (UBO): 69%
register	注册（免费无鉴权服务商）	2026-08-17T14:04:35.2497683Z Downloading addon (UBO): 69%
register	注册（免费无鉴权服务商）	2026-08-17T14:04:35.2498038Z Downloading addon (UBO): 70%
register	注册（免费无鉴权服务商）	2026-08-17T14:04:35.2498397Z Downloading addon (UBO): 70%
register	注册（免费无鉴权服务商）	2026-08-17T14:04:35.2498770Z Downloading addon (UBO): 70%
register	注册（免费无鉴权服务商）	2026-08-17T14:04:35.2499124Z Downloading addon (UBO): 70%
register	注册（免费无鉴权服务商）	2026-08-17T14:04:35.2499479Z Downloading addon (UBO): 70%
register	注册（免费无鉴权服务商）	2026-08-17T14:04:35.2499847Z Downloading addon (UBO): 70%
register	注册（免费无鉴权服务商）	2026-08-17T14:04:35.2500094Z Downloading addon (UBO): 71%
register	注册（免费无鉴权服务商）	2026-08-17T14:04:35.2505219Z Downloading addon (UBO): 71%
register	注册（免费无鉴权服务商）	2026-08-17T14:04:35.2505766Z Downloading addon (UBO): 71%
register	注册（免费无鉴权服务商）	2026-08-17T14:04:35.2506127Z Downloading addon (UBO): 71%
register	注册（免费无鉴权服务商）	2026-08-17T14:04:35.2506488Z Downloading addon (UBO): 71%
register	注册（免费无鉴权服务商）	2026-08-17T14:04:35.2506864Z Downloading addon (UBO): 71%
register	注册（免费无鉴权服务商）	2026-08-17T14:04:35.2507226Z Downloading addon (UBO): 72%
register	注册（免费无鉴权服务商）	2026-08-17T14:04:35.2507597Z Downloading addon (UBO): 72%
register	注册（免费无鉴权服务商）	2026-08-17T14:04:35.2507953Z Downloading addon (UBO): 72%
register	注册（免费无鉴权服务商）	2026-08-17T14:04:35.2510070Z Downloading addon (UBO): 72%
register	注册（免费无鉴权服务商）	2026-08-17T14:04:35.2510580Z Downloading addon (UBO): 72%
register	注册（免费无鉴权服务商）	2026-08-17T14:04:35.2510942Z Downloading addon (UBO): 72%
register	注册（免费无鉴权服务商）	2026-08-17T14:04:35.2511302Z Downloading addon (UBO): 73%
register	注册（免费无鉴权服务商）	2026-08-17T14:04:35.2511660Z Downloading addon (UBO): 73%
register	注册（免费无鉴权服务商）	2026-08-17T14:04:35.2512034Z Downloading addon (UBO): 73%
register	注册（免费无鉴权服务商）	2026-08-17T14:04:35.2512396Z Downloading addon (UBO): 73%
register	注册（免费无鉴权服务商）	2026-08-17T14:04:35.2512746Z Downloading addon (UBO): 73%
register	注册（免费无鉴权服务商）	2026-08-17T14:04:35.2522520Z Downloading addon (UBO): 74%
register	注册（免费无鉴权服务商）	2026-08-17T14:04:35.2522891Z Downloading addon (UBO): 74%
register	注册（免费无鉴权服务商）	2026-08-17T14:04:35.2523472Z Downloading addon (UBO): 74%
register	注册（免费无鉴权服务商）	2026-08-17T14:04:35.2523834Z Downloading addon (UBO): 74%
register	注册（免费无鉴权服务商）	2026-08-17T14:04:35.2524192Z Downloading addon (UBO): 74%
register	注册（免费无鉴权服务商）	2026-08-17T14:04:35.2524557Z Downloading addon (UBO): 74%
register	注册（免费无鉴权服务商）	2026-08-17T14:04:35.2524945Z Downloading addon (UBO): 75%
register	注册（免费无鉴权服务商）	2026-08-17T14:04:35.2525300Z Downloading addon (UBO): 75%
register	注册（免费无鉴权服务商）	2026-08-17T14:04:35.2525666Z Downloading addon (UBO): 75%
register	注册（免费无鉴权服务商）	2026-08-17T14:04:35.2526043Z Downloading addon (UBO): 75%
register	注册（免费无鉴权服务商）	2026-08-17T14:04:35.2526413Z Downloading addon (UBO): 75%
register	注册（免费无鉴权服务商）	2026-08-17T14:04:35.2526779Z Downloading addon (UBO): 75%
register	注册（免费无鉴权服务商）	2026-08-17T14:04:35.2527137Z Downloading addon (UBO): 76%
register	注册（免费无鉴权服务商）	2026-08-17T14:04:35.2527490Z Downloading addon (UBO): 76%
register	注册（免费无鉴权服务商）	2026-08-17T14:04:35.2527850Z Downloading addon (UBO): 76%
register	注册（免费无鉴权服务商）	2026-08-17T14:04:35.2528202Z Downloading addon (UBO): 76%
register	注册（免费无鉴权服务商）	2026-08-17T14:04:35.2528583Z Downloading addon (UBO): 76%
register	注册（免费无鉴权服务商）	2026-08-17T14:04:35.2528952Z Downloading addon (UBO): 77%
register	注册（免费无鉴权服务商）	2026-08-17T14:04:35.2529313Z Downloading addon (UBO): 77%
register	注册（免费无鉴权服务商）	2026-08-17T14:04:35.2529662Z Downloading addon (UBO): 77%
register	注册（免费无鉴权服务商）	2026-08-17T14:04:35.2530095Z Downloading addon (UBO): 77%
register	注册（免费无鉴权服务商）	2026-08-17T14:04:35.2530604Z Downloading addon (UBO): 77%
register	注册（免费无鉴权服务商）	2026-08-17T14:04:35.2530955Z Downloading addon (UBO): 77%
register	注册（免费无鉴权服务商）	2026-08-17T14:04:35.2531321Z Downloading addon (UBO): 78%
register	注册（免费无鉴权服务商）	2026-08-17T14:04:35.2531902Z Downloading addon (UBO): 78%
register	注册（免费无鉴权服务商）	2026-08-17T14:04:35.2532262Z Downloading addon (UBO): 78%
register	注册（免费无鉴权服务商）	2026-08-17T14:04:35.2532627Z Downloading addon (UBO): 78%
register	注册（免费无鉴权服务商）	2026-08-17T14:04:35.2532988Z Downloading addon (UBO): 78%
register	注册（免费无鉴权服务商）	2026-08-17T14:04:35.2533315Z Downloading addon (UBO): 78%
register	注册（免费无鉴权服务商）	2026-08-17T14:04:35.2533550Z Downloading addon (UBO): 79%
register	注册（免费无鉴权服务商）	2026-08-17T14:04:35.2536229Z Downloading addon (UBO): 79%
register	注册（免费无鉴权服务商）	2026-08-17T14:04:35.2536608Z Downloading addon (UBO): 79%
register	注册（免费无鉴权服务商）	2026-08-17T14:04:35.2538536Z Downloading addon (UBO): 79%
register	注册（免费无鉴权服务商）	2026-08-17T14:04:35.2538903Z Downloading addon (UBO): 79%
register	注册（免费无鉴权服务商）	2026-08-17T14:04:35.2539266Z Downloading addon (UBO): 79%
register	注册（免费无鉴权服务商）	2026-08-17T14:04:35.2539621Z Downloading addon (UBO): 80%
register	注册（免费无鉴权服务商）	2026-08-17T14:04:35.2539989Z Downloading addon (UBO): 80%
register	注册（免费无鉴权服务商）	2026-08-17T14:04:35.2540498Z Downloading addon (UBO): 80%
register	注册（免费无鉴权服务商）	2026-08-17T14:04:35.2540859Z Downloading addon (UBO): 80%
register	注册（免费无鉴权服务商）	2026-08-17T14:04:35.2541233Z Downloading addon (UBO): 80%
register	注册（免费无鉴权服务商）	2026-08-17T14:04:35.2541608Z Downloading addon (UBO): 81%
register	注册（免费无鉴权服务商）	2026-08-17T14:04:35.2541981Z Downloading addon (UBO): 81%
register	注册（免费无鉴权服务商）	2026-08-17T14:04:35.2542337Z Downloading addon (UBO): 81%
register	注册（免费无鉴权服务商）	2026-08-17T14:04:35.2542702Z Downloading addon (UBO): 81%
register	注册（免费无鉴权服务商）	2026-08-17T14:04:35.2543077Z Downloading addon (UBO): 81%
register	注册（免费无鉴权服务商）	2026-08-17T14:04:35.2543433Z Downloading addon (UBO): 81%
register	注册（免费无鉴权服务商）	2026-08-17T14:04:35.2543793Z Downloading addon (UBO): 82%
register	注册（免费无鉴权服务商）	2026-08-17T14:04:35.2544148Z Downloading addon (UBO): 82%
register	注册（免费无鉴权服务商）	2026-08-17T14:04:35.2544509Z Downloading addon (UBO): 82%
register	注册（免费无鉴权服务商）	2026-08-17T14:04:35.2544872Z Downloading addon (UBO): 82%
register	注册（免费无鉴权服务商）	2026-08-17T14:04:35.2545281Z Downloading addon (UBO): 82%
register	注册（免费无鉴权服务商）	2026-08-17T14:04:35.2545644Z Downloading addon (UBO): 82%
register	注册（免费无鉴权服务商）	2026-08-17T14:04:35.2545880Z Downloading addon (UBO): 83%
register	注册（免费无鉴权服务商）	2026-08-17T14:04:35.2546125Z Downloading addon (UBO): 83%
register	注册（免费无鉴权服务商）	2026-08-17T14:04:35.2553877Z Downloading addon (UBO): 83%
register	注册（免费无鉴权服务商）	2026-08-17T14:04:35.2554258Z Downloading addon (UBO): 83%
register	注册（免费无鉴权服务商）	2026-08-17T14:04:35.2555511Z Downloading addon (UBO): 83%
register	注册（免费无鉴权服务商）	2026-08-17T14:04:35.2555883Z Downloading addon (UBO): 84%
register	注册（免费无鉴权服务商）	2026-08-17T14:04:35.2556243Z Downloading addon (UBO): 84%
register	注册（免费无鉴权服务商）	2026-08-17T14:04:35.2556620Z Downloading addon (UBO): 84%
register	注册（免费无鉴权服务商）	2026-08-17T14:04:35.2556978Z Downloading addon (UBO): 84%
register	注册（免费无鉴权服务商）	2026-08-17T14:04:35.2557334Z Downloading addon (UBO): 84%
register	注册（免费无鉴权服务商）	2026-08-17T14:04:35.2587588Z Downloading addon (UBO): 84%
register	注册（免费无鉴权服务商）	2026-08-17T14:04:35.2588003Z Downloading addon (UBO): 85%
register	注册（免费无鉴权服务商）	2026-08-17T14:04:35.2588503Z Downloading addon (UBO): 85%
register	注册（免费无鉴权服务商）	2026-08-17T14:04:35.2588877Z Downloading addon (UBO): 85%
register	注册（免费无鉴权服务商）	2026-08-17T14:04:35.2589248Z Downloading addon (UBO): 85%
register	注册（免费无鉴权服务商）	2026-08-17T14:04:35.2589606Z Downloading addon (UBO): 85%
register	注册（免费无鉴权服务商）	2026-08-17T14:04:35.2589974Z Downloading addon (UBO): 85%
register	注册（免费无鉴权服务商）	2026-08-17T14:04:35.2590493Z Downloading addon (UBO): 86%
register	注册（免费无鉴权服务商）	2026-08-17T14:04:35.2590864Z Downloading addon (UBO): 86%
register	注册（免费无鉴权服务商）	2026-08-17T14:04:35.2591243Z Downloading addon (UBO): 86%
register	注册（免费无鉴权服务商）	2026-08-17T14:04:35.2591819Z Downloading addon (UBO): 86%
register	注册（免费无鉴权服务商）	2026-08-17T14:04:35.2592173Z Downloading addon (UBO): 86%
register	注册（免费无鉴权服务商）	2026-08-17T14:04:35.2592533Z Downloading addon (UBO): 86%
register	注册（免费无鉴权服务商）	2026-08-17T14:04:35.2592902Z Downloading addon (UBO): 87%
register	注册（免费无鉴权服务商）	2026-08-17T14:04:35.2593258Z Downloading addon (UBO): 87%
register	注册（免费无鉴权服务商）	2026-08-17T14:04:35.2593597Z Downloading addon (UBO): 87%
register	注册（免费无鉴权服务商）	2026-08-17T14:04:35.2606811Z Downloading addon (UBO): 87%
register	注册（免费无鉴权服务商）	2026-08-17T14:04:35.2607191Z Downloading addon (UBO): 87%
register	注册（免费无鉴权服务商）	2026-08-17T14:04:35.2608834Z Downloading addon (UBO): 88%
register	注册（免费无鉴权服务商）	2026-08-17T14:04:35.2609199Z Downloading addon (UBO): 88%
register	注册（免费无鉴权服务商）	2026-08-17T14:04:35.2609558Z Downloading addon (UBO): 88%
register	注册（免费无鉴权服务商）	2026-08-17T14:04:35.2609920Z Downloading addon (UBO): 88%
register	注册（免费无鉴权服务商）	2026-08-17T14:04:35.2610434Z Downloading addon (UBO): 88%
register	注册（免费无鉴权服务商）	2026-08-17T14:04:35.2610938Z Downloading addon (UBO): 88%
register	注册（免费无鉴权服务商）	2026-08-17T14:04:35.2611301Z Downloading addon (UBO): 89%
register	注册（免费无鉴权服务商）	2026-08-17T14:04:35.2611656Z Downloading addon (UBO): 89%
register	注册（免费无鉴权服务商）	2026-08-17T14:04:35.2612032Z Downloading addon (UBO): 89%
register	注册（免费无鉴权服务商）	2026-08-17T14:04:35.2612505Z Downloading addon (UBO): 89%
register	注册（免费无鉴权服务商）	2026-08-17T14:04:35.2612873Z Downloading addon (UBO): 89%
register	注册（免费无鉴权服务商）	2026-08-17T14:04:35.2613237Z Downloading addon (UBO): 89%
register	注册（免费无鉴权服务商）	2026-08-17T14:04:35.2613607Z Downloading addon (UBO): 90%
register	注册（免费无鉴权服务商）	2026-08-17T14:04:35.2613963Z Downloading addon (UBO): 90%
register	注册（免费无鉴权服务商）	2026-08-17T14:04:35.2614515Z Downloading addon (UBO): 90%
register	注册（免费无鉴权服务商）	2026-08-17T14:04:35.2614873Z Downloading addon (UBO): 90%
register	注册（免费无鉴权服务商）	2026-08-17T14:04:35.2615241Z Downloading addon (UBO): 90%
register	注册（免费无鉴权服务商）	2026-08-17T14:04:35.2615599Z Downloading addon (UBO): 91%
register	注册（免费无鉴权服务商）	2026-08-17T14:04:35.2615956Z Downloading addon (UBO): 91%
register	注册（免费无鉴权服务商）	2026-08-17T14:04:35.2616308Z Downloading addon (UBO): 91%
register	注册（免费无鉴权服务商）	2026-08-17T14:04:35.2616664Z Downloading addon (UBO): 91%
register	注册（免费无鉴权服务商）	2026-08-17T14:04:35.2617031Z Downloading addon (UBO): 91%
register	注册（免费无鉴权服务商）	2026-08-17T14:04:35.2617388Z Downloading addon (UBO): 91%
register	注册（免费无鉴权服务商）	2026-08-17T14:04:35.2617703Z Downloading addon (UBO): 92%
register	注册（免费无鉴权服务商）	2026-08-17T14:04:35.2617932Z Downloading addon (UBO): 92%
register	注册（免费无鉴权服务商）	2026-08-17T14:04:35.2618167Z Downloading addon (UBO): 92%
register	注册（免费无鉴权服务商）	2026-08-17T14:04:35.2618399Z Downloading addon (UBO): 92%
register	注册（免费无鉴权服务商）	2026-08-17T14:04:35.2618631Z Downloading addon (UBO): 92%
register	注册（免费无鉴权服务商）	2026-08-17T14:04:35.2625774Z Downloading addon (UBO): 92%
register	注册（免费无鉴权服务商）	2026-08-17T14:04:35.2626144Z Downloading addon (UBO): 93%
register	注册（免费无鉴权服务商）	2026-08-17T14:04:35.2626514Z Downloading addon (UBO): 93%
register	注册（免费无鉴权服务商）	2026-08-17T14:04:35.2626876Z Downloading addon (UBO): 93%
register	注册（免费无鉴权服务商）	2026-08-17T14:04:35.2627254Z Downloading addon (UBO): 93%
register	注册（免费无鉴权服务商）	2026-08-17T14:04:35.2627634Z Downloading addon (UBO): 93%
register	注册（免费无鉴权服务商）	2026-08-17T14:04:35.2628519Z Downloading addon (UBO): 93%
register	注册（免费无鉴权服务商）	2026-08-17T14:04:35.2628928Z Downloading addon (UBO): 94%
register	注册（免费无鉴权服务商）	2026-08-17T14:04:35.2629299Z Downloading addon (UBO): 94%
register	注册（免费无鉴权服务商）	2026-08-17T14:04:35.2629669Z Downloading addon (UBO): 94%
register	注册（免费无鉴权服务商）	2026-08-17T14:04:35.2630021Z Downloading addon (UBO): 94%
register	注册（免费无鉴权服务商）	2026-08-17T14:04:35.2630860Z Downloading addon (UBO): 94%
register	注册（免费无鉴权服务商）	2026-08-17T14:04:35.2631228Z Downloading addon (UBO): 95%
register	注册（免费无鉴权服务商）	2026-08-17T14:04:35.2631716Z Downloading addon (UBO): 95%
register	注册（免费无鉴权服务商）	2026-08-17T14:04:35.2632078Z Downloading addon (UBO): 95%
register	注册（免费无鉴权服务商）	2026-08-17T14:04:35.2632436Z Downloading addon (UBO): 95%
register	注册（免费无鉴权服务商）	2026-08-17T14:04:35.2632801Z Downloading addon (UBO): 95%
register	注册（免费无鉴权服务商）	2026-08-17T14:04:35.2633175Z Downloading addon (UBO): 95%
register	注册（免费无鉴权服务商）	2026-08-17T14:04:35.2634134Z Downloading addon (UBO): 96%
register	注册（免费无鉴权服务商）	2026-08-17T14:04:35.2634492Z Downloading addon (UBO): 96%
register	注册（免费无鉴权服务商）	2026-08-17T14:04:35.2634843Z Downloading addon (UBO): 96%
register	注册（免费无鉴权服务商）	2026-08-17T14:04:35.2635206Z Downloading addon (UBO): 96%
register	注册（免费无鉴权服务商）	2026-08-17T14:04:35.2635582Z Downloading addon (UBO): 96%
register	注册（免费无鉴权服务商）	2026-08-17T14:04:35.2635943Z Downloading addon (UBO): 96%
register	注册（免费无鉴权服务商）	2026-08-17T14:04:35.2636302Z Downloading addon (UBO): 97%
register	注册（免费无鉴权服务商）	2026-08-17T14:04:35.2636660Z Downloading addon (UBO): 97%
register	注册（免费无鉴权服务商）	2026-08-17T14:04:35.2637014Z Downloading addon (UBO): 97%
register	注册（免费无鉴权服务商）	2026-08-17T14:04:35.2637382Z Downloading addon (UBO): 97%
register	注册（免费无鉴权服务商）	2026-08-17T14:04:35.2637738Z Downloading addon (UBO): 97%
register	注册（免费无鉴权服务商）	2026-08-17T14:04:35.2638101Z Downloading addon (UBO): 98%
register	注册（免费无鉴权服务商）	2026-08-17T14:04:35.2638459Z Downloading addon (UBO): 98%
register	注册（免费无鉴权服务商）	2026-08-17T14:04:35.2638820Z Downloading addon (UBO): 98%
register	注册（免费无鉴权服务商）	2026-08-17T14:04:35.2639174Z Downloading addon (UBO): 98%
register	注册（免费无鉴权服务商）	2026-08-17T14:04:35.2639532Z Downloading addon (UBO): 98%
register	注册（免费无鉴权服务商）	2026-08-17T14:04:35.2639887Z Downloading addon (UBO): 98%
register	注册（免费无鉴权服务商）	2026-08-17T14:04:35.2640603Z Downloading addon (UBO): 99%
register	注册（免费无鉴权服务商）	2026-08-17T14:04:35.2640961Z Downloading addon (UBO): 99%
register	注册（免费无鉴权服务商）	2026-08-17T14:04:35.2641191Z Downloading addon (UBO): 99%
register	注册（免费无鉴权服务商）	2026-08-17T14:04:35.2641422Z Downloading addon (UBO): 99%
register	注册（免费无鉴权服务商）	2026-08-17T14:04:35.2641663Z Downloading addon (UBO): 99%
register	注册（免费无鉴权服务商）	2026-08-17T14:04:35.2641898Z Downloading addon (UBO): 99%
register	注册（免费无鉴权服务商）	2026-08-17T14:04:35.2642131Z Downloading addon (UBO): 100%
register	注册（免费无鉴权服务商）	2026-08-17T14:04:35.2642381Z Downloading addon (UBO): 100%
register	注册（免费无鉴权服务商）	2026-08-17T14:04:35.2642618Z Downloading addon (UBO): 100%
register	注册（免费无鉴权服务商）	2026-08-17T14:04:35.2678642Z Downloading addon (UBO): 100%
register	注册（免费无鉴权服务商）	2026-08-17T14:04:35.2679034Z Downloading addon (UBO): Complete
register	注册（免费无鉴权服务商）	2026-08-17T14:04:35.2679295Z 
register	注册（免费无鉴权服务商）	2026-08-17T14:04:35.2680158Z Extracting addon (UBO): 0%
register	注册（免费无鉴权服务商）	2026-08-17T14:04:35.2681604Z Extracting addon (UBO): 0%
register	注册（免费无鉴权服务商）	2026-08-17T14:04:35.2682790Z Extracting addon (UBO): 0%
register	注册（免费无鉴权服务商）	2026-08-17T14:04:35.2684065Z Extracting addon (UBO): 1%
register	注册（免费无鉴权服务商）	2026-08-17T14:04:35.2685297Z Extracting addon (UBO): 1%
register	注册（免费无鉴权服务商）	2026-08-17T14:04:35.2686311Z Extracting addon (UBO): 1%
register	注册（免费无鉴权服务商）	2026-08-17T14:04:35.2687564Z Extracting addon (UBO): 1%
register	注册（免费无鉴权服务商）	2026-08-17T14:04:35.2688734Z Extracting addon (UBO): 1%
register	注册（免费无鉴权服务商）	2026-08-17T14:04:35.2691939Z Extracting addon (UBO): 1%
register	注册（免费无鉴权服务商）	2026-08-17T14:04:35.2693373Z Extracting addon (UBO): 2%
register	注册（免费无鉴权服务商）	2026-08-17T14:04:35.2694430Z Extracting addon (UBO): 2%
register	注册（免费无鉴权服务商）	2026-08-17T14:04:35.2695482Z Extracting addon (UBO): 2%
register	注册（免费无鉴权服务商）	2026-08-17T14:04:35.2696557Z Extracting addon (UBO): 2%
register	注册（免费无鉴权服务商）	2026-08-17T14:04:35.2697502Z Extracting addon (UBO): 2%
register	注册（免费无鉴权服务商）	2026-08-17T14:04:35.2698621Z Extracting addon (UBO): 2%
register	注册（免费无鉴权服务商）	2026-08-17T14:04:35.2699681Z Extracting addon (UBO): 2%
register	注册（免费无鉴权服务商）	2026-08-17T14:04:35.2700806Z Extracting addon (UBO): 3%
register	注册（免费无鉴权服务商）	2026-08-17T14:04:35.2702087Z Extracting addon (UBO): 3%
register	注册（免费无鉴权服务商）	2026-08-17T14:04:35.2703298Z Extracting addon (UBO): 3%
register	注册（免费无鉴权服务商）	2026-08-17T14:04:35.2704479Z Extracting addon (UBO): 3%
register	注册（免费无鉴权服务商）	2026-08-17T14:04:35.2705525Z Extracting addon (UBO): 3%
register	注册（免费无鉴权服务商）	2026-08-17T14:04:35.2709529Z Extracting addon (UBO): 3%
register	注册（免费无鉴权服务商）	2026-08-17T14:04:35.2713082Z Extracting addon (UBO): 3%
register	注册（免费无鉴权服务商）	2026-08-17T14:04:35.2716288Z Extracting addon (UBO): 4%
register	注册（免费无鉴权服务商）	2026-08-17T14:04:35.2719546Z Extracting addon (UBO): 4%
register	注册（免费无鉴权服务商）	2026-08-17T14:04:35.2723104Z Extracting addon (UBO): 4%
register	注册（免费无鉴权服务商）	2026-08-17T14:04:35.2726239Z Extracting addon (UBO): 4%
register	注册（免费无鉴权服务商）	2026-08-17T14:04:35.2729419Z Extracting addon (UBO): 4%
register	注册（免费无鉴权服务商）	2026-08-17T14:04:35.2732814Z Extracting addon (UBO): 4%
register	注册（免费无鉴权服务商）	2026-08-17T14:04:35.2736005Z Extracting addon (UBO): 5%
register	注册（免费无鉴权服务商）	2026-08-17T14:04:35.2739691Z Extracting addon (UBO): 5%
register	注册（免费无鉴权服务商）	2026-08-17T14:04:35.2743204Z Extracting addon (UBO): 5%
register	注册（免费无鉴权服务商）	2026-08-17T14:04:35.2746678Z Extracting addon (UBO): 5%
register	注册（免费无鉴权服务商）	2026-08-17T14:04:35.2750096Z Extracting addon (UBO): 5%
register	注册（免费无鉴权服务商）	2026-08-17T14:04:35.2753561Z Extracting addon (UBO): 5%
register	注册（免费无鉴权服务商）	2026-08-17T14:04:35.2756737Z Extracting addon (UBO): 5%
register	注册（免费无鉴权服务商）	2026-08-17T14:04:35.2759911Z Extracting addon (UBO): 6%
register	注册（免费无鉴权服务商）	2026-08-17T14:04:35.2763443Z Extracting addon (UBO): 6%
register	注册（免费无鉴权服务商）	2026-08-17T14:04:35.2766890Z Extracting addon (UBO): 6%
register	注册（免费无鉴权服务商）	2026-08-17T14:04:35.2770325Z Extracting addon (UBO): 6%
register	注册（免费无鉴权服务商）	2026-08-17T14:04:35.2773736Z Extracting addon (UBO): 6%
register	注册（免费无鉴权服务商）	2026-08-17T14:04:35.2777093Z Extracting addon (UBO): 6%
register	注册（免费无鉴权服务商）	2026-08-17T14:04:35.2780131Z Extracting addon (UBO): 7%
register	注册（免费无鉴权服务商）	2026-08-17T14:04:35.2783598Z Extracting addon (UBO): 7%
register	注册（免费无鉴权服务商）	2026-08-17T14:04:35.2786773Z Extracting addon (UBO): 7%
register	注册（免费无鉴权服务商）	2026-08-17T14:04:35.2789965Z Extracting addon (UBO): 7%
register	注册（免费无鉴权服务商）	2026-08-17T14:04:35.2793214Z Extracting addon (UBO): 7%
register	注册（免费无鉴权服务商）	2026-08-17T14:04:35.2796362Z Extracting addon (UBO): 7%
register	注册（免费无鉴权服务商）	2026-08-17T14:04:35.2799630Z Extracting addon (UBO): 7%
register	注册（免费无鉴权服务商）	2026-08-17T14:04:35.2803049Z Extracting addon (UBO): 8%
register	注册（免费无鉴权服务商）	2026-08-17T14:04:35.2806398Z Extracting addon (UBO): 8%
register	注册（免费无鉴权服务商）	2026-08-17T14:04:35.2809731Z Extracting addon (UBO): 8%
register	注册（免费无鉴权服务商）	2026-08-17T14:04:35.2813578Z Extracting addon (UBO): 8%
register	注册（免费无鉴权服务商）	2026-08-17T14:04:35.2817125Z Extracting addon (UBO): 8%
register	注册（免费无鉴权服务商）	2026-08-17T14:04:35.2820707Z Extracting addon (UBO): 8%
register	注册（免费无鉴权服务商）	2026-08-17T14:04:35.2824357Z Extracting addon (UBO): 9%
register	注册（免费无鉴权服务商）	2026-08-17T14:04:35.2828394Z Extracting addon (UBO): 9%
register	注册（免费无鉴权服务商）	2026-08-17T14:04:35.2832212Z Extracting addon (UBO): 9%
register	注册（免费无鉴权服务商）	2026-08-17T14:04:35.2835414Z Extracting addon (UBO): 9%
register	注册（免费无鉴权服务商）	2026-08-17T14:04:35.2838584Z Extracting addon (UBO): 9%
register	注册（免费无鉴权服务商）	2026-08-17T14:04:35.2841855Z Extracting addon (UBO): 9%
register	注册（免费无鉴权服务商）	2026-08-17T14:04:35.2845022Z Extracting addon (UBO): 9%
register	注册（免费无鉴权服务商）	2026-08-17T14:04:35.2848151Z Extracting addon (UBO): 10%
register	注册（免费无鉴权服务商）	2026-08-17T14:04:35.2851703Z Extracting addon (UBO): 10%
register	注册（免费无鉴权服务商）	2026-08-17T14:04:35.2854846Z Extracting addon (UBO): 10%
register	注册（免费无鉴权服务商）	2026-08-17T14:04:35.2857873Z Extracting addon (UBO): 10%
register	注册（免费无鉴权服务商）	2026-08-17T14:04:35.2861143Z Extracting addon (UBO): 10%
register	注册（免费无鉴权服务商）	2026-08-17T14:04:35.2864344Z Extracting addon (UBO): 10%
register	注册（免费无鉴权服务商）	2026-08-17T14:04:35.2867650Z Extracting addon (UBO): 10%
register	注册（免费无鉴权服务商）	2026-08-17T14:04:35.2870783Z Extracting addon (UBO): 11%
register	注册（免费无鉴权服务商）	2026-08-17T14:04:35.2874038Z Extracting addon (UBO): 11%
register	注册（免费无鉴权服务商）	2026-08-17T14:04:35.2877122Z Extracting addon (UBO): 11%
register	注册（免费无鉴权服务商）	2026-08-17T14:04:35.2880428Z Extracting addon (UBO): 11%
register	注册（免费无鉴权服务商）	2026-08-17T14:04:35.2883620Z Extracting addon (UBO): 11%
register	注册（免费无鉴权服务商）	2026-08-17T14:04:35.2886891Z Extracting addon (UBO): 11%
register	注册（免费无鉴权服务商）	2026-08-17T14:04:35.2890036Z Extracting addon (UBO): 12%
register	注册（免费无鉴权服务商）	2026-08-17T14:04:35.2893516Z Extracting addon (UBO): 12%
register	注册（免费无鉴权服务商）	2026-08-17T14:04:35.2896871Z Extracting addon (UBO): 12%
register	注册（免费无鉴权服务商）	2026-08-17T14:04:35.2900423Z Extracting addon (UBO): 12%
register	注册（免费无鉴权服务商）	2026-08-17T14:04:35.2903650Z Extracting addon (UBO): 12%
register	注册（免费无鉴权服务商）	2026-08-17T14:04:35.2907037Z Extracting addon (UBO): 12%
register	注册（免费无鉴权服务商）	2026-08-17T14:04:35.2910631Z Extracting addon (UBO): 12%
register	注册（免费无鉴权服务商）	2026-08-17T14:04:35.2913879Z Extracting addon (UBO): 13%
register	注册（免费无鉴权服务商）	2026-08-17T14:04:35.2917445Z Extracting addon (UBO): 13%
register	注册（免费无鉴权服务商）	2026-08-17T14:04:35.2920708Z Extracting addon (UBO): 13%
register	注册（免费无鉴权服务商）	2026-08-17T14:04:35.2924328Z Extracting addon (UBO): 13%
register	注册（免费无鉴权服务商）	2026-08-17T14:04:35.2927707Z Extracting addon (UBO): 13%
register	注册（免费无鉴权服务商）	2026-08-17T14:04:35.2931239Z Extracting addon (UBO): 13%
register	注册（免费无鉴权服务商）	2026-08-17T14:04:35.2934453Z Extracting addon (UBO): 14%
register	注册（免费无鉴权服务商）	2026-08-17T14:04:35.2937663Z Extracting addon (UBO): 14%
register	注册（免费无鉴权服务商）	2026-08-17T14:04:35.2940768Z Extracting addon (UBO): 14%
register	注册（免费无鉴权服务商）	2026-08-17T14:04:35.2944014Z Extracting addon (UBO): 14%
register	注册（免费无鉴权服务商）	2026-08-17T14:04:35.2947374Z Extracting addon (UBO): 14%
register	注册（免费无鉴权服务商）	2026-08-17T14:04:35.2948852Z Extracting addon (UBO): 14%
register	注册（免费无鉴权服务商）	2026-08-17T14:04:35.2949839Z Extracting addon (UBO): 14%
register	注册（免费无鉴权服务商）	2026-08-17T14:04:35.2951111Z Extracting addon (UBO): 15%
register	注册（免费无鉴权服务商）	2026-08-17T14:04:35.2952078Z Extracting addon (UBO): 15%
register	注册（免费无鉴权服务商）	2026-08-17T14:04:35.2953049Z Extracting addon (UBO): 15%
register	注册（免费无鉴权服务商）	2026-08-17T14:04:35.2954222Z Extracting addon (UBO): 15%
register	注册（免费无鉴权服务商）	2026-08-17T14:04:35.2955202Z Extracting addon (UBO): 15%
register	注册（免费无鉴权服务商）	2026-08-17T14:04:35.2956262Z Extracting addon (UBO): 15%
register	注册（免费无鉴权服务商）	2026-08-17T14:04:35.2957181Z Extracting addon (UBO): 16%
register	注册（免费无鉴权服务商）	2026-08-17T14:04:35.2958146Z Extracting addon (UBO): 16%
register	注册（免费无鉴权服务商）	2026-08-17T14:04:35.2959018Z Extracting addon (UBO): 16%
register	注册（免费无鉴权服务商）	2026-08-17T14:04:35.2960129Z Extracting addon (UBO): 16%
register	注册（免费无鉴权服务商）	2026-08-17T14:04:35.2961361Z Extracting addon (UBO): 16%
register	注册（免费无鉴权服务商）	2026-08-17T14:04:35.2962541Z Extracting addon (UBO): 16%
register	注册（免费无鉴权服务商）	2026-08-17T14:04:35.2963264Z Extracting addon (UBO): 16%
register	注册（免费无鉴权服务商）	2026-08-17T14:04:35.2964364Z Extracting addon (UBO): 17%
register	注册（免费无鉴权服务商）	2026-08-17T14:04:35.2965327Z Extracting addon (UBO): 17%
register	注册（免费无鉴权服务商）	2026-08-17T14:04:35.2966431Z Extracting addon (UBO): 17%
register	注册（免费无鉴权服务商）	2026-08-17T14:04:35.2967372Z Extracting addon (UBO): 17%
register	注册（免费无鉴权服务商）	2026-08-17T14:04:35.2968346Z Extracting addon (UBO): 17%
register	注册（免费无鉴权服务商）	2026-08-17T14:04:35.2969234Z Extracting addon (UBO): 17%
register	注册（免费无鉴权服务商）	2026-08-17T14:04:35.2970358Z Extracting addon (UBO): 17%
register	注册（免费无鉴权服务商）	2026-08-17T14:04:35.2971401Z Extracting addon (UBO): 18%
register	注册（免费无鉴权服务商）	2026-08-17T14:04:35.2972611Z Extracting addon (UBO): 18%
register	注册（免费无鉴权服务商）	2026-08-17T14:04:35.2973592Z Extracting addon (UBO): 18%
register	注册（免费无鉴权服务商）	2026-08-17T14:04:35.2974679Z Extracting addon (UBO): 18%
register	注册（免费无鉴权服务商）	2026-08-17T14:04:35.2975799Z Extracting addon (UBO): 18%
register	注册（免费无鉴权服务商）	2026-08-17T14:04:35.2976758Z Extracting addon (UBO): 18%
register	注册（免费无鉴权服务商）	2026-08-17T14:04:35.2977788Z Extracting addon (UBO): 19%
register	注册（免费无鉴权服务商）	2026-08-17T14:04:35.2991074Z Extracting addon (UBO): 19%
register	注册（免费无鉴权服务商）	2026-08-17T14:04:35.2991438Z Extracting addon (UBO): 19%
register	注册（免费无鉴权服务商）	2026-08-17T14:04:35.2991805Z Extracting addon (UBO): 19%
register	注册（免费无鉴权服务商）	2026-08-17T14:04:35.2992170Z Extracting addon (UBO): 19%
register	注册（免费无鉴权服务商）	2026-08-17T14:04:35.2992533Z Extracting addon (UBO): 19%
register	注册（免费无鉴权服务商）	2026-08-17T14:04:35.2992884Z Extracting addon (UBO): 19%
register	注册（免费无鉴权服务商）	2026-08-17T14:04:35.2993231Z Extracting addon (UBO): 20%
register	注册（免费无鉴权服务商）	2026-08-17T14:04:35.2993581Z Extracting addon (UBO): 20%
register	注册（免费无鉴权服务商）	2026-08-17T14:04:35.2993934Z Extracting addon (UBO): 20%
register	注册（免费无鉴权服务商）	2026-08-17T14:04:35.2994323Z Extracting addon (UBO): 20%
register	注册（免费无鉴权服务商）	2026-08-17T14:04:35.2994673Z Extracting addon (UBO): 20%
register	注册（免费无鉴权服务商）	2026-08-17T14:04:35.2995327Z Extracting addon (UBO): 20%
register	注册（免费无鉴权服务商）	2026-08-17T14:04:35.2995675Z Extracting addon (UBO): 21%
register	注册（免费无鉴权服务商）	2026-08-17T14:04:35.2996030Z Extracting addon (UBO): 21%
register	注册（免费无鉴权服务商）	2026-08-17T14:04:35.2996334Z Extracting addon (UBO): 21%
register	注册（免费无鉴权服务商）	2026-08-17T14:04:35.2996575Z Extracting addon (UBO): 21%
register	注册（免费无鉴权服务商）	2026-08-17T14:04:35.2996812Z Extracting addon (UBO): 21%
register	注册（免费无鉴权服务商）	2026-08-17T14:04:35.2997162Z Extracting addon (UBO): 21%
register	注册（免费无鉴权服务商）	2026-08-17T14:04:35.2997522Z Extracting addon (UBO): 21%
register	注册（免费无鉴权服务商）	2026-08-17T14:04:35.2997873Z Extracting addon (UBO): 22%
register	注册（免费无鉴权服务商）	2026-08-17T14:04:35.2998209Z Extracting addon (UBO): 22%
register	注册（免费无鉴权服务商）	2026-08-17T14:04:35.2998598Z Extracting addon (UBO): 22%
register	注册（免费无鉴权服务商）	2026-08-17T14:04:35.2998978Z Extracting addon (UBO): 22%
register	注册（免费无鉴权服务商）	2026-08-17T14:04:35.2999774Z Extracting addon (UBO): 22%
register	注册（免费无鉴权服务商）	2026-08-17T14:04:35.3001749Z Extracting addon (UBO): 22%
register	注册（免费无鉴权服务商）	2026-08-17T14:04:35.3003168Z Extracting addon (UBO): 22%
register	注册（免费无鉴权服务商）	2026-08-17T14:04:35.3004755Z Extracting addon (UBO): 23%
register	注册（免费无鉴权服务商）	2026-08-17T14:04:35.3006347Z Extracting addon (UBO): 23%
register	注册（免费无鉴权服务商）	2026-08-17T14:04:35.3007519Z Extracting addon (UBO): 23%
register	注册（免费无鉴权服务商）	2026-08-17T14:04:35.3009216Z Extracting addon (UBO): 23%
register	注册（免费无鉴权服务商）	2026-08-17T14:04:35.3011180Z Extracting addon (UBO): 23%
register	注册（免费无鉴权服务商）	2026-08-17T14:04:35.3013166Z Extracting addon (UBO): 23%
register	注册（免费无鉴权服务商）	2026-08-17T14:04:35.3015304Z Extracting addon (UBO): 24%
register	注册（免费无鉴权服务商）	2026-08-17T14:04:35.3016526Z Extracting addon (UBO): 24%
register	注册（免费无鉴权服务商）	2026-08-17T14:04:35.3019332Z Extracting addon (UBO): 24%
register	注册（免费无鉴权服务商）	2026-08-17T14:04:35.3020382Z Extracting addon (UBO): 24%
register	注册（免费无鉴权服务商）	2026-08-17T14:04:35.3022107Z Extracting addon (UBO): 24%
register	注册（免费无鉴权服务商）	2026-08-17T14:04:35.3023394Z Extracting addon (UBO): 24%
register	注册（免费无鉴权服务商）	2026-08-17T14:04:35.3024548Z Extracting addon (UBO): 24%
register	注册（免费无鉴权服务商）	2026-08-17T14:04:35.3031938Z Extracting addon (UBO): 25%
register	注册（免费无鉴权服务商）	2026-08-17T14:04:35.3032971Z Extracting addon (UBO): 25%
register	注册（免费无鉴权服务商）	2026-08-17T14:04:35.3034170Z Extracting addon (UBO): 25%
register	注册（免费无鉴权服务商）	2026-08-17T14:04:35.3035913Z Extracting addon (UBO): 25%
register	注册（免费无鉴权服务商）	2026-08-17T14:04:35.3036965Z Extracting addon (UBO): 25%
register	注册（免费无鉴权服务商）	2026-08-17T14:04:35.3038237Z Extracting addon (UBO): 25%
register	注册（免费无鉴权服务商）	2026-08-17T14:04:35.3039438Z Extracting addon (UBO): 26%
register	注册（免费无鉴权服务商）	2026-08-17T14:04:35.3040469Z Extracting addon (UBO): 26%
register	注册（免费无鉴权服务商）	2026-08-17T14:04:35.3043943Z Extracting addon (UBO): 26%
register	注册（免费无鉴权服务商）	2026-08-17T14:04:35.3045378Z Extracting addon (UBO): 26%
register	注册（免费无鉴权服务商）	2026-08-17T14:04:35.3047556Z Extracting addon (UBO): 26%
register	注册（免费无鉴权服务商）	2026-08-17T14:04:35.3048748Z Extracting addon (UBO): 26%
register	注册（免费无鉴权服务商）	2026-08-17T14:04:35.3050789Z Extracting addon (UBO): 26%
register	注册（免费无鉴权服务商）	2026-08-17T14:04:35.3052338Z Extracting addon (UBO): 27%
register	注册（免费无鉴权服务商）	2026-08-17T14:04:35.3053540Z Extracting addon (UBO): 27%
register	注册（免费无鉴权服务商）	2026-08-17T14:04:35.3056966Z Extracting addon (UBO): 27%
register	注册（免费无鉴权服务商）	2026-08-17T14:04:35.3059656Z Extracting addon (UBO): 27%
register	注册（免费无鉴权服务商）	2026-08-17T14:04:35.3060482Z Extracting addon (UBO): 27%
register	注册（免费无鉴权服务商）	2026-08-17T14:04:35.3062325Z Extracting addon (UBO): 27%
register	注册（免费无鉴权服务商）	2026-08-17T14:04:35.3063324Z Extracting addon (UBO): 28%
register	注册（免费无鉴权服务商）	2026-08-17T14:04:35.3065323Z Extracting addon (UBO): 28%
register	注册（免费无鉴权服务商）	2026-08-17T14:04:35.3071884Z Extracting addon (UBO): 28%
register	注册（免费无鉴权服务商）	2026-08-17T14:04:35.3073426Z Extracting addon (UBO): 28%
register	注册（免费无鉴权服务商）	2026-08-17T14:04:35.3076366Z Extracting addon (UBO): 28%
register	注册（免费无鉴权服务商）	2026-08-17T14:04:35.3079778Z Extracting addon (UBO): 28%
register	注册（免费无鉴权服务商）	2026-08-17T14:04:35.3081291Z Extracting addon (UBO): 28%
register	注册（免费无鉴权服务商）	2026-08-17T14:04:35.3086472Z Extracting addon (UBO): 29%
register	注册（免费无鉴权服务商）	2026-08-17T14:04:35.3089056Z Extracting addon (UBO): 29%
register	注册（免费无鉴权服务商）	2026-08-17T14:04:35.3090109Z Extracting addon (UBO): 29%
register	注册（免费无鉴权服务商）	2026-08-17T14:04:35.3091681Z Extracting addon (UBO): 29%
register	注册（免费无鉴权服务商）	2026-08-17T14:04:35.3093333Z Extracting addon (UBO): 29%
register	注册（免费无鉴权服务商）	2026-08-17T14:04:35.3095308Z Extracting addon (UBO): 29%
register	注册（免费无鉴权服务商）	2026-08-17T14:04:35.3096485Z Extracting addon (UBO): 29%
register	注册（免费无鉴权服务商）	2026-08-17T14:04:35.3097852Z Extracting addon (UBO): 30%
register	注册（免费无鉴权服务商）	2026-08-17T14:04:35.3099039Z Extracting addon (UBO): 30%
register	注册（免费无鉴权服务商）	2026-08-17T14:04:35.3102647Z Extracting addon (UBO): 30%
register	注册（免费无鉴权服务商）	2026-08-17T14:04:35.3104086Z Extracting addon (UBO): 30%
register	注册（免费无鉴权服务商）	2026-08-17T14:04:35.3105362Z Extracting addon (UBO): 30%
register	注册（免费无鉴权服务商）	2026-08-17T14:04:35.3106713Z Extracting addon (UBO): 30%
register	注册（免费无鉴权服务商）	2026-08-17T14:04:35.3108082Z Extracting addon (UBO): 31%
register	注册（免费无鉴权服务商）	2026-08-17T14:04:35.3112122Z Extracting addon (UBO): 31%
register	注册（免费无鉴权服务商）	2026-08-17T14:04:35.3113424Z Extracting addon (UBO): 31%
register	注册（免费无鉴权服务商）	2026-08-17T14:04:35.3114876Z Extracting addon (UBO): 31%
register	注册（免费无鉴权服务商）	2026-08-17T14:04:35.3117459Z Extracting addon (UBO): 31%
register	注册（免费无鉴权服务商）	2026-08-17T14:04:35.3119763Z Extracting addon (UBO): 31%
register	注册（免费无鉴权服务商）	2026-08-17T14:04:35.3121331Z Extracting addon (UBO): 31%
register	注册（免费无鉴权服务商）	2026-08-17T14:04:35.3123496Z Extracting addon (UBO): 32%
register	注册（免费无鉴权服务商）	2026-08-17T14:04:35.3124477Z Extracting addon (UBO): 32%
register	注册（免费无鉴权服务商）	2026-08-17T14:04:35.3127362Z Extracting addon (UBO): 32%
register	注册（免费无鉴权服务商）	2026-08-17T14:04:35.3128841Z Extracting addon (UBO): 32%
register	注册（免费无鉴权服务商）	2026-08-17T14:04:35.3130416Z Extracting addon (UBO): 32%
register	注册（免费无鉴权服务商）	2026-08-17T14:04:35.3131873Z Extracting addon (UBO): 32%
register	注册（免费无鉴权服务商）	2026-08-17T14:04:35.3133600Z Extracting addon (UBO): 33%
register	注册（免费无鉴权服务商）	2026-08-17T14:04:35.3134954Z Extracting addon (UBO): 33%
register	注册（免费无鉴权服务商）	2026-08-17T14:04:35.3138521Z Extracting addon (UBO): 33%
register	注册（免费无鉴权服务商）	2026-08-17T14:04:35.3141232Z Extracting addon (UBO): 33%
register	注册（免费无鉴权服务商）	2026-08-17T14:04:35.3143192Z Extracting addon (UBO): 33%
register	注册（免费无鉴权服务商）	2026-08-17T14:04:35.3145354Z Extracting addon (UBO): 33%
register	注册（免费无鉴权服务商）	2026-08-17T14:04:35.3147579Z Extracting addon (UBO): 33%
register	注册（免费无鉴权服务商）	2026-08-17T14:04:35.3148858Z Extracting addon (UBO): 34%
register	注册（免费无鉴权服务商）	2026-08-17T14:04:35.3150464Z Extracting addon (UBO): 34%
register	注册（免费无鉴权服务商）	2026-08-17T14:04:35.3152388Z Extracting addon (UBO): 34%
register	注册（免费无鉴权服务商）	2026-08-17T14:04:35.3153851Z Extracting addon (UBO): 34%
register	注册（免费无鉴权服务商）	2026-08-17T14:04:35.3157071Z Extracting addon (UBO): 34%
register	注册（免费无鉴权服务商）	2026-08-17T14:04:35.3159856Z Extracting addon (UBO): 34%
register	注册（免费无鉴权服务商）	2026-08-17T14:04:35.3161033Z Extracting addon (UBO): 34%
register	注册（免费无鉴权服务商）	2026-08-17T14:04:35.3162205Z Extracting addon (UBO): 35%
register	注册（免费无鉴权服务商）	2026-08-17T14:04:35.3165067Z Extracting addon (UBO): 35%
register	注册（免费无鉴权服务商）	2026-08-17T14:04:35.3167889Z Extracting addon (UBO): 35%
register	注册（免费无鉴权服务商）	2026-08-17T14:04:35.3201141Z Extracting addon (UBO): 35%
register	注册（免费无鉴权服务商）	2026-08-17T14:04:35.3211244Z Extracting addon (UBO): 35%
register	注册（免费无鉴权服务商）	2026-08-17T14:04:35.3211682Z Extracting addon (UBO): 35%
register	注册（免费无鉴权服务商）	2026-08-17T14:04:35.3212083Z Extracting addon (UBO): 36%
register	注册（免费无鉴权服务商）	2026-08-17T14:04:35.3212458Z Extracting addon (UBO): 36%
register	注册（免费无鉴权服务商）	2026-08-17T14:04:35.3212846Z Extracting addon (UBO): 36%
register	注册（免费无鉴权服务商）	2026-08-17T14:04:35.3213226Z Extracting addon (UBO): 36%
register	注册（免费无鉴权服务商）	2026-08-17T14:04:35.3213605Z Extracting addon (UBO): 36%
register	注册（免费无鉴权服务商）	2026-08-17T14:04:35.3213976Z Extracting addon (UBO): 36%
register	注册（免费无鉴权服务商）	2026-08-17T14:04:35.3214356Z Extracting addon (UBO): 36%
register	注册（免费无鉴权服务商）	2026-08-17T14:04:35.3214737Z Extracting addon (UBO): 37%
register	注册（免费无鉴权服务商）	2026-08-17T14:04:35.3215138Z Extracting addon (UBO): 37%
register	注册（免费无鉴权服务商）	2026-08-17T14:04:35.3215510Z Extracting addon (UBO): 37%
register	注册（免费无鉴权服务商）	2026-08-17T14:04:35.3215884Z Extracting addon (UBO): 37%
register	注册（免费无鉴权服务商）	2026-08-17T14:04:35.3216269Z Extracting addon (UBO): 37%
register	注册（免费无鉴权服务商）	2026-08-17T14:04:35.3216671Z Extracting addon (UBO): 37%
register	注册（免费无鉴权服务商）	2026-08-17T14:04:35.3217041Z Extracting addon (UBO): 38%
register	注册（免费无鉴权服务商）	2026-08-17T14:04:35.3217413Z Extracting addon (UBO): 38%
register	注册（免费无鉴权服务商）	2026-08-17T14:04:35.3217793Z Extracting addon (UBO): 38%
register	注册（免费无鉴权服务商）	2026-08-17T14:04:35.3218164Z Extracting addon (UBO): 38%
register	注册（免费无鉴权服务商）	2026-08-17T14:04:35.3218534Z Extracting addon (UBO): 38%
register	注册（免费无鉴权服务商）	2026-08-17T14:04:35.3218908Z Extracting addon (UBO): 38%
register	注册（免费无鉴权服务商）	2026-08-17T14:04:35.3219281Z Extracting addon (UBO): 38%
register	注册（免费无鉴权服务商）	2026-08-17T14:04:35.3219667Z Extracting addon (UBO): 39%
register	注册（免费无鉴权服务商）	2026-08-17T14:04:35.3220046Z Extracting addon (UBO): 39%
register	注册（免费无鉴权服务商）	2026-08-17T14:04:35.3220602Z Extracting addon (UBO): 39%
register	注册（免费无鉴权服务商）	2026-08-17T14:04:35.3220968Z Extracting addon (UBO): 39%
register	注册（免费无鉴权服务商）	2026-08-17T14:04:35.3221344Z Extracting addon (UBO): 39%
register	注册（免费无鉴权服务商）	2026-08-17T14:04:35.3221722Z Extracting addon (UBO): 39%
register	注册（免费无鉴权服务商）	2026-08-17T14:04:35.3222107Z Extracting addon (UBO): 40%
register	注册（免费无鉴权服务商）	2026-08-17T14:04:35.3222478Z Extracting addon (UBO): 40%
register	注册（免费无鉴权服务商）	2026-08-17T14:04:35.3222841Z Extracting addon (UBO): 40%
register	注册（免费无鉴权服务商）	2026-08-17T14:04:35.3223222Z Extracting addon (UBO): 40%
register	注册（免费无鉴权服务商）	2026-08-17T14:04:35.3223605Z Extracting addon (UBO): 40%
register	注册（免费无鉴权服务商）	2026-08-17T14:04:35.3223988Z Extracting addon (UBO): 40%
register	注册（免费无鉴权服务商）	2026-08-17T14:04:35.3261064Z Extracting addon (UBO): 40%
register	注册（免费无鉴权服务商）	2026-08-17T14:04:35.3261857Z Extracting addon (UBO): 41%
register	注册（免费无鉴权服务商）	2026-08-17T14:04:35.3262495Z Extracting addon (UBO): 41%
register	注册（免费无鉴权服务商）	2026-08-17T14:04:35.3262941Z Extracting addon (UBO): 41%
register	注册（免费无鉴权服务商）	2026-08-17T14:04:35.3263338Z Extracting addon (UBO): 41%
register	注册（免费无鉴权服务商）	2026-08-17T14:04:35.3263721Z Extracting addon (UBO): 41%
register	注册（免费无鉴权服务商）	2026-08-17T14:04:35.3264098Z Extracting addon (UBO): 41%
register	注册（免费无鉴权服务商）	2026-08-17T14:04:35.3264476Z Extracting addon (UBO): 41%
register	注册（免费无鉴权服务商）	2026-08-17T14:04:35.3264853Z Extracting addon (UBO): 42%
register	注册（免费无鉴权服务商）	2026-08-17T14:04:35.3265234Z Extracting addon (UBO): 42%
register	注册（免费无鉴权服务商）	2026-08-17T14:04:35.3265618Z Extracting addon (UBO): 42%
register	注册（免费无鉴权服务商）	2026-08-17T14:04:35.3266241Z Extracting addon (UBO): 42%
register	注册（免费无鉴权服务商）	2026-08-17T14:04:35.3266617Z Extracting addon (UBO): 42%
register	注册（免费无鉴权服务商）	2026-08-17T14:04:35.3267003Z Extracting addon (UBO): 42%
register	注册（免费无鉴权服务商）	2026-08-17T14:04:35.3267377Z Extracting addon (UBO): 43%
register	注册（免费无鉴权服务商）	2026-08-17T14:04:35.3267744Z Extracting addon (UBO): 43%
register	注册（免费无鉴权服务商）	2026-08-17T14:04:35.3268120Z Extracting addon (UBO): 43%
register	注册（免费无鉴权服务商）	2026-08-17T14:04:35.3268496Z Extracting addon (UBO): 43%
register	注册（免费无鉴权服务商）	2026-08-17T14:04:35.3268876Z Extracting addon (UBO): 43%
register	注册（免费无鉴权服务商）	2026-08-17T14:04:35.3269249Z Extracting addon (UBO): 43%
register	注册（免费无鉴权服务商）	2026-08-17T14:04:35.3269609Z Extracting addon (UBO): 43%
register	注册（免费无鉴权服务商）	2026-08-17T14:04:35.3336653Z Extracting addon (UBO): 44%
register	注册（免费无鉴权服务商）	2026-08-17T14:04:35.3398430Z Extracting addon (UBO): 44%
register	注册（免费无鉴权服务商）	2026-08-17T14:04:35.3404094Z Extracting addon (UBO): 44%
register	注册（免费无鉴权服务商）	2026-08-17T14:04:35.3405134Z Extracting addon (UBO): 44%
register	注册（免费无鉴权服务商）	2026-08-17T14:04:35.3437661Z Extracting addon (UBO): 44%
register	注册（免费无鉴权服务商）	2026-08-17T14:04:35.3439097Z Extracting addon (UBO): 44%
register	注册（免费无鉴权服务商）	2026-08-17T14:04:35.3454142Z Extracting addon (UBO): 45%
register	注册（免费无鉴权服务商）	2026-08-17T14:04:35.3458188Z Extracting addon (UBO): 45%
register	注册（免费无鉴权服务商）	2026-08-17T14:04:35.3532515Z Extracting addon (UBO): 45%
register	注册（免费无鉴权服务商）	2026-08-17T14:04:35.3533726Z Extracting addon (UBO): 45%
register	注册（免费无鉴权服务商）	2026-08-17T14:04:35.3542447Z Extracting addon (UBO): 45%
register	注册（免费无鉴权服务商）	2026-08-17T14:04:35.3548436Z Extracting addon (UBO): 45%
register	注册（免费无鉴权服务商）	2026-08-17T14:04:35.3556085Z Extracting addon (UBO): 45%
register	注册（免费无鉴权服务商）	2026-08-17T14:04:35.3557870Z Extracting addon (UBO): 46%
register	注册（免费无鉴权服务商）	2026-08-17T14:04:35.3559046Z Extracting addon (UBO): 46%
register	注册（免费无鉴权服务商）	2026-08-17T14:04:35.3561041Z Extracting addon (UBO): 46%
register	注册（免费无鉴权服务商）	2026-08-17T14:04:35.3562010Z Extracting addon (UBO): 46%
register	注册（免费无鉴权服务商）	2026-08-17T14:04:35.3563087Z Extracting addon (UBO): 46%
register	注册（免费无鉴权服务商）	2026-08-17T14:04:35.3563923Z Extracting addon (UBO): 46%
register	注册（免费无鉴权服务商）	2026-08-17T14:04:35.3565454Z Extracting addon (UBO): 47%
register	注册（免费无鉴权服务商）	2026-08-17T14:04:35.3570914Z Extracting addon (UBO): 47%
register	注册（免费无鉴权服务商）	2026-08-17T14:04:35.3582356Z Extracting addon (UBO): 47%
register	注册（免费无鉴权服务商）	2026-08-17T14:04:35.3582737Z Extracting addon (UBO): 47%
register	注册（免费无鉴权服务商）	2026-08-17T14:04:35.3583098Z Extracting addon (UBO): 47%
register	注册（免费无鉴权服务商）	2026-08-17T14:04:35.3583452Z Extracting addon (UBO): 47%
register	注册（免费无鉴权服务商）	2026-08-17T14:04:35.3583689Z Extracting addon (UBO): 47%
register	注册（免费无鉴权服务商）	2026-08-17T14:04:35.3583925Z Extracting addon (UBO): 48%
register	注册（免费无鉴权服务商）	2026-08-17T14:04:35.3584158Z Extracting addon (UBO): 48%
register	注册（免费无鉴权服务商）	2026-08-17T14:04:35.3584390Z Extracting addon (UBO): 48%
register	注册（免费无鉴权服务商）	2026-08-17T14:04:35.3584660Z Extracting addon (UBO): 48%
register	注册（免费无鉴权服务商）	2026-08-17T14:04:35.3585015Z Extracting addon (UBO): 48%
register	注册（免费无鉴权服务商）	2026-08-17T14:04:35.3585397Z Extracting addon (UBO): 48%
register	注册（免费无鉴权服务商）	2026-08-17T14:04:35.3585736Z Extracting addon (UBO): 48%
register	注册（免费无鉴权服务商）	2026-08-17T14:04:35.3586087Z Extracting addon (UBO): 49%
register	注册（免费无鉴权服务商）	2026-08-17T14:04:35.3586362Z Extracting addon (UBO): 49%
register	注册（免费无鉴权服务商）	2026-08-17T14:04:35.3587376Z Extracting addon (UBO): 49%
register	注册（免费无鉴权服务商）	2026-08-17T14:04:35.3589867Z Extracting addon (UBO): 49%
register	注册（免费无鉴权服务商）	2026-08-17T14:04:35.3592588Z Extracting addon (UBO): 49%
register	注册（免费无鉴权服务商）	2026-08-17T14:04:35.3610963Z Extracting addon (UBO): 49%
register	注册（免费无鉴权服务商）	2026-08-17T14:04:35.3611364Z Extracting addon (UBO): 50%
register	注册（免费无鉴权服务商）	2026-08-17T14:04:35.3611730Z Extracting addon (UBO): 50%
register	注册（免费无鉴权服务商）	2026-08-17T14:04:35.3612094Z Extracting addon (UBO): 50%
register	注册（免费无鉴权服务商）	2026-08-17T14:04:35.3612448Z Extracting addon (UBO): 50%
register	注册（免费无鉴权服务商）	2026-08-17T14:04:35.3612837Z Extracting addon (UBO): 50%
register	注册（免费无鉴权服务商）	2026-08-17T14:04:35.3613200Z Extracting addon (UBO): 50%
register	注册（免费无鉴权服务商）	2026-08-17T14:04:35.3613551Z Extracting addon (UBO): 50%
register	注册（免费无鉴权服务商）	2026-08-17T14:04:35.3613910Z Extracting addon (UBO): 51%
register	注册（免费无鉴权服务商）	2026-08-17T14:04:35.3614260Z Extracting addon (UBO): 51%
register	注册（免费无鉴权服务商）	2026-08-17T14:04:35.3614610Z Extracting addon (UBO): 51%
register	注册（免费无鉴权服务商）	2026-08-17T14:04:35.3614925Z Extracting addon (UBO): 51%
register	注册（免费无鉴权服务商）	2026-08-17T14:04:35.3615280Z Extracting addon (UBO): 51%
register	注册（免费无鉴权服务商）	2026-08-17T14:04:35.3615642Z Extracting addon (UBO): 51%
register	注册（免费无鉴权服务商）	2026-08-17T14:04:35.3615993Z Extracting addon (UBO): 52%
register	注册（免费无鉴权服务商）	2026-08-17T14:04:35.3616343Z Extracting addon (UBO): 52%
register	注册（免费无鉴权服务商）	2026-08-17T14:04:35.3616690Z Extracting addon (UBO): 52%
register	注册（免费无鉴权服务商）	2026-08-17T14:04:35.3617044Z Extracting addon (UBO): 52%
register	注册（免费无鉴权服务商）	2026-08-17T14:04:35.3617393Z Extracting addon (UBO): 52%
register	注册（免费无鉴权服务商）	2026-08-17T14:04:35.3617745Z Extracting addon (UBO): 52%
register	注册（免费无鉴权服务商）	2026-08-17T14:04:35.3618099Z Extracting addon (UBO): 52%
register	注册（免费无鉴权服务商）	2026-08-17T14:04:35.3619011Z Extracting addon (UBO): 53%
register	注册（免费无鉴权服务商）	2026-08-17T14:04:35.3622480Z Extracting addon (UBO): 53%
register	注册（免费无鉴权服务商）	2026-08-17T14:04:35.3623392Z Extracting addon (UBO): 53%
register	注册（免费无鉴权服务商）	2026-08-17T14:04:35.3625070Z Extracting addon (UBO): 53%
register	注册（免费无鉴权服务商）	2026-08-17T14:04:35.3625873Z Extracting addon (UBO): 53%
register	注册（免费无鉴权服务商）	2026-08-17T14:04:35.3626811Z Extracting addon (UBO): 53%
register	注册（免费无鉴权服务商）	2026-08-17T14:04:35.3627694Z Extracting addon (UBO): 53%
register	注册（免费无鉴权服务商）	2026-08-17T14:04:35.3628658Z Extracting addon (UBO): 54%
register	注册（免费无鉴权服务商）	2026-08-17T14:04:35.3629566Z Extracting addon (UBO): 54%
register	注册（免费无鉴权服务商）	2026-08-17T14:04:35.3630529Z Extracting addon (UBO): 54%
register	注册（免费无鉴权服务商）	2026-08-17T14:04:35.3631648Z Extracting addon (UBO): 54%
register	注册（免费无鉴权服务商）	2026-08-17T14:04:35.3632558Z Extracting addon (UBO): 54%
register	注册（免费无鉴权服务商）	2026-08-17T14:04:35.3633470Z Extracting addon (UBO): 54%
register	注册（免费无鉴权服务商）	2026-08-17T14:04:35.3634386Z Extracting addon (UBO): 55%
register	注册（免费无鉴权服务商）	2026-08-17T14:04:35.3635333Z Extracting addon (UBO): 55%
register	注册（免费无鉴权服务商）	2026-08-17T14:04:35.3636237Z Extracting addon (UBO): 55%
register	注册（免费无鉴权服务商）	2026-08-17T14:04:35.3637141Z Extracting addon (UBO): 55%
register	注册（免费无鉴权服务商）	2026-08-17T14:04:35.3638056Z Extracting addon (UBO): 55%
register	注册（免费无鉴权服务商）	2026-08-17T14:04:35.3638952Z Extracting addon (UBO): 55%
register	注册（免费无鉴权服务商）	2026-08-17T14:04:35.3640047Z Extracting addon (UBO): 55%
register	注册（免费无鉴权服务商）	2026-08-17T14:04:35.3641126Z Extracting addon (UBO): 56%
register	注册（免费无鉴权服务商）	2026-08-17T14:04:35.3642116Z Extracting addon (UBO): 56%
register	注册（免费无鉴权服务商）	2026-08-17T14:04:35.3643019Z Extracting addon (UBO): 56%
register	注册（免费无鉴权服务商）	2026-08-17T14:04:35.3643929Z Extracting addon (UBO): 56%
register	注册（免费无鉴权服务商）	2026-08-17T14:04:35.3644814Z Extracting addon (UBO): 56%
register	注册（免费无鉴权服务商）	2026-08-17T14:04:35.3645736Z Extracting addon (UBO): 56%
register	注册（免费无鉴权服务商）	2026-08-17T14:04:35.3646625Z Extracting addon (UBO): 57%
register	注册（免费无鉴权服务商）	2026-08-17T14:04:35.3647615Z Extracting addon (UBO): 57%
register	注册（免费无鉴权服务商）	2026-08-17T14:04:35.3648508Z Extracting addon (UBO): 57%
register	注册（免费无鉴权服务商）	2026-08-17T14:04:35.3649413Z Extracting addon (UBO): 57%
register	注册（免费无鉴权服务商）	2026-08-17T14:04:35.3650533Z Extracting addon (UBO): 57%
register	注册（免费无鉴权服务商）	2026-08-17T14:04:35.3651477Z Extracting addon (UBO): 57%
register	注册（免费无鉴权服务商）	2026-08-17T14:04:35.3652421Z Extracting addon (UBO): 57%
register	注册（免费无鉴权服务商）	2026-08-17T14:04:35.3653313Z Extracting addon (UBO): 58%
register	注册（免费无鉴权服务商）	2026-08-17T14:04:35.3654220Z Extracting addon (UBO): 58%
register	注册（免费无鉴权服务商）	2026-08-17T14:04:35.3655203Z Extracting addon (UBO): 58%
register	注册（免费无鉴权服务商）	2026-08-17T14:04:35.3656113Z Extracting addon (UBO): 58%
register	注册（免费无鉴权服务商）	2026-08-17T14:04:35.3657011Z Extracting addon (UBO): 58%
register	注册（免费无鉴权服务商）	2026-08-17T14:04:35.3657922Z Extracting addon (UBO): 58%
register	注册（免费无鉴权服务商）	2026-08-17T14:04:35.3658838Z Extracting addon (UBO): 59%
register	注册（免费无鉴权服务商）	2026-08-17T14:04:35.3659764Z Extracting addon (UBO): 59%
register	注册（免费无鉴权服务商）	2026-08-17T14:04:35.3660897Z Extracting addon (UBO): 59%
register	注册（免费无鉴权服务商）	2026-08-17T14:04:35.3661823Z Extracting addon (UBO): 59%
register	注册（免费无鉴权服务商）	2026-08-17T14:04:35.3662746Z Extracting addon (UBO): 59%
register	注册（免费无鉴权服务商）	2026-08-17T14:04:35.3663662Z Extracting addon (UBO): 59%
register	注册（免费无鉴权服务商）	2026-08-17T14:04:35.3664599Z Extracting addon (UBO): 59%
register	注册（免费无鉴权服务商）	2026-08-17T14:04:35.3665574Z Extracting addon (UBO): 60%
register	注册（免费无鉴权服务商）	2026-08-17T14:04:35.3666495Z Extracting addon (UBO): 60%
register	注册（免费无鉴权服务商）	2026-08-17T14:04:35.3667559Z Extracting addon (UBO): 60%
register	注册（免费无鉴权服务商）	2026-08-17T14:04:35.3668430Z Extracting addon (UBO): 60%
register	注册（免费无鉴权服务商）	2026-08-17T14:04:35.3669359Z Extracting addon (UBO): 60%
register	注册（免费无鉴权服务商）	2026-08-17T14:04:35.3670592Z Extracting addon (UBO): 60%
register	注册（免费无鉴权服务商）	2026-08-17T14:04:35.3671490Z Extracting addon (UBO): 60%
register	注册（免费无鉴权服务商）	2026-08-17T14:04:35.3672486Z Extracting addon (UBO): 61%
register	注册（免费无鉴权服务商）	2026-08-17T14:04:35.3673396Z Extracting addon (UBO): 61%
register	注册（免费无鉴权服务商）	2026-08-17T14:04:35.3674365Z Extracting addon (UBO): 61%
register	注册（免费无鉴权服务商）	2026-08-17T14:04:35.3675273Z Extracting addon (UBO): 61%
register	注册（免费无鉴权服务商）	2026-08-17T14:04:35.3676284Z Extracting addon (UBO): 61%
register	注册（免费无鉴权服务商）	2026-08-17T14:04:35.3677229Z Extracting addon (UBO): 61%
register	注册（免费无鉴权服务商）	2026-08-17T14:04:35.3678215Z Extracting addon (UBO): 62%
register	注册（免费无鉴权服务商）	2026-08-17T14:04:35.3679100Z Extracting addon (UBO): 62%
register	注册（免费无鉴权服务商）	2026-08-17T14:04:35.3680083Z Extracting addon (UBO): 62%
register	注册（免费无鉴权服务商）	2026-08-17T14:04:35.3690857Z Extracting addon (UBO): 62%
register	注册（免费无鉴权服务商）	2026-08-17T14:04:35.3700892Z Extracting addon (UBO): 62%
register	注册（免费无鉴权服务商）	2026-08-17T14:04:35.3701251Z Extracting addon (UBO): 62%
register	注册（免费无鉴权服务商）	2026-08-17T14:04:35.3701571Z Extracting addon (UBO): 62%
register	注册（免费无鉴权服务商）	2026-08-17T14:04:35.3701882Z Extracting addon (UBO): 63%
register	注册（免费无鉴权服务商）	2026-08-17T14:04:35.3702149Z Extracting addon (UBO): 63%
register	注册（免费无鉴权服务商）	2026-08-17T14:04:35.3702380Z Extracting addon (UBO): 63%
register	注册（免费无鉴权服务商）	2026-08-17T14:04:35.3702613Z Extracting addon (UBO): 63%
register	注册（免费无鉴权服务商）	2026-08-17T14:04:35.3702964Z Extracting addon (UBO): 63%
register	注册（免费无鉴权服务商）	2026-08-17T14:04:35.3703198Z Extracting addon (UBO): 63%
register	注册（免费无鉴权服务商）	2026-08-17T14:04:35.3703422Z Extracting addon (UBO): 64%
register	注册（免费无鉴权服务商）	2026-08-17T14:04:35.3703719Z Extracting addon (UBO): 64%
register	注册（免费无鉴权服务商）	2026-08-17T14:04:35.3703996Z Extracting addon (UBO): 64%
register	注册（免费无鉴权服务商）	2026-08-17T14:04:35.3704403Z Extracting addon (UBO): 64%
register	注册（免费无鉴权服务商）	2026-08-17T14:04:35.3704748Z Extracting addon (UBO): 64%
register	注册（免费无鉴权服务商）	2026-08-17T14:04:35.3704974Z Extracting addon (UBO): 64%
register	注册（免费无鉴权服务商）	2026-08-17T14:04:35.3705197Z Extracting addon (UBO): 64%
register	注册（免费无鉴权服务商）	2026-08-17T14:04:35.3705526Z Extracting addon (UBO): 65%
register	注册（免费无鉴权服务商）	2026-08-17T14:04:35.3705814Z Extracting addon (UBO): 65%
register	注册（免费无鉴权服务商）	2026-08-17T14:04:35.3706044Z Extracting addon (UBO): 65%
register	注册（免费无鉴权服务商）	2026-08-17T14:04:35.3706343Z Extracting addon (UBO): 65%
register	注册（免费无鉴权服务商）	2026-08-17T14:04:35.3706647Z Extracting addon (UBO): 65%
register	注册（免费无鉴权服务商）	2026-08-17T14:04:35.3706878Z Extracting addon (UBO): 65%
register	注册（免费无鉴权服务商）	2026-08-17T14:04:35.3707145Z Extracting addon (UBO): 66%
register	注册（免费无鉴权服务商）	2026-08-17T14:04:35.3707461Z Extracting addon (UBO): 66%
register	注册（免费无鉴权服务商）	2026-08-17T14:04:35.3707688Z Extracting addon (UBO): 66%
register	注册（免费无鉴权服务商）	2026-08-17T14:04:35.3707925Z Extracting addon (UBO): 66%
register	注册（免费无鉴权服务商）	2026-08-17T14:04:35.3708254Z Extracting addon (UBO): 66%
register	注册（免费无鉴权服务商）	2026-08-17T14:04:35.3708498Z Extracting addon (UBO): 66%
register	注册（免费无鉴权服务商）	2026-08-17T14:04:35.3708725Z Extracting addon (UBO): 66%
register	注册（免费无鉴权服务商）	2026-08-17T14:04:35.3708988Z Extracting addon (UBO): 67%
register	注册（免费无鉴权服务商）	2026-08-17T14:04:35.3709320Z Extracting addon (UBO): 67%
register	注册（免费无鉴权服务商）	2026-08-17T14:04:35.3709575Z Extracting addon (UBO): 67%
register	注册（免费无鉴权服务商）	2026-08-17T14:04:35.3709816Z Extracting addon (UBO): 67%
register	注册（免费无鉴权服务商）	2026-08-17T14:04:35.3710365Z Extracting addon (UBO): 67%
register	注册（免费无鉴权服务商）	2026-08-17T14:04:35.3710483Z Extracting addon (UBO): 67%
register	注册（免费无鉴权服务商）	2026-08-17T14:04:35.3710710Z Extracting addon (UBO): 67%
register	注册（免费无鉴权服务商）	2026-08-17T14:04:35.3710799Z Extracting addon (UBO): 68%
register	注册（免费无鉴权服务商）	2026-08-17T14:04:35.3710897Z Extracting addon (UBO): 68%
register	注册（免费无鉴权服务商）	2026-08-17T14:04:35.3711054Z Extracting addon (UBO): 68%
register	注册（免费无鉴权服务商）	2026-08-17T14:04:35.3711202Z Extracting addon (UBO): 68%
register	注册（免费无鉴权服务商）	2026-08-17T14:04:35.3712224Z Extracting addon (UBO): 68%
register	注册（免费无鉴权服务商）	2026-08-17T14:04:35.3713201Z Extracting addon (UBO): 68%
register	注册（免费无鉴权服务商）	2026-08-17T14:04:35.3714170Z Extracting addon (UBO): 69%
register	注册（免费无鉴权服务商）	2026-08-17T14:04:35.3715245Z Extracting addon (UBO): 69%
register	注册（免费无鉴权服务商）	2026-08-17T14:04:35.3716242Z Extracting addon (UBO): 69%
register	注册（免费无鉴权服务商）	2026-08-17T14:04:35.3717230Z Extracting addon (UBO): 69%
register	注册（免费无鉴权服务商）	2026-08-17T14:04:35.3718233Z Extracting addon (UBO): 69%
register	注册（免费无鉴权服务商）	2026-08-17T14:04:35.3719244Z Extracting addon (UBO): 69%
register	注册（免费无鉴权服务商）	2026-08-17T14:04:35.3720448Z Extracting addon (UBO): 69%
register	注册（免费无鉴权服务商）	2026-08-17T14:04:35.3721505Z Extracting addon (UBO): 70%
register	注册（免费无鉴权服务商）	2026-08-17T14:04:35.3722529Z Extracting addon (UBO): 70%
register	注册（免费无鉴权服务商）	2026-08-17T14:04:35.3723551Z Extracting addon (UBO): 70%
register	注册（免费无鉴权服务商）	2026-08-17T14:04:35.3724625Z Extracting addon (UBO): 70%
register	注册（免费无鉴权服务商）	2026-08-17T14:04:35.3725732Z Extracting addon (UBO): 70%
register	注册（免费无鉴权服务商）	2026-08-17T14:04:35.3726755Z Extracting addon (UBO): 70%
register	注册（免费无鉴权服务商）	2026-08-17T14:04:35.3727766Z Extracting addon (UBO): 71%
register	注册（免费无鉴权服务商）	2026-08-17T14:04:35.3728781Z Extracting addon (UBO): 71%
register	注册（免费无鉴权服务商）	2026-08-17T14:04:35.3729790Z Extracting addon (UBO): 71%
register	注册（免费无鉴权服务商）	2026-08-17T14:04:35.3730998Z Extracting addon (UBO): 71%
register	注册（免费无鉴权服务商）	2026-08-17T14:04:35.3732075Z Extracting addon (UBO): 71%
register	注册（免费无鉴权服务商）	2026-08-17T14:04:35.3733073Z Extracting addon (UBO): 71%
register	注册（免费无鉴权服务商）	2026-08-17T14:04:35.3734073Z Extracting addon (UBO): 71%
register	注册（免费无鉴权服务商）	2026-08-17T14:04:35.3735074Z Extracting addon (UBO): 72%
register	注册（免费无鉴权服务商）	2026-08-17T14:04:35.3736092Z Extracting addon (UBO): 72%
register	注册（免费无鉴权服务商）	2026-08-17T14:04:35.3737095Z Extracting addon (UBO): 72%
register	注册（免费无鉴权服务商）	2026-08-17T14:04:35.3738119Z Extracting addon (UBO): 72%
register	注册（免费无鉴权服务商）	2026-08-17T14:04:35.3739139Z Extracting addon (UBO): 72%
register	注册（免费无鉴权服务商）	2026-08-17T14:04:35.3740141Z Extracting addon (UBO): 72%
register	注册（免费无鉴权服务商）	2026-08-17T14:04:35.3741502Z Extracting addon (UBO): 72%
register	注册（免费无鉴权服务商）	2026-08-17T14:04:35.3742558Z Extracting addon (UBO): 73%
register	注册（免费无鉴权服务商）	2026-08-17T14:04:35.3743623Z Extracting addon (UBO): 73%
register	注册（免费无鉴权服务商）	2026-08-17T14:04:35.3744686Z Extracting addon (UBO): 73%
register	注册（免费无鉴权服务商）	2026-08-17T14:04:35.3745772Z Extracting addon (UBO): 73%
register	注册（免费无鉴权服务商）	2026-08-17T14:04:35.3746821Z Extracting addon (UBO): 73%
register	注册（免费无鉴权服务商）	2026-08-17T14:04:35.3747883Z Extracting addon (UBO): 73%
register	注册（免费无鉴权服务商）	2026-08-17T14:04:35.3748921Z Extracting addon (UBO): 74%
register	注册（免费无鉴权服务商）	2026-08-17T14:04:35.3749950Z Extracting addon (UBO): 74%
register	注册（免费无鉴权服务商）	2026-08-17T14:04:35.3751206Z Extracting addon (UBO): 74%
register	注册（免费无鉴权服务商）	2026-08-17T14:04:35.3752286Z Extracting addon (UBO): 74%
register	注册（免费无鉴权服务商）	2026-08-17T14:04:35.3753351Z Extracting addon (UBO): 74%
register	注册（免费无鉴权服务商）	2026-08-17T14:04:35.3754400Z Extracting addon (UBO): 74%
register	注册（免费无鉴权服务商）	2026-08-17T14:04:35.3755474Z Extracting addon (UBO): 74%
register	注册（免费无鉴权服务商）	2026-08-17T14:04:35.3756551Z Extracting addon (UBO): 75%
register	注册（免费无鉴权服务商）	2026-08-17T14:04:35.3757603Z Extracting addon (UBO): 75%
register	注册（免费无鉴权服务商）	2026-08-17T14:04:35.3759518Z Extracting addon (UBO): 75%
register	注册（免费无鉴权服务商）	2026-08-17T14:04:35.3760514Z Extracting addon (UBO): 75%
register	注册（免费无鉴权服务商）	2026-08-17T14:04:35.3762153Z Extracting addon (UBO): 75%
register	注册（免费无鉴权服务商）	2026-08-17T14:04:35.3762950Z Extracting addon (UBO): 75%
register	注册（免费无鉴权服务商）	2026-08-17T14:04:35.3764260Z Extracting addon (UBO): 76%
register	注册（免费无鉴权服务商）	2026-08-17T14:04:35.3765117Z Extracting addon (UBO): 76%
register	注册（免费无鉴权服务商）	2026-08-17T14:04:35.3766311Z Extracting addon (UBO): 76%
register	注册（免费无鉴权服务商）	2026-08-17T14:04:35.3767381Z Extracting addon (UBO): 76%
register	注册（免费无鉴权服务商）	2026-08-17T14:04:35.3768422Z Extracting addon (UBO): 76%
register	注册（免费无鉴权服务商）	2026-08-17T14:04:35.3769504Z Extracting addon (UBO): 76%
register	注册（免费无鉴权服务商）	2026-08-17T14:04:35.3770620Z Extracting addon (UBO): 76%
register	注册（免费无鉴权服务商）	2026-08-17T14:04:35.3771828Z Extracting addon (UBO): 77%
register	注册（免费无鉴权服务商）	2026-08-17T14:04:35.3772920Z Extracting addon (UBO): 77%
register	注册（免费无鉴权服务商）	2026-08-17T14:04:35.3773968Z Extracting addon (UBO): 77%
register	注册（免费无鉴权服务商）	2026-08-17T14:04:35.3775009Z Extracting addon (UBO): 77%
register	注册（免费无鉴权服务商）	2026-08-17T14:04:35.3776070Z Extracting addon (UBO): 77%
register	注册（免费无鉴权服务商）	2026-08-17T14:04:35.3777157Z Extracting addon (UBO): 77%
register	注册（免费无鉴权服务商）	2026-08-17T14:04:35.3778298Z Extracting addon (UBO): 78%
register	注册（免费无鉴权服务商）	2026-08-17T14:04:35.3779401Z Extracting addon (UBO): 78%
register	注册（免费无鉴权服务商）	2026-08-17T14:04:35.3780622Z Extracting addon (UBO): 78%
register	注册（免费无鉴权服务商）	2026-08-17T14:04:35.3781842Z Extracting addon (UBO): 78%
register	注册（免费无鉴权服务商）	2026-08-17T14:04:35.3782948Z Extracting addon (UBO): 78%
register	注册（免费无鉴权服务商）	2026-08-17T14:04:35.3784022Z Extracting addon (UBO): 78%
register	注册（免费无鉴权服务商）	2026-08-17T14:04:35.3785082Z Extracting addon (UBO): 78%
register	注册（免费无鉴权服务商）	2026-08-17T14:04:35.3786174Z Extracting addon (UBO): 79%
register	注册（免费无鉴权服务商）	2026-08-17T14:04:35.3787219Z Extracting addon (UBO): 79%
register	注册（免费无鉴权服务商）	2026-08-17T14:04:35.3788306Z Extracting addon (UBO): 79%
register	注册（免费无鉴权服务商）	2026-08-17T14:04:35.3789396Z Extracting addon (UBO): 79%
register	注册（免费无鉴权服务商）	2026-08-17T14:04:35.3790594Z Extracting addon (UBO): 79%
register	注册（免费无鉴权服务商）	2026-08-17T14:04:35.3791774Z Extracting addon (UBO): 79%
register	注册（免费无鉴权服务商）	2026-08-17T14:04:35.3792879Z Extracting addon (UBO): 79%
register	注册（免费无鉴权服务商）	2026-08-17T14:04:35.3793943Z Extracting addon (UBO): 80%
register	注册（免费无鉴权服务商）	2026-08-17T14:04:35.3795117Z Extracting addon (UBO): 80%
register	注册（免费无鉴权服务商）	2026-08-17T14:04:35.3796204Z Extracting addon (UBO): 80%
register	注册（免费无鉴权服务商）	2026-08-17T14:04:35.3797276Z Extracting addon (UBO): 80%
register	注册（免费无鉴权服务商）	2026-08-17T14:04:35.3798359Z Extracting addon (UBO): 80%
register	注册（免费无鉴权服务商）	2026-08-17T14:04:35.3799438Z Extracting addon (UBO): 80%
register	注册（免费无鉴权服务商）	2026-08-17T14:04:35.3800583Z Extracting addon (UBO): 81%
register	注册（免费无鉴权服务商）	2026-08-17T14:04:35.3801975Z Extracting addon (UBO): 81%
register	注册（免费无鉴权服务商）	2026-08-17T14:04:35.3802975Z Extracting addon (UBO): 81%
register	注册（免费无鉴权服务商）	2026-08-17T14:04:35.3804055Z Extracting addon (UBO): 81%
register	注册（免费无鉴权服务商）	2026-08-17T14:04:35.3805166Z Extracting addon (UBO): 81%
register	注册（免费无鉴权服务商）	2026-08-17T14:04:35.3806295Z Extracting addon (UBO): 81%
register	注册（免费无鉴权服务商）	2026-08-17T14:04:35.3807355Z Extracting addon (UBO): 81%
register	注册（免费无鉴权服务商）	2026-08-17T14:04:35.3808431Z Extracting addon (UBO): 82%
register	注册（免费无鉴权服务商）	2026-08-17T14:04:35.3809536Z Extracting addon (UBO): 82%
register	注册（免费无鉴权服务商）	2026-08-17T14:04:35.3810897Z Extracting addon (UBO): 82%
register	注册（免费无鉴权服务商）	2026-08-17T14:04:35.3812058Z Extracting addon (UBO): 82%
register	注册（免费无鉴权服务商）	2026-08-17T14:04:35.3813213Z Extracting addon (UBO): 82%
register	注册（免费无鉴权服务商）	2026-08-17T14:04:35.3814316Z Extracting addon (UBO): 82%
register	注册（免费无鉴权服务商）	2026-08-17T14:04:35.3815424Z Extracting addon (UBO): 83%
register	注册（免费无鉴权服务商）	2026-08-17T14:04:35.3816553Z Extracting addon (UBO): 83%
register	注册（免费无鉴权服务商）	2026-08-17T14:04:35.3817661Z Extracting addon (UBO): 83%
register	注册（免费无鉴权服务商）	2026-08-17T14:04:35.3818757Z Extracting addon (UBO): 83%
register	注册（免费无鉴权服务商）	2026-08-17T14:04:35.3819858Z Extracting addon (UBO): 83%
register	注册（免费无鉴权服务商）	2026-08-17T14:04:35.3821295Z Extracting addon (UBO): 83%
register	注册（免费无鉴权服务商）	2026-08-17T14:04:35.3822424Z Extracting addon (UBO): 83%
register	注册（免费无鉴权服务商）	2026-08-17T14:04:35.3823524Z Extracting addon (UBO): 84%
register	注册（免费无鉴权服务商）	2026-08-17T14:04:35.3824610Z Extracting addon (UBO): 84%
register	注册（免费无鉴权服务商）	2026-08-17T14:04:35.3825738Z Extracting addon (UBO): 84%
register	注册（免费无鉴权服务商）	2026-08-17T14:04:35.3826828Z Extracting addon (UBO): 84%
register	注册（免费无鉴权服务商）	2026-08-17T14:04:35.3827917Z Extracting addon (UBO): 84%
register	注册（免费无鉴权服务商）	2026-08-17T14:04:35.3829041Z Extracting addon (UBO): 84%
register	注册（免费无鉴权服务商）	2026-08-17T14:04:35.3830126Z Extracting addon (UBO): 84%
register	注册（免费无鉴权服务商）	2026-08-17T14:04:35.3831828Z Extracting addon (UBO): 85%
register	注册（免费无鉴权服务商）	2026-08-17T14:04:35.3832707Z Extracting addon (UBO): 85%
register	注册（免费无鉴权服务商）	2026-08-17T14:04:35.3833893Z Extracting addon (UBO): 85%
register	注册（免费无鉴权服务商）	2026-08-17T14:04:35.3835014Z Extracting addon (UBO): 85%
register	注册（免费无鉴权服务商）	2026-08-17T14:04:35.3836155Z Extracting addon (UBO): 85%
register	注册（免费无鉴权服务商）	2026-08-17T14:04:35.3837284Z Extracting addon (UBO): 85%
register	注册（免费无鉴权服务商）	2026-08-17T14:04:35.3838410Z Extracting addon (UBO): 86%
register	注册（免费无鉴权服务商）	2026-08-17T14:04:35.3839559Z Extracting addon (UBO): 86%
register	注册（免费无鉴权服务商）	2026-08-17T14:04:35.3840911Z Extracting addon (UBO): 86%
register	注册（免费无鉴权服务商）	2026-08-17T14:04:35.3842115Z Extracting addon (UBO): 86%
register	注册（免费无鉴权服务商）	2026-08-17T14:04:35.3843241Z Extracting addon (UBO): 86%
register	注册（免费无鉴权服务商）	2026-08-17T14:04:35.3844851Z Extracting addon (UBO): 86%
register	注册（免费无鉴权服务商）	2026-08-17T14:04:35.3845656Z Extracting addon (UBO): 86%
register	注册（免费无鉴权服务商）	2026-08-17T14:04:35.3846976Z Extracting addon (UBO): 87%
register	注册（免费无鉴权服务商）	2026-08-17T14:04:35.3848040Z Extracting addon (UBO): 87%
register	注册（免费无鉴权服务商）	2026-08-17T14:04:35.3849164Z Extracting addon (UBO): 87%
register	注册（免费无鉴权服务商）	2026-08-17T14:04:35.3850566Z Extracting addon (UBO): 87%
register	注册（免费无鉴权服务商）	2026-08-17T14:04:35.3851762Z Extracting addon (UBO): 87%
register	注册（免费无鉴权服务商）	2026-08-17T14:04:35.3852893Z Extracting addon (UBO): 87%
register	注册（免费无鉴权服务商）	2026-08-17T14:04:35.3854066Z Extracting addon (UBO): 88%
register	注册（免费无鉴权服务商）	2026-08-17T14:04:35.3855244Z Extracting addon (UBO): 88%
register	注册（免费无鉴权服务商）	2026-08-17T14:04:35.3856361Z Extracting addon (UBO): 88%
register	注册（免费无鉴权服务商）	2026-08-17T14:04:35.3857494Z Extracting addon (UBO): 88%
register	注册（免费无鉴权服务商）	2026-08-17T14:04:35.3858616Z Extracting addon (UBO): 88%
register	注册（免费无鉴权服务商）	2026-08-17T14:04:35.3859740Z Extracting addon (UBO): 88%
register	注册（免费无鉴权服务商）	2026-08-17T14:04:35.3861116Z Extracting addon (UBO): 88%
register	注册（免费无鉴权服务商）	2026-08-17T14:04:35.3862263Z Extracting addon (UBO): 89%
register	注册（免费无鉴权服务商）	2026-08-17T14:04:35.3863386Z Extracting addon (UBO): 89%
register	注册（免费无鉴权服务商）	2026-08-17T14:04:35.3864536Z Extracting addon (UBO): 89%
register	注册（免费无鉴权服务商）	2026-08-17T14:04:35.3865710Z Extracting addon (UBO): 89%
register	注册（免费无鉴权服务商）	2026-08-17T14:04:35.3866842Z Extracting addon (UBO): 89%
register	注册（免费无鉴权服务商）	2026-08-17T14:04:35.3867992Z Extracting addon (UBO): 89%
register	注册（免费无鉴权服务商）	2026-08-17T14:04:35.3869192Z Extracting addon (UBO): 90%
register	注册（免费无鉴权服务商）	2026-08-17T14:04:35.3870625Z Extracting addon (UBO): 90%
register	注册（免费无鉴权服务商）	2026-08-17T14:04:35.3871829Z Extracting addon (UBO): 90%
register	注册（免费无鉴权服务商）	2026-08-17T14:04:35.3872973Z Extracting addon (UBO): 90%
register	注册（免费无鉴权服务商）	2026-08-17T14:04:35.3874122Z Extracting addon (UBO): 90%
register	注册（免费无鉴权服务商）	2026-08-17T14:04:35.3875260Z Extracting addon (UBO): 90%
register	注册（免费无鉴权服务商）	2026-08-17T14:04:35.3876418Z Extracting addon (UBO): 90%
register	注册（免费无鉴权服务商）	2026-08-17T14:04:35.3877679Z Extracting addon (UBO): 91%
register	注册（免费无鉴权服务商）	2026-08-17T14:04:35.3879113Z Extracting addon (UBO): 91%
register	注册（免费无鉴权服务商）	2026-08-17T14:04:35.3880357Z Extracting addon (UBO): 91%
register	注册（免费无鉴权服务商）	2026-08-17T14:04:35.3881641Z Extracting addon (UBO): 91%
register	注册（免费无鉴权服务商）	2026-08-17T14:04:35.3882844Z Extracting addon (UBO): 91%
register	注册（免费无鉴权服务商）	2026-08-17T14:04:35.3885256Z Extracting addon (UBO): 91%
register	注册（免费无鉴权服务商）	2026-08-17T14:04:35.3886273Z Extracting addon (UBO): 91%
register	注册（免费无鉴权服务商）	2026-08-17T14:04:35.3887436Z Extracting addon (UBO): 92%
register	注册（免费无鉴权服务商）	2026-08-17T14:04:35.3890030Z Extracting addon (UBO): 92%
register	注册（免费无鉴权服务商）	2026-08-17T14:04:35.3892290Z Extracting addon (UBO): 92%
register	注册（免费无鉴权服务商）	2026-08-17T14:04:35.3893842Z Extracting addon (UBO): 92%
register	注册（免费无鉴权服务商）	2026-08-17T14:04:35.3896775Z Extracting addon (UBO): 92%
register	注册（免费无鉴权服务商）	2026-08-17T14:04:35.3898703Z Extracting addon (UBO): 92%
register	注册（免费无鉴权服务商）	2026-08-17T14:04:35.3900981Z Extracting addon (UBO): 93%
register	注册（免费无鉴权服务商）	2026-08-17T14:04:35.3902908Z Extracting addon (UBO): 93%
register	注册（免费无鉴权服务商）	2026-08-17T14:04:35.3906614Z Extracting addon (UBO): 93%
register	注册（免费无鉴权服务商）	2026-08-17T14:04:35.3908176Z Extracting addon (UBO): 93%
register	注册（免费无鉴权服务商）	2026-08-17T14:04:35.3911089Z Extracting addon (UBO): 93%
register	注册（免费无鉴权服务商）	2026-08-17T14:04:35.3912533Z Extracting addon (UBO): 93%
register	注册（免费无鉴权服务商）	2026-08-17T14:04:35.3921016Z Extracting addon (UBO): 93%
register	注册（免费无鉴权服务商）	2026-08-17T14:04:35.3921154Z Extracting addon (UBO): 94%
register	注册（免费无鉴权服务商）	2026-08-17T14:04:35.3921295Z Extracting addon (UBO): 94%
register	注册（免费无鉴权服务商）	2026-08-17T14:04:35.3921435Z Extracting addon (UBO): 94%
register	注册（免费无鉴权服务商）	2026-08-17T14:04:35.3921987Z Extracting addon (UBO): 94%
register	注册（免费无鉴权服务商）	2026-08-17T14:04:35.3924036Z Extracting addon (UBO): 94%
register	注册（免费无鉴权服务商）	2026-08-17T14:04:35.3925737Z Extracting addon (UBO): 94%
register	注册（免费无鉴权服务商）	2026-08-17T14:04:35.3928849Z Extracting addon (UBO): 95%
register	注册（免费无鉴权服务商）	2026-08-17T14:04:35.3931138Z Extracting addon (UBO): 95%
register	注册（免费无鉴权服务商）	2026-08-17T14:04:35.3932915Z Extracting addon (UBO): 95%
register	注册（免费无鉴权服务商）	2026-08-17T14:04:35.3936146Z Extracting addon (UBO): 95%
register	注册（免费无鉴权服务商）	2026-08-17T14:04:35.3953813Z Extracting addon (UBO): 95%
register	注册（免费无鉴权服务商）	2026-08-17T14:04:35.3955317Z Extracting addon (UBO): 95%
register	注册（免费无鉴权服务商）	2026-08-17T14:04:35.3956956Z Extracting addon (UBO): 95%
register	注册（免费无鉴权服务商）	2026-08-17T14:04:35.3959196Z Extracting addon (UBO): 96%
register	注册（免费无鉴权服务商）	2026-08-17T14:04:35.3960680Z Extracting addon (UBO): 96%
register	注册（免费无鉴权服务商）	2026-08-17T14:04:35.3961927Z Extracting addon (UBO): 96%
register	注册（免费无鉴权服务商）	2026-08-17T14:04:35.3962854Z Extracting addon (UBO): 96%
register	注册（免费无鉴权服务商）	2026-08-17T14:04:35.3964106Z Extracting addon (UBO): 96%
register	注册（免费无鉴权服务商）	2026-08-17T14:04:35.3965537Z Extracting addon (UBO): 96%
register	注册（免费无鉴权服务商）	2026-08-17T14:04:35.3967079Z Extracting addon (UBO): 97%
register	注册（免费无鉴权服务商）	2026-08-17T14:04:35.3971939Z Extracting addon (UBO): 97%
register	注册（免费无鉴权服务商）	2026-08-17T14:04:35.3972871Z Extracting addon (UBO): 97%
register	注册（免费无鉴权服务商）	2026-08-17T14:04:35.3975417Z Extracting addon (UBO): 97%
register	注册（免费无鉴权服务商）	2026-08-17T14:04:35.3977245Z Extracting addon (UBO): 97%
register	注册（免费无鉴权服务商）	2026-08-17T14:04:35.3978116Z Extracting addon (UBO): 97%
register	注册（免费无鉴权服务商）	2026-08-17T14:04:35.3979211Z Extracting addon (UBO): 97%
register	注册（免费无鉴权服务商）	2026-08-17T14:04:35.3980940Z Extracting addon (UBO): 98%
register	注册（免费无鉴权服务商）	2026-08-17T14:04:35.3981934Z Extracting addon (UBO): 98%
register	注册（免费无鉴权服务商）	2026-08-17T14:04:35.3983023Z Extracting addon (UBO): 98%
register	注册（免费无鉴权服务商）	2026-08-17T14:04:35.3984668Z Extracting addon (UBO): 98%
register	注册（免费无鉴权服务商）	2026-08-17T14:04:35.3992603Z Extracting addon (UBO): 98%
register	注册（免费无鉴权服务商）	2026-08-17T14:04:35.3994568Z Extracting addon (UBO): 98%
register	注册（免费无鉴权服务商）	2026-08-17T14:04:35.3995468Z Extracting addon (UBO): 98%
register	注册（免费无鉴权服务商）	2026-08-17T14:04:35.3997109Z Extracting addon (UBO): 99%
register	注册（免费无鉴权服务商）	2026-08-17T14:04:35.4000398Z Extracting addon (UBO): 99%
register	注册（免费无鉴权服务商）	2026-08-17T14:04:35.4001313Z Extracting addon (UBO): 99%
register	注册（免费无鉴权服务商）	2026-08-17T14:04:35.4002421Z Extracting addon (UBO): 99%
register	注册（免费无鉴权服务商）	2026-08-17T14:04:35.4007370Z Extracting addon (UBO): 99%
register	注册（免费无鉴权服务商）	2026-08-17T14:04:35.4008406Z Extracting addon (UBO): 99%
register	注册（免费无鉴权服务商）	2026-08-17T14:04:35.4013044Z Extracting addon (UBO): 100%
register	注册（免费无鉴权服务商）	2026-08-17T14:04:35.4013965Z Extracting addon (UBO): 100%
register	注册（免费无鉴权服务商）	2026-08-17T14:04:35.4015406Z Extracting addon (UBO): 100%
register	注册（免费无鉴权服务商）	2026-08-17T14:04:35.4291757Z 14:04:35 [ERROR] [Camoufox注册] 失败：RuntimeError: Camoufox 浏览器二进制未安装，请先执行: camoufox fetch
register	注册（免费无鉴权服务商）	2026-08-17T14:04:35.4292800Z 14:04:35 [INFO] [Catchmail] 已释放邮箱上下文: qilyt11mo8@catchmail.io（status=available, note=Camoufox失败: Camoufox 浏览器二进制未安装，请先执行: camoufox fetch）
register	注册（免费无鉴权服务商）	2026-08-17T14:04:35.4294086Z 14:04:35 [INFO] [批量] 开始第 5/100 个注册
register	注册（免费无鉴权服务商）	2026-08-17T14:04:35.4301676Z 14:04:35 [DEBUG] Starting new HTTPS connection (1): throwawaymail.app:443
register	注册（免费无鉴权服务商）	2026-08-17T14:04:35.5834368Z 14:04:35 [DEBUG] https://api.mail.tm:443 "POST /accounts HTTP/1.1" 201 211
register	注册（免费无鉴权服务商）	2026-08-17T14:04:35.5852590Z 14:04:35 [DEBUG] Starting new HTTPS connection (1): api.mail.tm:443
register	注册（免费无鉴权服务商）	2026-08-17T14:04:35.5855140Z 14:04:35 [DEBUG] https://tempmailc.com:443 "GET /api/v1/domains HTTP/1.1" 200 78
register	注册（免费无鉴权服务商）	2026-08-17T14:04:35.5869430Z 14:04:35 [INFO] [TempMailC] 已获取可用域名: kojoball.email,kortazo.email,domsr.fun
register	注册（免费无鉴权服务商）	2026-08-17T14:04:35.5870551Z 14:04:35 [INFO] [TempMailC] 已生成临时邮箱: hnjol3rcak@kortazo.email
register	注册（免费无鉴权服务商）	2026-08-17T14:04:35.5871959Z 14:04:35 [INFO] [EmailProvider] 使用邮箱来源: tempmailc, email=hnjol3rcak@kortazo.email (order=['tempmailc', 'catchmail', 'mailtm', 'myagentinbox', 'throwawaymail', 'tempmail', 'qxfy', 'dropmail', 'onesecmail'])
register	注册（免费无鉴权服务商）	2026-08-17T14:04:35.5872992Z 14:04:35 [DEBUG] 自动获取邮箱: hnjol3rcak@kortazo.email
register	注册（免费无鉴权服务商）	2026-08-17T14:04:35.5873384Z 14:04:35 [DEBUG] 自动生成显示名称: Hadwet Upqcivj
register	注册（免费无鉴权服务商）	2026-08-17T14:04:35.5873781Z 14:04:35 [INFO] [Camoufox] 使用代理: socks5://127.0.0.1:40000
register	注册（免费无鉴权服务商）	2026-08-17T14:04:35.5874202Z 14:04:35 [INFO] [Camoufox] 启动无头浏览器 (headless=True)...
register	注册（免费无鉴权服务商）	2026-08-17T14:04:35.5874533Z 14:04:35 [DEBUG] Using selector: EpollSelector
register	注册（免费无鉴权服务商）	2026-08-17T14:04:35.6675366Z 14:04:35 [DEBUG] https://throwawaymail.app:443 "POST /api/mailboxes HTTP/1.1" 201 199
register	注册（免费无鉴权服务商）	2026-08-17T14:04:35.6690024Z 14:04:35 [INFO] [ThrowawayMail] 已创建临时邮箱: lonely.trap.leisure@throwawaymail.app（过期 2026-08-17T14:14:35.636140+00:00）
register	注册（免费无鉴权服务商）	2026-08-17T14:04:35.6692231Z 14:04:35 [INFO] [EmailProvider] 使用邮箱来源: throwawaymail, email=lonely.trap.leisure@throwawaymail.app (order=['throwawaymail', 'tempmailc', 'catchmail', 'qxfy', 'tempmail', 'dropmail', 'onesecmail', 'myagentinbox', 'mailtm'])
register	注册（免费无鉴权服务商）	2026-08-17T14:04:35.6693776Z 14:04:35 [DEBUG] 自动获取邮箱: lonely.trap.leisure@throwawaymail.app
register	注册（免费无鉴权服务商）	2026-08-17T14:04:35.6694429Z 14:04:35 [DEBUG] 自动生成显示名称: Qgjur Rdqvgt
register	注册（免费无鉴权服务商）	2026-08-17T14:04:35.6695023Z 14:04:35 [INFO] [Camoufox] 使用代理: socks5://127.0.0.1:40000
register	注册（免费无鉴权服务商）	2026-08-17T14:04:35.6700378Z 14:04:35 [INFO] [Camoufox] 启动无头浏览器 (headless=True)...
register	注册（免费无鉴权服务商）	2026-08-17T14:04:35.6700934Z 14:04:35 [DEBUG] Using selector: EpollSelector
register	注册（免费无鉴权服务商）	2026-08-17T14:04:35.9271485Z 14:04:35 [ERROR] [Camoufox注册] 失败：RuntimeError: Camoufox 浏览器二进制未安装，请先执行: camoufox fetch
register	注册（免费无鉴权服务商）	2026-08-17T14:04:35.9273057Z 14:04:35 [INFO] [TempMailC] 已释放邮箱上下文: hnjol3rcak@kortazo.email（status=available, note=Camoufox失败: Camoufox 浏览器二进制未安装，请先执行: camoufox fetch）
register	注册（免费无鉴权服务商）	2026-08-17T14:04:35.9274089Z 14:04:35 [INFO] [批量] 开始第 6/100 个注册
register	注册（免费无鉴权服务商）	2026-08-17T14:04:35.9314434Z 14:04:35 [DEBUG] Starting new HTTPS connection (1): myagentinbox.com:443
register	注册（免费无鉴权服务商）	2026-08-17T14:04:36.0169815Z 14:04:36 [ERROR] [Camoufox注册] 失败：RuntimeError: Camoufox 浏览器二进制未安装，请先执行: camoufox fetch
register	注册（免费无鉴权服务商）	2026-08-17T14:04:36.0171352Z 14:04:36 [INFO] [ThrowawayMail] 已释放邮箱上下文: lonely.trap.leisure@throwawaymail.app（status=available, note=Camoufox失败: Camoufox 浏览器二进制未安装，请先执行: camoufox fetch）
register	注册（免费无鉴权服务商）	2026-08-17T14:04:36.0172465Z 14:04:36 [INFO] [批量] 开始第 7/100 个注册
register	注册（免费无鉴权服务商）	2026-08-17T14:04:36.0178298Z 14:04:36 [DEBUG] Starting new HTTPS connection (1): dropmail.click:443
register	注册（免费无鉴权服务商）	2026-08-17T14:04:36.3296640Z 14:04:36 [DEBUG] https://dropmail.click:443 "POST /api/v1/public/mailbox HTTP/1.1" 201 113
register	注册（免费无鉴权服务商）	2026-08-17T14:04:36.3309993Z 14:04:36 [INFO] [DropMail] 已创建临时邮箱: b24a01f4e006@dropmail.click（有效期 2026-08-17T14:14:36Z）
register	注册（免费无鉴权服务商）	2026-08-17T14:04:36.3311958Z 14:04:36 [INFO] [EmailProvider] 使用邮箱来源: dropmail, email=b24a01f4e006@dropmail.click (order=['dropmail', 'tempmailc', 'mailtm', 'throwawaymail', 'myagentinbox', 'qxfy', 'tempmail', 'onesecmail', 'catchmail'])
register	注册（免费无鉴权服务商）	2026-08-17T14:04:36.3313326Z 14:04:36 [DEBUG] 自动获取邮箱: b24a01f4e006@dropmail.click
register	注册（免费无鉴权服务商）	2026-08-17T14:04:36.3313876Z 14:04:36 [DEBUG] 自动生成显示名称: Dfbs Hkebd
register	注册（免费无鉴权服务商）	2026-08-17T14:04:36.3314501Z 14:04:36 [INFO] [Camoufox] 使用代理: socks5://127.0.0.1:40000
register	注册（免费无鉴权服务商）	2026-08-17T14:04:36.3315589Z 14:04:36 [INFO] [Camoufox] 启动无头浏览器 (headless=True)...
register	注册（免费无鉴权服务商）	2026-08-17T14:04:36.3316104Z 14:04:36 [DEBUG] Using selector: EpollSelector
register	注册（免费无鉴权服务商）	2026-08-17T14:04:36.3333028Z 14:04:36 [DEBUG] https://myagentinbox.com:443 "POST /api/inboxes HTTP/1.1" 201 109
register	注册（免费无鉴权服务商）	2026-08-17T14:04:36.3349826Z 14:04:36 [INFO] [MyAgentInbox] 已创建临时邮箱: qped7n4xzg@myagentinbox.com（过期 24h）
register	注册（免费无鉴权服务商）	2026-08-17T14:04:36.3351728Z 14:04:36 [INFO] [EmailProvider] 使用邮箱来源: myagentinbox, email=qped7n4xzg@myagentinbox.com (order=['myagentinbox', 'qxfy', 'dropmail', 'onesecmail', 'throwawaymail', 'catchmail', 'tempmailc', 'mailtm', 'tempmail'])
register	注册（免费无鉴权服务商）	2026-08-17T14:04:36.3353197Z 14:04:36 [DEBUG] 自动获取邮箱: qped7n4xzg@myagentinbox.com
register	注册（免费无鉴权服务商）	2026-08-17T14:04:36.3353610Z 14:04:36 [DEBUG] 自动生成显示名称: Flekev Pudjqh
register	注册（免费无鉴权服务商）	2026-08-17T14:04:36.3354002Z 14:04:36 [INFO] [Camoufox] 使用代理: socks5://127.0.0.1:40000
register	注册（免费无鉴权服务商）	2026-08-17T14:04:36.3354427Z 14:04:36 [INFO] [Camoufox] 启动无头浏览器 (headless=True)...
register	注册（免费无鉴权服务商）	2026-08-17T14:04:36.3354761Z 14:04:36 [DEBUG] Using selector: EpollSelector
register	注册（免费无鉴权服务商）	2026-08-17T14:04:36.4356542Z 14:04:36 [DEBUG] https://api.mail.tm:443 "POST /token HTTP/1.1" 200 440
register	注册（免费无鉴权服务商）	2026-08-17T14:04:36.4373887Z 14:04:36 [INFO] [Mail.tm] 已创建临时账号: ybfxmxnr22@emalupe.com
register	注册（免费无鉴权服务商）	2026-08-17T14:04:36.4375814Z 14:04:36 [INFO] [EmailProvider] 使用邮箱来源: mailtm, email=ybfxmxnr22@emalupe.com (order=['mailtm', 'onesecmail', 'tempmail', 'catchmail', 'myagentinbox', 'throwawaymail', 'qxfy', 'dropmail', 'tempmailc'])
register	注册（免费无鉴权服务商）	2026-08-17T14:04:36.4377438Z 14:04:36 [DEBUG] 自动获取邮箱: ybfxmxnr22@emalupe.com
register	注册（免费无鉴权服务商）	2026-08-17T14:04:36.4378185Z 14:04:36 [DEBUG] 自动生成显示名称: Looiy Uusw
register	注册（免费无鉴权服务商）	2026-08-17T14:04:36.4378996Z 14:04:36 [INFO] [Camoufox] 使用代理: socks5://127.0.0.1:40000
register	注册（免费无鉴权服务商）	2026-08-17T14:04:36.4379830Z 14:04:36 [INFO] [Camoufox] 启动无头浏览器 (headless=True)...
register	注册（免费无鉴权服务商）	2026-08-17T14:04:36.4380701Z 14:04:36 [DEBUG] Using selector: EpollSelector
register	注册（免费无鉴权服务商）	2026-08-17T14:04:36.7531915Z 14:04:36 [ERROR] [Camoufox注册] 失败：RuntimeError: Camoufox 浏览器二进制未安装，请先执行: camoufox fetch
register	注册（免费无鉴权服务商）	2026-08-17T14:04:36.7533038Z 14:04:36 [INFO] [MyAgentInbox] 已释放邮箱上下文: qped7n4xzg@myagentinbox.com（status=available, note=Camoufox失败: Camoufox 浏览器二进制未安装，请先执行: camoufox fetch）
register	注册（免费无鉴权服务商）	2026-08-17T14:04:36.7540911Z 14:04:36 [INFO] [批量] 开始第 8/100 个注册
register	注册（免费无鉴权服务商）	2026-08-17T14:04:36.7551100Z 14:04:36 [DEBUG] Starting new HTTPS connection (1): www.1secmail.com:443
register	注册（免费无鉴权服务商）	2026-08-17T14:04:36.7628092Z 14:04:36 [ERROR] [Camoufox注册] 失败：RuntimeError: Camoufox 浏览器二进制未安装，请先执行: camoufox fetch
register	注册（免费无鉴权服务商）	2026-08-17T14:04:36.7629533Z 14:04:36 [INFO] [DropMail] 已释放邮箱上下文: b24a01f4e006@dropmail.click（status=available, note=Camoufox失败: Camoufox 浏览器二进制未安装，请先执行: camoufox fetch）
register	注册（免费无鉴权服务商）	2026-08-17T14:04:36.7630851Z 14:04:36 [INFO] [批量] 开始第 9/100 个注册
register	注册（免费无鉴权服务商）	2026-08-17T14:04:36.7637886Z 14:04:36 [DEBUG] Starting new HTTPS connection (1): throwawaymail.app:443
register	注册（免费无鉴权服务商）	2026-08-17T14:04:36.8228058Z 14:04:36 [ERROR] [Camoufox注册] 失败：RuntimeError: Camoufox 浏览器二进制未安装，请先执行: camoufox fetch
register	注册（免费无鉴权服务商）	2026-08-17T14:04:36.8229551Z 14:04:36 [INFO] [Mail.tm] 已释放邮箱上下文: ybfxmxnr22@emalupe.com（status=available, note=Camoufox失败: Camoufox 浏览器二进制未安装，请先执行: camoufox fetch）
register	注册（免费无鉴权服务商）	2026-08-17T14:04:36.8230766Z 14:04:36 [INFO] [批量] 开始第 10/100 个注册
register	注册（免费无鉴权服务商）	2026-08-17T14:04:36.8236979Z 14:04:36 [DEBUG] Starting new HTTPS connection (1): throwawaymail.app:443
register	注册（免费无鉴权服务商）	2026-08-17T14:04:36.8695207Z 14:04:36 [DEBUG] https://throwawaymail.app:443 "POST /api/mailboxes HTTP/1.1" 201 200
register	注册（免费无鉴权服务商）	2026-08-17T14:04:36.8708144Z 14:04:36 [INFO] [ThrowawayMail] 已创建临时邮箱: sugar.century.dinner@throwawaymail.app（过期 2026-08-17T14:14:36.841329+00:00）
register	注册（免费无鉴权服务商）	2026-08-17T14:04:36.8710173Z 14:04:36 [INFO] [EmailProvider] 使用邮箱来源: throwawaymail, email=sugar.century.dinner@throwawaymail.app (order=['throwawaymail', 'myagentinbox', 'dropmail', 'tempmail', 'qxfy', 'onesecmail', 'catchmail', 'tempmailc', 'mailtm'])
register	注册（免费无鉴权服务商）	2026-08-17T14:04:36.8711946Z 14:04:36 [DEBUG] 自动获取邮箱: sugar.century.dinner@throwawaymail.app
register	注册（免费无鉴权服务商）	2026-08-17T14:04:36.8712606Z 14:04:36 [DEBUG] 自动生成显示名称: Tnff Nxocwqs
register	注册（免费无鉴权服务商）	2026-08-17T14:04:36.8713249Z 14:04:36 [INFO] [Camoufox] 使用代理: socks5://127.0.0.1:40000
register	注册（免费无鉴权服务商）	2026-08-17T14:04:36.8713900Z 14:04:36 [INFO] [Camoufox] 启动无头浏览器 (headless=True)...
register	注册（免费无鉴权服务商）	2026-08-17T14:04:36.8714382Z 14:04:36 [DEBUG] Using selector: EpollSelector
register	注册（免费无鉴权服务商）	2026-08-17T14:04:36.9886921Z 14:04:36 [DEBUG] https://throwawaymail.app:443 "POST /api/mailboxes HTTP/1.1" 201 200
register	注册（免费无鉴权服务商）	2026-08-17T14:04:36.9901563Z 14:04:36 [INFO] [ThrowawayMail] 已创建临时邮箱: allow.prevent.inmate@throwawaymail.app（过期 2026-08-17T14:14:36.958294+00:00）
register	注册（免费无鉴权服务商）	2026-08-17T14:04:36.9903684Z 14:04:36 [INFO] [EmailProvider] 使用邮箱来源: throwawaymail, email=allow.prevent.inmate@throwawaymail.app (order=['throwawaymail', 'dropmail', 'onesecmail', 'myagentinbox', 'tempmailc', 'qxfy', 'catchmail', 'mailtm', 'tempmail'])
register	注册（免费无鉴权服务商）	2026-08-17T14:04:36.9905333Z 14:04:36 [DEBUG] 自动获取邮箱: allow.prevent.inmate@throwawaymail.app
register	注册（免费无鉴权服务商）	2026-08-17T14:04:36.9906057Z 14:04:36 [DEBUG] 自动生成显示名称: Bsaafuf Ncel
register	注册（免费无鉴权服务商）	2026-08-17T14:04:36.9907012Z 14:04:36 [INFO] [Camoufox] 使用代理: socks5://127.0.0.1:40000
register	注册（免费无鉴权服务商）	2026-08-17T14:04:36.9908118Z 14:04:36 [INFO] [Camoufox] 启动无头浏览器 (headless=True)...
register	注册（免费无鉴权服务商）	2026-08-17T14:04:36.9908918Z 14:04:36 [DEBUG] Using selector: EpollSelector
register	注册（免费无鉴权服务商）	2026-08-17T14:04:37.2082984Z 14:04:37 [ERROR] [Camoufox注册] 失败：RuntimeError: Camoufox 浏览器二进制未安装，请先执行: camoufox fetch
register	注册（免费无鉴权服务商）	2026-08-17T14:04:37.2084929Z 14:04:37 [INFO] [ThrowawayMail] 已释放邮箱上下文: sugar.century.dinner@throwawaymail.app（status=available, note=Camoufox失败: Camoufox 浏览器二进制未安装，请先执行: camoufox fetch）
register	注册（免费无鉴权服务商）	2026-08-17T14:04:37.2086338Z 14:04:37 [INFO] [批量] 开始第 11/100 个注册
register	注册（免费无鉴权服务商）	2026-08-17T14:04:37.2087055Z 14:04:37 [INFO] [Catchmail] 已生成临时邮箱: xa92fz133f@catchmail.io
register	注册（免费无鉴权服务商）	2026-08-17T14:04:37.2088742Z 14:04:37 [INFO] [EmailProvider] 使用邮箱来源: catchmail, email=xa92fz133f@catchmail.io (order=['catchmail', 'mailtm', 'tempmailc', 'myagentinbox', 'qxfy', 'throwawaymail', 'tempmail', 'dropmail', 'onesecmail'])
register	注册（免费无鉴权服务商）	2026-08-17T14:04:37.2090543Z 14:04:37 [DEBUG] 自动获取邮箱: xa92fz133f@catchmail.io
register	注册（免费无鉴权服务商）	2026-08-17T14:04:37.2091218Z 14:04:37 [DEBUG] 自动生成显示名称: Zwmi Dulsz
register	注册（免费无鉴权服务商）	2026-08-17T14:04:37.2091924Z 14:04:37 [INFO] [Camoufox] 使用代理: socks5://127.0.0.1:40000
register	注册（免费无鉴权服务商）	2026-08-17T14:04:37.2093116Z 14:04:37 [INFO] [Camoufox] 启动无头浏览器 (headless=True)...
register	注册（免费无鉴权服务商）	2026-08-17T14:04:37.2093702Z 14:04:37 [DEBUG] Using selector: EpollSelector
register	注册（免费无鉴权服务商）	2026-08-17T14:04:37.3412164Z 14:04:37 [ERROR] [Camoufox注册] 失败：RuntimeError: Camoufox 浏览器二进制未安装，请先执行: camoufox fetch
register	注册（免费无鉴权服务商）	2026-08-17T14:04:37.3413813Z 14:04:37 [INFO] [ThrowawayMail] 已释放邮箱上下文: allow.prevent.inmate@throwawaymail.app（status=available, note=Camoufox失败: Camoufox 浏览器二进制未安装，请先执行: camoufox fetch）
register	注册（免费无鉴权服务商）	2026-08-17T14:04:37.3423610Z 14:04:37 [INFO] [批量] 开始第 12/100 个注册
register	注册（免费无鉴权服务商）	2026-08-17T14:04:37.3424361Z 14:04:37 [INFO] [TempMailC] 已生成临时邮箱: tancxiw3gz@domsr.fun
register	注册（免费无鉴权服务商）	2026-08-17T14:04:37.3426076Z 14:04:37 [INFO] [EmailProvider] 使用邮箱来源: tempmailc, email=tancxiw3gz@domsr.fun (order=['tempmailc', 'myagentinbox', 'dropmail', 'catchmail', 'throwawaymail', 'onesecmail', 'tempmail', 'qxfy', 'mailtm'])
register	注册（免费无鉴权服务商）	2026-08-17T14:04:37.3427509Z 14:04:37 [DEBUG] 自动获取邮箱: tancxiw3gz@domsr.fun
register	注册（免费无鉴权服务商）	2026-08-17T14:04:37.3434598Z 14:04:37 [DEBUG] 自动生成显示名称: Irbi Kvpz
register	注册（免费无鉴权服务商）	2026-08-17T14:04:37.3435574Z 14:04:37 [INFO] [Camoufox] 使用代理: socks5://127.0.0.1:40000
register	注册（免费无鉴权服务商）	2026-08-17T14:04:37.3436311Z 14:04:37 [INFO] [Camoufox] 启动无头浏览器 (headless=True)...
register	注册（免费无鉴权服务商）	2026-08-17T14:04:37.3436850Z 14:04:37 [DEBUG] Using selector: EpollSelector
register	注册（免费无鉴权服务商）	2026-08-17T14:04:37.4938433Z 14:04:37 [DEBUG] https://www.1secmail.com:443 "GET /api/v1/?action=getDomainList HTTP/1.1" 403 None
register	注册（免费无鉴权服务商）	2026-08-17T14:04:37.4959453Z 14:04:37 [WARNING] [EmailProvider] 来源 onesecmail 领取邮箱失败: OneSecMailError: 1secmail 响应不是 JSON: HTTP 403; <!DOCTYPE HTML PUBLIC "-//IETF//DTD HTML 2.0//EN">
register	注册（免费无鉴权服务商）	2026-08-17T14:04:37.4962174Z <html><head>
register	注册（免费无鉴权服务商）	2026-08-17T14:04:37.4963648Z <title>403 Forbidden</title>
register	注册（免费无鉴权服务商）	2026-08-17T14:04:37.4964643Z </head><body>
register	注册（免费无鉴权服务商）	2026-08-17T14:04:37.4965247Z <h1>Forbidden</h1>
register	注册（免费无鉴权服务商）	2026-08-17T14:04:37.4965696Z <p>You don't have permission to ac
register	注册（免费无鉴权服务商）	2026-08-17T14:04:37.4966440Z 14:04:37 [WARNING] [EmailProvider] 来源 onesecmail 已无可换域名，切死
register	注册（免费无鉴权服务商）	2026-08-17T14:04:37.4967142Z 14:04:37 [DEBUG] Starting new HTTPS connection (1): throwawaymail.app:443
register	注册（免费无鉴权服务商）	2026-08-17T14:04:37.5651497Z 14:04:37 [ERROR] [Camoufox注册] 失败：RuntimeError: Camoufox 浏览器二进制未安装，请先执行: camoufox fetch
register	注册（免费无鉴权服务商）	2026-08-17T14:04:37.5652646Z 14:04:37 [INFO] [Catchmail] 已释放邮箱上下文: xa92fz133f@catchmail.io（status=available, note=Camoufox失败: Camoufox 浏览器二进制未安装，请先执行: camoufox fetch）
register	注册（免费无鉴权服务商）	2026-08-17T14:04:37.5655573Z 14:04:37 [INFO] [批量] 开始第 13/100 个注册
register	注册（免费无鉴权服务商）	2026-08-17T14:04:37.5657134Z 14:04:37 [INFO] [Catchmail] 已生成临时邮箱: g9sy9pwxsw@catchmail.io
register	注册（免费无鉴权服务商）	2026-08-17T14:04:37.5667700Z 14:04:37 [INFO] [EmailProvider] 使用邮箱来源: catchmail, email=g9sy9pwxsw@catchmail.io (order=['catchmail', 'dropmail', 'tempmailc', 'throwawaymail', 'qxfy', 'myagentinbox', 'mailtm', 'tempmail'])
register	注册（免费无鉴权服务商）	2026-08-17T14:04:37.5669175Z 14:04:37 [DEBUG] 自动获取邮箱: g9sy9pwxsw@catchmail.io
register	注册（免费无鉴权服务商）	2026-08-17T14:04:37.5670892Z 14:04:37 [DEBUG] 自动生成显示名称: Mygzz Kqqr
register	注册（免费无鉴权服务商）	2026-08-17T14:04:37.5671489Z 14:04:37 [INFO] [Camoufox] 使用代理: socks5://127.0.0.1:40000
register	注册（免费无鉴权服务商）	2026-08-17T14:04:37.5672160Z 14:04:37 [INFO] [Camoufox] 启动无头浏览器 (headless=True)...
register	注册（免费无鉴权服务商）	2026-08-17T14:04:37.5672673Z 14:04:37 [DEBUG] Using selector: EpollSelector
register	注册（免费无鉴权服务商）	2026-08-17T14:04:37.6463321Z 14:04:37 [DEBUG] https://throwawaymail.app:443 "POST /api/mailboxes HTTP/1.1" 201 198
register	注册（免费无鉴权服务商）	2026-08-17T14:04:37.6478750Z 14:04:37 [INFO] [ThrowawayMail] 已创建临时邮箱: thank.enact.enough@throwawaymail.app（过期 2026-08-17T14:14:37.616473+00:00）
register	注册（免费无鉴权服务商）	2026-08-17T14:04:37.6483687Z 14:04:37 [INFO] [EmailProvider] 使用邮箱来源: throwawaymail, email=thank.enact.enough@throwawaymail.app (order=['onesecmail', 'throwawaymail', 'myagentinbox', 'mailtm', 'qxfy', 'tempmailc', 'tempmail', 'dropmail', 'catchmail'])
register	注册（免费无鉴权服务商）	2026-08-17T14:04:37.6495730Z 14:04:37 [DEBUG] 自动获取邮箱: thank.enact.enough@throwawaymail.app
register	注册（免费无鉴权服务商）	2026-08-17T14:04:37.6496638Z 14:04:37 [DEBUG] 自动生成显示名称: Kbuqyu Pyxjgxz
register	注册（免费无鉴权服务商）	2026-08-17T14:04:37.6497489Z 14:04:37 [INFO] [Camoufox] 使用代理: socks5://127.0.0.1:40000
register	注册（免费无鉴权服务商）	2026-08-17T14:04:37.6498348Z 14:04:37 [INFO] [Camoufox] 启动无头浏览器 (headless=True)...
register	注册（免费无鉴权服务商）	2026-08-17T14:04:37.6499046Z 14:04:37 [DEBUG] Using selector: EpollSelector
register	注册（免费无鉴权服务商）	2026-08-17T14:04:37.7236801Z 14:04:37 [ERROR] [Camoufox注册] 失败：RuntimeError: Camoufox 浏览器二进制未安装，请先执行: camoufox fetch
register	注册（免费无鉴权服务商）	2026-08-17T14:04:37.7238601Z 14:04:37 [INFO] [TempMailC] 已释放邮箱上下文: tancxiw3gz@domsr.fun（status=available, note=Camoufox失败: Camoufox 浏览器二进制未安装，请先执行: camoufox fetch）
register	注册（免费无鉴权服务商）	2026-08-17T14:04:37.7239886Z 14:04:37 [INFO] [批量] 开始第 14/100 个注册
register	注册（免费无鉴权服务商）	2026-08-17T14:04:37.7246548Z 14:04:37 [DEBUG] Starting new HTTPS connection (1): myagentinbox.com:443
register	注册（免费无鉴权服务商）	2026-08-17T14:04:37.9403676Z 14:04:37 [ERROR] [Camoufox注册] 失败：RuntimeError: Camoufox 浏览器二进制未安装，请先执行: camoufox fetch
register	注册（免费无鉴权服务商）	2026-08-17T14:04:37.9405392Z 14:04:37 [INFO] [Catchmail] 已释放邮箱上下文: g9sy9pwxsw@catchmail.io（status=available, note=Camoufox失败: Camoufox 浏览器二进制未安装，请先执行: camoufox fetch）
register	注册（免费无鉴权服务商）	2026-08-17T14:04:37.9406595Z 14:04:37 [INFO] [批量] 开始第 15/100 个注册
register	注册（免费无鉴权服务商）	2026-08-17T14:04:37.9413529Z 14:04:37 [DEBUG] Starting new HTTPS connection (1): myagentinbox.com:443
register	注册（免费无鉴权服务商）	2026-08-17T14:04:38.0305006Z 14:04:38 [ERROR] [Camoufox注册] 失败：RuntimeError: Camoufox 浏览器二进制未安装，请先执行: camoufox fetch
register	注册（免费无鉴权服务商）	2026-08-17T14:04:38.0306471Z 14:04:38 [INFO] [ThrowawayMail] 已释放邮箱上下文: thank.enact.enough@throwawaymail.app（status=available, note=Camoufox失败: Camoufox 浏览器二进制未安装，请先执行: camoufox fetch）
register	注册（免费无鉴权服务商）	2026-08-17T14:04:38.0307330Z 14:04:38 [INFO] [批量] 开始第 16/100 个注册
register	注册（免费无鉴权服务商）	2026-08-17T14:04:38.0314573Z 14:04:38 [DEBUG] Starting new HTTPS connection (1): qxfy.store:443
register	注册（免费无鉴权服务商）	2026-08-17T14:04:38.0571415Z 14:04:38 [DEBUG] https://myagentinbox.com:443 "POST /api/inboxes HTTP/1.1" 201 109
register	注册（免费无鉴权服务商）	2026-08-17T14:04:38.0584660Z 14:04:38 [INFO] [MyAgentInbox] 已创建临时邮箱: j3midq22j5@myagentinbox.com（过期 24h）
register	注册（免费无鉴权服务商）	2026-08-17T14:04:38.0586040Z 14:04:38 [INFO] [EmailProvider] 使用邮箱来源: myagentinbox, email=j3midq22j5@myagentinbox.com (order=['myagentinbox', 'mailtm', 'catchmail', 'tempmail', 'qxfy', 'tempmailc', 'throwawaymail', 'dropmail'])
register	注册（免费无鉴权服务商）	2026-08-17T14:04:38.0587024Z 14:04:38 [DEBUG] 自动获取邮箱: j3midq22j5@myagentinbox.com
register	注册（免费无鉴权服务商）	2026-08-17T14:04:38.0591098Z 14:04:38 [DEBUG] 自动生成显示名称: Xegw Ixqg
register	注册（免费无鉴权服务商）	2026-08-17T14:04:38.0594039Z 14:04:38 [INFO] [Camoufox] 使用代理: socks5://127.0.0.1:40000
register	注册（免费无鉴权服务商）	2026-08-17T14:04:38.0594527Z 14:04:38 [INFO] [Camoufox] 启动无头浏览器 (headless=True)...
register	注册（免费无鉴权服务商）	2026-08-17T14:04:38.0594996Z 14:04:38 [DEBUG] Using selector: EpollSelector
register	注册（免费无鉴权服务商）	2026-08-17T14:04:38.2505605Z 14:04:38 [DEBUG] https://qxfy.store:443 "GET /api/domains HTTP/1.1" 200 None
register	注册（免费无鉴权服务商）	2026-08-17T14:04:38.2509155Z 14:04:38 [INFO] [QXFY] 已获取可用域名: kami666.xyz,deploytools.site,loginvipcursor.icu,qxfy.store,free.202602dashi27.top,free.violet.us.ci,violetfree.cc.cd
register	注册（免费无鉴权服务商）	2026-08-17T14:04:38.2520401Z 14:04:38 [INFO] [QXFY] 已生成临时邮箱: ydyp3i81ff@free.202602dashi27.top
register	注册（免费无鉴权服务商）	2026-08-17T14:04:38.2522403Z 14:04:38 [INFO] [EmailProvider] 使用邮箱来源: qxfy, email=ydyp3i81ff@free.202602dashi27.top (order=['qxfy', 'throwawaymail', 'tempmailc', 'dropmail', 'tempmail', 'catchmail', 'mailtm', 'myagentinbox'])
register	注册（免费无鉴权服务商）	2026-08-17T14:04:38.2524102Z 14:04:38 [DEBUG] 自动获取邮箱: ydyp3i81ff@free.202602dashi27.top
register	注册（免费无鉴权服务商）	2026-08-17T14:04:38.2525041Z 14:04:38 [DEBUG] 自动生成显示名称: Jtrhnvs Jzute
register	注册（免费无鉴权服务商）	2026-08-17T14:04:38.2525682Z 14:04:38 [INFO] [Camoufox] 使用代理: socks5://127.0.0.1:40000
register	注册（免费无鉴权服务商）	2026-08-17T14:04:38.2526352Z 14:04:38 [INFO] [Camoufox] 启动无头浏览器 (headless=True)...
register	注册（免费无鉴权服务商）	2026-08-17T14:04:38.2526836Z 14:04:38 [DEBUG] Using selector: EpollSelector
register	注册（免费无鉴权服务商）	2026-08-17T14:04:38.3337762Z 14:04:38 [DEBUG] https://myagentinbox.com:443 "POST /api/inboxes HTTP/1.1" 201 109
register	注册（免费无鉴权服务商）	2026-08-17T14:04:38.3356580Z 14:04:38 [INFO] [MyAgentInbox] 已创建临时邮箱: e9xixahupw@myagentinbox.com（过期 24h）
register	注册（免费无鉴权服务商）	2026-08-17T14:04:38.3358617Z 14:04:38 [INFO] [EmailProvider] 使用邮箱来源: myagentinbox, email=e9xixahupw@myagentinbox.com (order=['myagentinbox', 'tempmailc', 'throwawaymail', 'mailtm', 'tempmail', 'dropmail', 'catchmail', 'qxfy'])
register	注册（免费无鉴权服务商）	2026-08-17T14:04:38.3360411Z 14:04:38 [DEBUG] 自动获取邮箱: e9xixahupw@myagentinbox.com
register	注册（免费无鉴权服务商）	2026-08-17T14:04:38.3361182Z 14:04:38 [DEBUG] 自动生成显示名称: Zsmyuh Kackjrl
register	注册（免费无鉴权服务商）	2026-08-17T14:04:38.3361988Z 14:04:38 [INFO] [Camoufox] 使用代理: socks5://127.0.0.1:40000
register	注册（免费无鉴权服务商）	2026-08-17T14:04:38.3362819Z 14:04:38 [INFO] [Camoufox] 启动无头浏览器 (headless=True)...
register	注册（免费无鉴权服务商）	2026-08-17T14:04:38.3363493Z 14:04:38 [DEBUG] Using selector: EpollSelector
register	注册（免费无鉴权服务商）	2026-08-17T14:04:38.3947682Z 14:04:38 [ERROR] [Camoufox注册] 失败：RuntimeError: Camoufox 浏览器二进制未安装，请先执行: camoufox fetch
register	注册（免费无鉴权服务商）	2026-08-17T14:04:38.3949713Z 14:04:38 [INFO] [MyAgentInbox] 已释放邮箱上下文: j3midq22j5@myagentinbox.com（status=available, note=Camoufox失败: Camoufox 浏览器二进制未安装，请先执行: camoufox fetch）
register	注册（免费无鉴权服务商）	2026-08-17T14:04:38.3952066Z 14:04:38 [INFO] [批量] 开始第 17/100 个注册
register	注册（免费无鉴权服务商）	2026-08-17T14:04:38.3952909Z 14:04:38 [INFO] [TempMailC] 已生成临时邮箱: rmti821s41@kortazo.email
register	注册（免费无鉴权服务商）	2026-08-17T14:04:38.3955162Z 14:04:38 [INFO] [EmailProvider] 使用邮箱来源: tempmailc, email=rmti821s41@kortazo.email (order=['tempmailc', 'mailtm', 'tempmail', 'throwawaymail', 'myagentinbox', 'dropmail', 'catchmail', 'qxfy'])
register	注册（免费无鉴权服务商）	2026-08-17T14:04:38.3956724Z 14:04:38 [DEBUG] 自动获取邮箱: rmti821s41@kortazo.email
register	注册（免费无鉴权服务商）	2026-08-17T14:04:38.3957497Z 14:04:38 [DEBUG] 自动生成显示名称: Dzycwqc Ghnnet
register	注册（免费无鉴权服务商）	2026-08-17T14:04:38.3958308Z 14:04:38 [INFO] [Camoufox] 使用代理: socks5://127.0.0.1:40000
register	注册（免费无鉴权服务商）	2026-08-17T14:04:38.3959101Z 14:04:38 [INFO] [Camoufox] 启动无头浏览器 (headless=True)...
register	注册（免费无鉴权服务商）	2026-08-17T14:04:38.3959931Z 14:04:38 [DEBUG] Using selector: EpollSelector
register	注册（免费无鉴权服务商）	2026-08-17T14:04:38.6359029Z 14:04:38 [ERROR] [Camoufox注册] 失败：RuntimeError: Camoufox 浏览器二进制未安装，请先执行: camoufox fetch
register	注册（免费无鉴权服务商）	2026-08-17T14:04:38.6361213Z 14:04:38 [INFO] [QXFY] 已释放邮箱上下文: ydyp3i81ff@free.202602dashi27.top（status=available, note=Camoufox失败: Camoufox 浏览器二进制未安装，请先执行: camoufox fetch）
register	注册（免费无鉴权服务商）	2026-08-17T14:04:38.6362635Z 14:04:38 [INFO] [批量] 开始第 18/100 个注册
register	注册（免费无鉴权服务商）	2026-08-17T14:04:38.6363617Z 14:04:38 [INFO] [QXFY] 已生成临时邮箱: c3a6jljfh1@qxfy.store
register	注册（免费无鉴权服务商）	2026-08-17T14:04:38.6365279Z 14:04:38 [INFO] [EmailProvider] 使用邮箱来源: qxfy, email=c3a6jljfh1@qxfy.store (order=['qxfy', 'mailtm', 'catchmail', 'dropmail', 'tempmail', 'tempmailc', 'throwawaymail', 'myagentinbox'])
register	注册（免费无鉴权服务商）	2026-08-17T14:04:38.6366810Z 14:04:38 [DEBUG] 自动获取邮箱: c3a6jljfh1@qxfy.store
register	注册（免费无鉴权服务商）	2026-08-17T14:04:38.6367523Z 14:04:38 [DEBUG] 自动生成显示名称: Yjbibh Msjpfjp
register	注册（免费无鉴权服务商）	2026-08-17T14:04:38.6368369Z 14:04:38 [INFO] [Camoufox] 使用代理: socks5://127.0.0.1:40000
register	注册（免费无鉴权服务商）	2026-08-17T14:04:38.6369076Z 14:04:38 [INFO] [Camoufox] 启动无头浏览器 (headless=True)...
register	注册（免费无鉴权服务商）	2026-08-17T14:04:38.6369574Z 14:04:38 [DEBUG] Using selector: EpollSelector
register	注册（免费无鉴权服务商）	2026-08-17T14:04:38.7690094Z 14:04:38 [ERROR] [Camoufox注册] 失败：RuntimeError: Camoufox 浏览器二进制未安装，请先执行: camoufox fetch
register	注册（免费无鉴权服务商）	2026-08-17T14:04:38.7702174Z 14:04:38 [INFO] [MyAgentInbox] 已释放邮箱上下文: e9xixahupw@myagentinbox.com（status=available, note=Camoufox失败: Camoufox 浏览器二进制未安装，请先执行: camoufox fetch）
register	注册（免费无鉴权服务商）	2026-08-17T14:04:38.7708805Z 14:04:38 [INFO] [批量] 开始第 19/100 个注册
register	注册（免费无鉴权服务商）	2026-08-17T14:04:38.7709553Z 14:04:38 [DEBUG] Starting new HTTPS connection (1): api.mail.tm:443
register	注册（免费无鉴权服务商）	2026-08-17T14:04:38.8621992Z 14:04:38 [ERROR] [Camoufox注册] 失败：RuntimeError: Camoufox 浏览器二进制未安装，请先执行: camoufox fetch
register	注册（免费无鉴权服务商）	2026-08-17T14:04:38.8623474Z 14:04:38 [INFO] [TempMailC] 已释放邮箱上下文: rmti821s41@kortazo.email（status=available, note=Camoufox失败: Camoufox 浏览器二进制未安装，请先执行: camoufox fetch）
register	注册（免费无鉴权服务商）	2026-08-17T14:04:38.8631439Z 14:04:38 [INFO] [批量] 开始第 20/100 个注册
register	注册（免费无鉴权服务商）	2026-08-17T14:04:38.8632123Z 14:04:38 [INFO] [TempMailC] 已生成临时邮箱: yzmn5k6yma@domsr.fun
register	注册（免费无鉴权服务商）	2026-08-17T14:04:38.8633613Z 14:04:38 [INFO] [EmailProvider] 使用邮箱来源: tempmailc, email=yzmn5k6yma@domsr.fun (order=['tempmailc', 'catchmail', 'throwawaymail', 'tempmail', 'myagentinbox', 'qxfy', 'mailtm', 'dropmail'])
register	注册（免费无鉴权服务商）	2026-08-17T14:04:38.8634894Z 14:04:38 [DEBUG] 自动获取邮箱: yzmn5k6yma@domsr.fun
register	注册（免费无鉴权服务商）	2026-08-17T14:04:38.8635332Z 14:04:38 [DEBUG] 自动生成显示名称: Asnplh Plxzr
register	注册（免费无鉴权服务商）	2026-08-17T14:04:38.8635883Z 14:04:38 [INFO] [Camoufox] 使用代理: socks5://127.0.0.1:40000
register	注册（免费无鉴权服务商）	2026-08-17T14:04:38.8636508Z 14:04:38 [INFO] [Camoufox] 启动无头浏览器 (headless=True)...
register	注册（免费无鉴权服务商）	2026-08-17T14:04:38.8637575Z 14:04:38 [DEBUG] Using selector: EpollSelector
register	注册（免费无鉴权服务商）	2026-08-17T14:04:39.0533045Z 14:04:39 [ERROR] [Camoufox注册] 失败：RuntimeError: Camoufox 浏览器二进制未安装，请先执行: camoufox fetch
register	注册（免费无鉴权服务商）	2026-08-17T14:04:39.0548174Z 14:04:39 [INFO] [QXFY] 已释放邮箱上下文: c3a6jljfh1@qxfy.store（status=available, note=Camoufox失败: Camoufox 浏览器二进制未安装，请先执行: camoufox fetch）
register	注册（免费无鉴权服务商）	2026-08-17T14:04:39.0549496Z 14:04:39 [INFO] [批量] 开始第 21/100 个注册
register	注册（免费无鉴权服务商）	2026-08-17T14:04:39.0559341Z 14:04:39 [INFO] [QXFY] 已生成临时邮箱: ooffcokxqz@violetfree.cc.cd
register	注册（免费无鉴权服务商）	2026-08-17T14:04:39.0561468Z 14:04:39 [INFO] [EmailProvider] 使用邮箱来源: qxfy, email=ooffcokxqz@violetfree.cc.cd (order=['qxfy', 'tempmailc', 'tempmail', 'throwawaymail', 'catchmail', 'myagentinbox', 'mailtm', 'dropmail'])
register	注册（免费无鉴权服务商）	2026-08-17T14:04:39.0563172Z 14:04:39 [DEBUG] 自动获取邮箱: ooffcokxqz@violetfree.cc.cd
register	注册（免费无鉴权服务商）	2026-08-17T14:04:39.0563995Z 14:04:39 [DEBUG] 自动生成显示名称: Tbpgqa Mbnskk
register	注册（免费无鉴权服务商）	2026-08-17T14:04:39.0565013Z 14:04:39 [INFO] [Camoufox] 使用代理: socks5://127.0.0.1:40000
register	注册（免费无鉴权服务商）	2026-08-17T14:04:39.0565791Z 14:04:39 [INFO] [Camoufox] 启动无头浏览器 (headless=True)...
register	注册（免费无鉴权服务商）	2026-08-17T14:04:39.0566341Z 14:04:39 [DEBUG] Using selector: EpollSelector
register	注册（免费无鉴权服务商）	2026-08-17T14:04:39.2091799Z 14:04:39 [ERROR] [Camoufox注册] 失败：RuntimeError: Camoufox 浏览器二进制未安装，请先执行: camoufox fetch
register	注册（免费无鉴权服务商）	2026-08-17T14:04:39.2093813Z 14:04:39 [INFO] [TempMailC] 已释放邮箱上下文: yzmn5k6yma@domsr.fun（status=available, note=Camoufox失败: Camoufox 浏览器二进制未安装，请先执行: camoufox fetch）
register	注册（免费无鉴权服务商）	2026-08-17T14:04:39.2095333Z 14:04:39 [INFO] [批量] 开始第 22/100 个注册
register	注册（免费无鉴权服务商）	2026-08-17T14:04:39.2103388Z 14:04:39 [DEBUG] Starting new HTTPS connection (1): api.tempmail.lol:443
register	注册（免费无鉴权服务商）	2026-08-17T14:04:39.3052944Z 14:04:39 [DEBUG] https://api.mail.tm:443 "POST /accounts HTTP/1.1" 201 211
register	注册（免费无鉴权服务商）	2026-08-17T14:04:39.3078441Z 14:04:39 [DEBUG] Starting new HTTPS connection (1): api.mail.tm:443
register	注册（免费无鉴权服务商）	2026-08-17T14:04:39.3881879Z 14:04:39 [ERROR] [Camoufox注册] 失败：RuntimeError: Camoufox 浏览器二进制未安装，请先执行: camoufox fetch
register	注册（免费无鉴权服务商）	2026-08-17T14:04:39.3882918Z 14:04:39 [INFO] [QXFY] 已释放邮箱上下文: ooffcokxqz@violetfree.cc.cd（status=available, note=Camoufox失败: Camoufox 浏览器二进制未安装，请先执行: camoufox fetch）
register	注册（免费无鉴权服务商）	2026-08-17T14:04:39.3885672Z 14:04:39 [INFO] [批量] 开始第 23/100 个注册
register	注册（免费无鉴权服务商）	2026-08-17T14:04:39.3887330Z 14:04:39 [INFO] [Catchmail] 已生成临时邮箱: lizcip7qfr@catchmail.io
register	注册（免费无鉴权服务商）	2026-08-17T14:04:39.3888888Z 14:04:39 [INFO] [EmailProvider] 使用邮箱来源: catchmail, email=lizcip7qfr@catchmail.io (order=['catchmail', 'dropmail', 'myagentinbox', 'throwawaymail', 'qxfy', 'mailtm', 'tempmail', 'tempmailc'])
register	注册（免费无鉴权服务商）	2026-08-17T14:04:39.3890652Z 14:04:39 [DEBUG] 自动获取邮箱: lizcip7qfr@catchmail.io
register	注册（免费无鉴权服务商）	2026-08-17T14:04:39.3891288Z 14:04:39 [DEBUG] 自动生成显示名称: Xwkafow Pwrgzk
register	注册（免费无鉴权服务商）	2026-08-17T14:04:39.3891931Z 14:04:39 [INFO] [Camoufox] 使用代理: socks5://127.0.0.1:40000
register	注册（免费无鉴权服务商）	2026-08-17T14:04:39.3892582Z 14:04:39 [INFO] [Camoufox] 启动无头浏览器 (headless=True)...
register	注册（免费无鉴权服务商）	2026-08-17T14:04:39.3893102Z 14:04:39 [DEBUG] Using selector: EpollSelector
register	注册（免费无鉴权服务商）	2026-08-17T14:04:39.5993149Z 14:04:39 [DEBUG] https://api.tempmail.lol:443 "POST /v2/inbox/create HTTP/1.1" 201 88
register	注册（免费无鉴权服务商）	2026-08-17T14:04:39.6007082Z 14:04:39 [INFO] [TempMail.lol] 已创建邮箱: ciel6a6ff7@9pg.moonvf.com
register	注册（免费无鉴权服务商）	2026-08-17T14:04:39.6009500Z 14:04:39 [INFO] [EmailProvider] 使用邮箱来源: tempmail, email=ciel6a6ff7@9pg.moonvf.com (order=['tempmail', 'dropmail', 'mailtm', 'throwawaymail', 'myagentinbox', 'qxfy', 'tempmailc', 'catchmail'])
register	注册（免费无鉴权服务商）	2026-08-17T14:04:39.6032764Z 14:04:39 [DEBUG] 自动获取邮箱: ciel6a6ff7@9pg.moonvf.com
register	注册（免费无鉴权服务商）	2026-08-17T14:04:39.6033770Z 14:04:39 [DEBUG] 自动生成显示名称: Aqijydd Hsolwxu
register	注册（免费无鉴权服务商）	2026-08-17T14:04:39.6034484Z 14:04:39 [INFO] [Camoufox] 使用代理: socks5://127.0.0.1:40000
register	注册（免费无鉴权服务商）	2026-08-17T14:04:39.6035173Z 14:04:39 [INFO] [Camoufox] 启动无头浏览器 (headless=True)...
register	注册（免费无鉴权服务商）	2026-08-17T14:04:39.6035726Z 14:04:39 [DEBUG] Using selector: EpollSelector
register	注册（免费无鉴权服务商）	2026-08-17T14:04:39.7211646Z 14:04:39 [ERROR] [Camoufox注册] 失败：RuntimeError: Camoufox 浏览器二进制未安装，请先执行: camoufox fetch
register	注册（免费无鉴权服务商）	2026-08-17T14:04:39.7213255Z 14:04:39 [INFO] [Catchmail] 已释放邮箱上下文: lizcip7qfr@catchmail.io（status=available, note=Camoufox失败: Camoufox 浏览器二进制未安装，请先执行: camoufox fetch）
register	注册（免费无鉴权服务商）	2026-08-17T14:04:39.7214094Z 14:04:39 [INFO] [批量] 开始第 24/100 个注册
register	注册（免费无鉴权服务商）	2026-08-17T14:04:39.7224229Z 14:04:39 [DEBUG] Starting new HTTPS connection (1): api.mail.tm:443
register	注册（免费无鉴权服务商）	2026-08-17T14:04:39.7928466Z 14:04:39 [DEBUG] https://api.mail.tm:443 "POST /token HTTP/1.1" 200 440
register	注册（免费无鉴权服务商）	2026-08-17T14:04:39.7942382Z 14:04:39 [INFO] [Mail.tm] 已创建临时账号: f96f5lvejw@emalupe.com
register	注册（免费无鉴权服务商）	2026-08-17T14:04:39.7943890Z 14:04:39 [INFO] [EmailProvider] 使用邮箱来源: mailtm, email=f96f5lvejw@emalupe.com (order=['mailtm', 'tempmail', 'tempmailc', 'qxfy', 'dropmail', 'catchmail', 'myagentinbox', 'throwawaymail'])
register	注册（免费无鉴权服务商）	2026-08-17T14:04:39.7945178Z 14:04:39 [DEBUG] 自动获取邮箱: f96f5lvejw@emalupe.com
register	注册（免费无鉴权服务商）	2026-08-17T14:04:39.7945735Z 14:04:39 [DEBUG] 自动生成显示名称: Ujyea Ciqpdjl
register	注册（免费无鉴权服务商）	2026-08-17T14:04:39.7951247Z 14:04:39 [INFO] [Camoufox] 使用代理: socks5://127.0.0.1:40000
register	注册（免费无鉴权服务商）	2026-08-17T14:04:39.7954594Z 14:04:39 [INFO] [Camoufox] 启动无头浏览器 (headless=True)...
register	注册（免费无鉴权服务商）	2026-08-17T14:04:39.7955143Z 14:04:39 [DEBUG] Using selector: EpollSelector
register	注册（免费无鉴权服务商）	2026-08-17T14:04:39.9596702Z 14:04:39 [ERROR] [Camoufox注册] 失败：RuntimeError: Camoufox 浏览器二进制未安装，请先执行: camoufox fetch
register	注册（免费无鉴权服务商）	2026-08-17T14:04:39.9598462Z 14:04:39 [INFO] [TempMail.lol] 已释放邮箱上下文: ciel6a6ff7@9pg.moonvf.com（status=available, note=Camoufox失败: Camoufox 浏览器二进制未安装，请先执行: camoufox fetch）
register	注册（免费无鉴权服务商）	2026-08-17T14:04:39.9599883Z 14:04:39 [INFO] [批量] 开始第 25/100 个注册
register	注册（免费无鉴权服务商）	2026-08-17T14:04:39.9608271Z 14:04:39 [DEBUG] Starting new HTTPS connection (1): dropmail.click:443
register	注册（免费无鉴权服务商）	2026-08-17T14:04:40.1448729Z 14:04:40 [ERROR] [Camoufox注册] 失败：RuntimeError: Camoufox 浏览器二进制未安装，请先执行: camoufox fetch
register	注册（免费无鉴权服务商）	2026-08-17T14:04:40.1449995Z 14:04:40 [INFO] [Mail.tm] 已释放邮箱上下文: f96f5lvejw@emalupe.com（status=available, note=Camoufox失败: Camoufox 浏览器二进制未安装，请先执行: camoufox fetch）
register	注册（免费无鉴权服务商）	2026-08-17T14:04:40.1451061Z 14:04:40 [INFO] [批量] 开始第 26/100 个注册
register	注册（免费无鉴权服务商）	2026-08-17T14:04:40.1457780Z 14:04:40 [DEBUG] Starting new HTTPS connection (1): myagentinbox.com:443
register	注册（免费无鉴权服务商）	2026-08-17T14:04:40.2251322Z 14:04:40 [DEBUG] https://api.mail.tm:443 "POST /accounts HTTP/1.1" 201 211
register	注册（免费无鉴权服务商）	2026-08-17T14:04:40.2270329Z 14:04:40 [DEBUG] Starting new HTTPS connection (1): api.mail.tm:443
register	注册（免费无鉴权服务商）	2026-08-17T14:04:40.2410906Z 14:04:40 [DEBUG] https://dropmail.click:443 "POST /api/v1/public/mailbox HTTP/1.1" 201 113
register	注册（免费无鉴权服务商）	2026-08-17T14:04:40.2423436Z 14:04:40 [INFO] [DropMail] 已创建临时邮箱: efe44ce97ea5@dropmail.click（有效期 2026-08-17T14:14:40Z）
register	注册（免费无鉴权服务商）	2026-08-17T14:04:40.2424864Z 14:04:40 [INFO] [EmailProvider] 使用邮箱来源: dropmail, email=efe44ce97ea5@dropmail.click (order=['dropmail', 'qxfy', 'myagentinbox', 'catchmail', 'tempmailc', 'throwawaymail', 'tempmail', 'mailtm'])
register	注册（免费无鉴权服务商）	2026-08-17T14:04:40.2425834Z 14:04:40 [DEBUG] 自动获取邮箱: efe44ce97ea5@dropmail.click
register	注册（免费无鉴权服务商）	2026-08-17T14:04:40.2426233Z 14:04:40 [DEBUG] 自动生成显示名称: Felybe Cgxie
register	注册（免费无鉴权服务商）	2026-08-17T14:04:40.2426621Z 14:04:40 [INFO] [Camoufox] 使用代理: socks5://127.0.0.1:40000
register	注册（免费无鉴权服务商）	2026-08-17T14:04:40.2427024Z 14:04:40 [INFO] [Camoufox] 启动无头浏览器 (headless=True)...
register	注册（免费无鉴权服务商）	2026-08-17T14:04:40.2427344Z 14:04:40 [DEBUG] Using selector: EpollSelector
register	注册（免费无鉴权服务商）	2026-08-17T14:04:40.4763376Z 14:04:40 [DEBUG] https://myagentinbox.com:443 "POST /api/inboxes HTTP/1.1" 201 109
register	注册（免费无鉴权服务商）	2026-08-17T14:04:40.4781793Z 14:04:40 [INFO] [MyAgentInbox] 已创建临时邮箱: rsz6gozejf@myagentinbox.com（过期 24h）
register	注册（免费无鉴权服务商）	2026-08-17T14:04:40.4783328Z 14:04:40 [INFO] [EmailProvider] 使用邮箱来源: myagentinbox, email=rsz6gozejf@myagentinbox.com (order=['myagentinbox', 'catchmail', 'mailtm', 'dropmail', 'qxfy', 'tempmailc', 'throwawaymail', 'tempmail'])
register	注册（免费无鉴权服务商）	2026-08-17T14:04:40.4784754Z 14:04:40 [DEBUG] 自动获取邮箱: rsz6gozejf@myagentinbox.com
register	注册（免费无鉴权服务商）	2026-08-17T14:04:40.4785361Z 14:04:40 [DEBUG] 自动生成显示名称: Mbzyz Erfsooj
register	注册（免费无鉴权服务商）	2026-08-17T14:04:40.4786013Z 14:04:40 [INFO] [Camoufox] 使用代理: socks5://127.0.0.1:40000
register	注册（免费无鉴权服务商）	2026-08-17T14:04:40.4793348Z 14:04:40 [INFO] [Camoufox] 启动无头浏览器 (headless=True)...
register	注册（免费无鉴权服务商）	2026-08-17T14:04:40.4793984Z 14:04:40 [DEBUG] Using selector: EpollSelector
register	注册（免费无鉴权服务商）	2026-08-17T14:04:40.5714242Z 14:04:40 [ERROR] [Camoufox注册] 失败：RuntimeError: Camoufox 浏览器二进制未安装，请先执行: camoufox fetch
register	注册（免费无鉴权服务商）	2026-08-17T14:04:40.5715916Z 14:04:40 [INFO] [DropMail] 已释放邮箱上下文: efe44ce97ea5@dropmail.click（status=available, note=Camoufox失败: Camoufox 浏览器二进制未安装，请先执行: camoufox fetch）
register	注册（免费无鉴权服务商）	2026-08-17T14:04:40.5716890Z 14:04:40 [INFO] [批量] 开始第 27/100 个注册
register	注册（免费无鉴权服务商）	2026-08-17T14:04:40.5731031Z 14:04:40 [DEBUG] Starting new HTTPS connection (1): api.tempmail.lol:443
register	注册（免费无鉴权服务商）	2026-08-17T14:04:40.8227970Z 14:04:40 [ERROR] [Camoufox注册] 失败：RuntimeError: Camoufox 浏览器二进制未安装，请先执行: camoufox fetch
register	注册（免费无鉴权服务商）	2026-08-17T14:04:40.8229363Z 14:04:40 [INFO] [MyAgentInbox] 已释放邮箱上下文: rsz6gozejf@myagentinbox.com（status=available, note=Camoufox失败: Camoufox 浏览器二进制未安装，请先执行: camoufox fetch）
register	注册（免费无鉴权服务商）	2026-08-17T14:04:40.8230049Z 14:04:40 [INFO] [批量] 开始第 28/100 个注册
register	注册（免费无鉴权服务商）	2026-08-17T14:04:40.8236685Z 14:04:40 [DEBUG] Starting new HTTPS connection (1): api.tempmail.lol:443
register	注册（免费无鉴权服务商）	2026-08-17T14:04:40.8739369Z 14:04:40 [DEBUG] https://api.tempmail.lol:443 "POST /v2/inbox/create HTTP/1.1" 201 92
register	注册（免费无鉴权服务商）	2026-08-17T14:04:40.8753492Z 14:04:40 [INFO] [TempMail.lol] 已创建邮箱: jeanna6a6ff8@01.jazzemany.com
register	注册（免费无鉴权服务商）	2026-08-17T14:04:40.8754897Z 14:04:40 [INFO] [EmailProvider] 使用邮箱来源: tempmail, email=jeanna6a6ff8@01.jazzemany.com (order=['tempmail', 'dropmail', 'tempmailc', 'throwawaymail', 'mailtm', 'catchmail', 'qxfy', 'myagentinbox'])
register	注册（免费无鉴权服务商）	2026-08-17T14:04:40.8756225Z 14:04:40 [DEBUG] 自动获取邮箱: jeanna6a6ff8@01.jazzemany.com
register	注册（免费无鉴权服务商）	2026-08-17T14:04:40.8756825Z 14:04:40 [DEBUG] 自动生成显示名称: Eiie Hjquya
register	注册（免费无鉴权服务商）	2026-08-17T14:04:40.8757296Z 14:04:40 [INFO] [Camoufox] 使用代理: socks5://127.0.0.1:40000
register	注册（免费无鉴权服务商）	2026-08-17T14:04:40.8757729Z 14:04:40 [INFO] [Camoufox] 启动无头浏览器 (headless=True)...
register	注册（免费无鉴权服务商）	2026-08-17T14:04:40.8758062Z 14:04:40 [DEBUG] Using selector: EpollSelector
register	注册（免费无鉴权服务商）	2026-08-17T14:04:40.9156716Z 14:04:40 [DEBUG] https://api.mail.tm:443 "POST /token HTTP/1.1" 200 440
register	注册（免费无鉴权服务商）	2026-08-17T14:04:40.9170990Z 14:04:40 [INFO] [Mail.tm] 已创建临时账号: v0xjjlyqin@emalupe.com
register	注册（免费无鉴权服务商）	2026-08-17T14:04:40.9172498Z 14:04:40 [INFO] [EmailProvider] 使用邮箱来源: mailtm, email=v0xjjlyqin@emalupe.com (order=['mailtm', 'dropmail', 'throwawaymail', 'myagentinbox', 'tempmailc', 'tempmail', 'qxfy', 'catchmail'])
register	注册（免费无鉴权服务商）	2026-08-17T14:04:40.9173772Z 14:04:40 [DEBUG] 自动获取邮箱: v0xjjlyqin@emalupe.com
register	注册（免费无鉴权服务商）	2026-08-17T14:04:40.9174822Z 14:04:40 [DEBUG] 自动生成显示名称: Bzow Pnzc
register	注册（免费无鉴权服务商）	2026-08-17T14:04:40.9175430Z 14:04:40 [INFO] [Camoufox] 使用代理: socks5://127.0.0.1:40000
register	注册（免费无鉴权服务商）	2026-08-17T14:04:40.9176113Z 14:04:40 [INFO] [Camoufox] 启动无头浏览器 (headless=True)...
register	注册（免费无鉴权服务商）	2026-08-17T14:04:40.9176610Z 14:04:40 [DEBUG] Using selector: EpollSelector
register	注册（免费无鉴权服务商）	2026-08-17T14:04:41.0881761Z 14:04:41 [DEBUG] https://api.tempmail.lol:443 "POST /v2/inbox/create HTTP/1.1" 201 91
register	注册（免费无鉴权服务商）	2026-08-17T14:04:41.0921648Z 14:04:41 [INFO] [TempMail.lol] 已创建邮箱: lorna6a6ff8@1f.foodlpqse.com
register	注册（免费无鉴权服务商）	2026-08-17T14:04:41.0935967Z 14:04:41 [INFO] [EmailProvider] 使用邮箱来源: tempmail, email=lorna6a6ff8@1f.foodlpqse.com (order=['tempmail', 'mailtm', 'dropmail', 'tempmailc', 'throwawaymail', 'catchmail', 'myagentinbox', 'qxfy'])
register	注册（免费无鉴权服务商）	2026-08-17T14:04:41.0960957Z 14:04:41 [DEBUG] 自动获取邮箱: lorna6a6ff8@1f.foodlpqse.com
register	注册（免费无鉴权服务商）	2026-08-17T14:04:41.0981331Z 14:04:41 [DEBUG] 自动生成显示名称: Thcpmp Qosgkqs
register	注册（免费无鉴权服务商）	2026-08-17T14:04:41.1023090Z 14:04:41 [INFO] [Camoufox] 使用代理: socks5://127.0.0.1:40000
register	注册（免费无鉴权服务商）	2026-08-17T14:04:41.1041272Z 14:04:41 [INFO] [Camoufox] 启动无头浏览器 (headless=True)...
register	注册（免费无鉴权服务商）	2026-08-17T14:04:41.1061421Z 14:04:41 [DEBUG] Using selector: EpollSelector
register	注册（免费无鉴权服务商）	2026-08-17T14:04:41.2542634Z 14:04:41 [ERROR] [Camoufox注册] 失败：RuntimeError: Camoufox 浏览器二进制未安装，请先执行: camoufox fetch
register	注册（免费无鉴权服务商）	2026-08-17T14:04:41.2544537Z 14:04:41 [INFO] [TempMail.lol] 已释放邮箱上下文: jeanna6a6ff8@01.jazzemany.com（status=available, note=Camoufox失败: Camoufox 浏览器二进制未安装，请先执行: camoufox fetch）
register	注册（免费无鉴权服务商）	2026-08-17T14:04:41.2546345Z 14:04:41 [INFO] [批量] 开始第 29/100 个注册
register	注册（免费无鉴权服务商）	2026-08-17T14:04:41.2553365Z 14:04:41 [DEBUG] Starting new HTTPS connection (1): api.mail.tm:443
register	注册（免费无鉴权服务商）	2026-08-17T14:04:41.2805126Z 14:04:41 [ERROR] [Camoufox注册] 失败：RuntimeError: Camoufox 浏览器二进制未安装，请先执行: camoufox fetch
register	注册（免费无鉴权服务商）	2026-08-17T14:04:41.2806744Z 14:04:41 [INFO] [Mail.tm] 已释放邮箱上下文: v0xjjlyqin@emalupe.com（status=available, note=Camoufox失败: Camoufox 浏览器二进制未安装，请先执行: camoufox fetch）
register	注册（免费无鉴权服务商）	2026-08-17T14:04:41.2817397Z 14:04:41 [INFO] [批量] 开始第 30/100 个注册
register	注册（免费无鉴权服务商）	2026-08-17T14:04:41.2818052Z 14:04:41 [INFO] [TempMailC] 已生成临时邮箱: cqjgbn8vgu@domsr.fun
register	注册（免费无鉴权服务商）	2026-08-17T14:04:41.2819315Z 14:04:41 [INFO] [EmailProvider] 使用邮箱来源: tempmailc, email=cqjgbn8vgu@domsr.fun (order=['tempmailc', 'throwawaymail', 'catchmail', 'myagentinbox', 'mailtm', 'tempmail', 'dropmail', 'qxfy'])
register	注册（免费无鉴权服务商）	2026-08-17T14:04:41.2821159Z 14:04:41 [DEBUG] 自动获取邮箱: cqjgbn8vgu@domsr.fun
register	注册（免费无鉴权服务商）	2026-08-17T14:04:41.2821779Z 14:04:41 [DEBUG] 自动生成显示名称: Fldtjqj Sfvhgx
register	注册（免费无鉴权服务商）	2026-08-17T14:04:41.2822374Z 14:04:41 [INFO] [Camoufox] 使用代理: socks5://127.0.0.1:40000
register	注册（免费无鉴权服务商）	2026-08-17T14:04:41.2822995Z 14:04:41 [INFO] [Camoufox] 启动无头浏览器 (headless=True)...
register	注册（免费无鉴权服务商）	2026-08-17T14:04:41.2823494Z 14:04:41 [DEBUG] Using selector: EpollSelector
register	注册（免费无鉴权服务商）	2026-08-17T14:04:41.4857894Z 14:04:41 [ERROR] [Camoufox注册] 失败：RuntimeError: Camoufox 浏览器二进制未安装，请先执行: camoufox fetch
register	注册（免费无鉴权服务商）	2026-08-17T14:04:41.4866015Z 14:04:41 [INFO] [TempMail.lol] 已释放邮箱上下文: lorna6a6ff8@1f.foodlpqse.com（status=available, note=Camoufox失败: Camoufox 浏览器二进制未安装，请先执行: camoufox fetch）
register	注册（免费无鉴权服务商）	2026-08-17T14:04:41.4867341Z 14:04:41 [INFO] [批量] 开始第 31/100 个注册
register	注册（免费无鉴权服务商）	2026-08-17T14:04:41.4868200Z 14:04:41 [INFO] [Catchmail] 已生成临时邮箱: bt3mmp0bcj@catchmail.io
register	注册（免费无鉴权服务商）	2026-08-17T14:04:41.4870454Z 14:04:41 [INFO] [EmailProvider] 使用邮箱来源: catchmail, email=bt3mmp0bcj@catchmail.io (order=['catchmail', 'mailtm', 'qxfy', 'myagentinbox', 'tempmailc', 'tempmail', 'dropmail', 'throwawaymail'])
register	注册（免费无鉴权服务商）	2026-08-17T14:04:41.4872061Z 14:04:41 [DEBUG] 自动获取邮箱: bt3mmp0bcj@catchmail.io
register	注册（免费无鉴权服务商）	2026-08-17T14:04:41.4873010Z 14:04:41 [DEBUG] 自动生成显示名称: Pwcuug Wbst
register	注册（免费无鉴权服务商）	2026-08-17T14:04:41.4873731Z 14:04:41 [INFO] [Camoufox] 使用代理: socks5://127.0.0.1:40000
register	注册（免费无鉴权服务商）	2026-08-17T14:04:41.4874441Z 14:04:41 [INFO] [Camoufox] 启动无头浏览器 (headless=True)...
register	注册（免费无鉴权服务商）	2026-08-17T14:04:41.4874983Z 14:04:41 [DEBUG] Using selector: EpollSelector
register	注册（免费无鉴权服务商）	2026-08-17T14:04:41.6346818Z 14:04:41 [ERROR] [Camoufox注册] 失败：RuntimeError: Camoufox 浏览器二进制未安装，请先执行: camoufox fetch
register	注册（免费无鉴权服务商）	2026-08-17T14:04:41.6373079Z 14:04:41 [INFO] [TempMailC] 已释放邮箱上下文: cqjgbn8vgu@domsr.fun（status=available, note=Camoufox失败: Camoufox 浏览器二进制未安装，请先执行: camoufox fetch）
register	注册（免费无鉴权服务商）	2026-08-17T14:04:41.6381226Z 14:04:41 [INFO] [批量] 开始第 32/100 个注册
register	注册（免费无鉴权服务商）	2026-08-17T14:04:41.6381813Z 14:04:41 [DEBUG] Starting new HTTPS connection (1): dropmail.click:443
register	注册（免费无鉴权服务商）	2026-08-17T14:04:41.6632088Z 14:04:41 [DEBUG] https://api.mail.tm:443 "POST /accounts HTTP/1.1" 429 0
register	注册（免费无鉴权服务商）	2026-08-17T14:04:41.6633647Z 14:04:41 [WARNING] [EmailProvider] 来源 mailtm 领取邮箱失败: MailTmError: Mail.tm 请求失败 (/accounts): HTTP 429; 
register	注册（免费无鉴权服务商）	2026-08-17T14:04:41.6635325Z 14:04:41 [WARNING] [EmailProvider] 来源 mailtm 已无可换域名，切死
register	注册（免费无鉴权服务商）	2026-08-17T14:04:41.6636319Z 14:04:41 [INFO] [QXFY] 已生成临时邮箱: bnwnodx0vf@violetfree.cc.cd
register	注册（免费无鉴权服务商）	2026-08-17T14:04:41.6638179Z 14:04:41 [INFO] [EmailProvider] 使用邮箱来源: qxfy, email=bnwnodx0vf@violetfree.cc.cd (order=['mailtm', 'qxfy', 'tempmailc', 'catchmail', 'myagentinbox', 'dropmail', 'throwawaymail', 'tempmail'])
register	注册（免费无鉴权服务商）	2026-08-17T14:04:41.6639708Z 14:04:41 [DEBUG] 自动获取邮箱: bnwnodx0vf@violetfree.cc.cd
register	注册（免费无鉴权服务商）	2026-08-17T14:04:41.6640726Z 14:04:41 [DEBUG] 自动生成显示名称: Vrtyeq Qmpxk
register	注册（免费无鉴权服务商）	2026-08-17T14:04:41.6641536Z 14:04:41 [INFO] [Camoufox] 使用代理: socks5://127.0.0.1:40000
register	注册（免费无鉴权服务商）	2026-08-17T14:04:41.6642362Z 14:04:41 [INFO] [Camoufox] 启动无头浏览器 (headless=True)...
register	注册（免费无鉴权服务商）	2026-08-17T14:04:41.6643043Z 14:04:41 [DEBUG] Using selector: EpollSelector
register	注册（免费无鉴权服务商）	2026-08-17T14:04:41.8330649Z 14:04:41 [ERROR] [Camoufox注册] 失败：RuntimeError: Camoufox 浏览器二进制未安装，请先执行: camoufox fetch
register	注册（免费无鉴权服务商）	2026-08-17T14:04:41.8332225Z 14:04:41 [INFO] [Catchmail] 已释放邮箱上下文: bt3mmp0bcj@catchmail.io（status=available, note=Camoufox失败: Camoufox 浏览器二进制未安装，请先执行: camoufox fetch）
register	注册（免费无鉴权服务商）	2026-08-17T14:04:41.8333575Z 14:04:41 [INFO] [批量] 开始第 33/100 个注册
register	注册（免费无鉴权服务商）	2026-08-17T14:04:41.8334275Z 14:04:41 [INFO] [Catchmail] 已生成临时邮箱: dwqcolxoba@catchmail.io
register	注册（免费无鉴权服务商）	2026-08-17T14:04:41.8335910Z 14:04:41 [INFO] [EmailProvider] 使用邮箱来源: catchmail, email=dwqcolxoba@catchmail.io (order=['catchmail', 'tempmailc', 'myagentinbox', 'dropmail', 'tempmail', 'throwawaymail', 'qxfy'])
register	注册（免费无鉴权服务商）	2026-08-17T14:04:41.8337339Z 14:04:41 [DEBUG] 自动获取邮箱: dwqcolxoba@catchmail.io
register	注册（免费无鉴权服务商）	2026-08-17T14:04:41.8338037Z 14:04:41 [DEBUG] 自动生成显示名称: Dzcxcbi Dddpyyb
register	注册（免费无鉴权服务商）	2026-08-17T14:04:41.8338703Z 14:04:41 [INFO] [Camoufox] 使用代理: socks5://127.0.0.1:40000
register	注册（免费无鉴权服务商）	2026-08-17T14:04:41.8339348Z 14:04:41 [INFO] [Camoufox] 启动无头浏览器 (headless=True)...
register	注册（免费无鉴权服务商）	2026-08-17T14:04:41.8339879Z 14:04:41 [DEBUG] Using selector: EpollSelector
register	注册（免费无鉴权服务商）	2026-08-17T14:04:41.9323970Z 14:04:41 [DEBUG] https://dropmail.click:443 "POST /api/v1/public/mailbox HTTP/1.1" 201 113
register	注册（免费无鉴权服务商）	2026-08-17T14:04:41.9345725Z 14:04:41 [INFO] [DropMail] 已创建临时邮箱: ac0ce8d19f45@dropmail.click（有效期 2026-08-17T14:14:41Z）
register	注册（免费无鉴权服务商）	2026-08-17T14:04:41.9360100Z 14:04:41 [INFO] [EmailProvider] 使用邮箱来源: dropmail, email=ac0ce8d19f45@dropmail.click (order=['dropmail', 'throwawaymail', 'catchmail', 'myagentinbox', 'tempmail', 'mailtm', 'qxfy', 'tempmailc'])
register	注册（免费无鉴权服务商）	2026-08-17T14:04:41.9373050Z 14:04:41 [DEBUG] 自动获取邮箱: ac0ce8d19f45@dropmail.click
register	注册（免费无鉴权服务商）	2026-08-17T14:04:41.9373920Z 14:04:41 [DEBUG] 自动生成显示名称: Dsxujg Ycacxa
register	注册（免费无鉴权服务商）	2026-08-17T14:04:41.9374774Z 14:04:41 [INFO] [Camoufox] 使用代理: socks5://127.0.0.1:40000
register	注册（免费无鉴权服务商）	2026-08-17T14:04:41.9375660Z 14:04:41 [INFO] [Camoufox] 启动无头浏览器 (headless=True)...
register	注册（免费无鉴权服务商）	2026-08-17T14:04:41.9376415Z 14:04:41 [DEBUG] Using selector: EpollSelector
register	注册（免费无鉴权服务商）	2026-08-17T14:04:42.0314346Z 14:04:42 [ERROR] [Camoufox注册] 失败：RuntimeError: Camoufox 浏览器二进制未安装，请先执行: camoufox fetch
register	注册（免费无鉴权服务商）	2026-08-17T14:04:42.0316677Z 14:04:42 [INFO] [QXFY] 已释放邮箱上下文: bnwnodx0vf@violetfree.cc.cd（status=available, note=Camoufox失败: Camoufox 浏览器二进制未安装，请先执行: camoufox fetch）
register	注册（免费无鉴权服务商）	2026-08-17T14:04:42.0318024Z 14:04:42 [INFO] [批量] 开始第 34/100 个注册
register	注册（免费无鉴权服务商）	2026-08-17T14:04:42.0319001Z 14:04:42 [INFO] [Catchmail] 已生成临时邮箱: db7hhcphxf@catchmail.io
register	注册（免费无鉴权服务商）	2026-08-17T14:04:42.0321837Z 14:04:42 [INFO] [EmailProvider] 使用邮箱来源: catchmail, email=db7hhcphxf@catchmail.io (order=['catchmail', 'qxfy', 'myagentinbox', 'tempmail', 'dropmail', 'tempmailc', 'throwawaymail'])
register	注册（免费无鉴权服务商）	2026-08-17T14:04:42.0323456Z 14:04:42 [DEBUG] 自动获取邮箱: db7hhcphxf@catchmail.io
register	注册（免费无鉴权服务商）	2026-08-17T14:04:42.0324294Z 14:04:42 [DEBUG] 自动生成显示名称: Envkbx Ylzwgfe
register	注册（免费无鉴权服务商）	2026-08-17T14:04:42.0325152Z 14:04:42 [INFO] [Camoufox] 使用代理: socks5://127.0.0.1:40000
register	注册（免费无鉴权服务商）	2026-08-17T14:04:42.0326027Z 14:04:42 [INFO] [Camoufox] 启动无头浏览器 (headless=True)...
register	注册（免费无鉴权服务商）	2026-08-17T14:04:42.0326811Z 14:04:42 [DEBUG] Using selector: EpollSelector
register	注册（免费无鉴权服务商）	2026-08-17T14:04:42.2122646Z 14:04:42 [ERROR] [Camoufox注册] 失败：RuntimeError: Camoufox 浏览器二进制未安装，请先执行: camoufox fetch
register	注册（免费无鉴权服务商）	2026-08-17T14:04:42.2124474Z 14:04:42 [INFO] [Catchmail] 已释放邮箱上下文: dwqcolxoba@catchmail.io（status=available, note=Camoufox失败: Camoufox 浏览器二进制未安装，请先执行: camoufox fetch）
register	注册（免费无鉴权服务商）	2026-08-17T14:04:42.2125835Z 14:04:42 [INFO] [批量] 开始第 35/100 个注册
register	注册（免费无鉴权服务商）	2026-08-17T14:04:42.2126820Z 14:04:42 [INFO] [QXFY] 已生成临时邮箱: ygr9ce733a@deploytools.site
register	注册（免费无鉴权服务商）	2026-08-17T14:04:42.2129407Z 14:04:42 [INFO] [EmailProvider] 使用邮箱来源: qxfy, email=ygr9ce733a@deploytools.site (order=['qxfy', 'myagentinbox', 'tempmailc', 'dropmail', 'catchmail', 'tempmail', 'throwawaymail'])
register	注册（免费无鉴权服务商）	2026-08-17T14:04:42.2131322Z 14:04:42 [DEBUG] 自动获取邮箱: ygr9ce733a@deploytools.site
register	注册（免费无鉴权服务商）	2026-08-17T14:04:42.2132115Z 14:04:42 [DEBUG] 自动生成显示名称: Itrll Moucsb
register	注册（免费无鉴权服务商）	2026-08-17T14:04:42.2132950Z 14:04:42 [INFO] [Camoufox] 使用代理: socks5://127.0.0.1:40000
register	注册（免费无鉴权服务商）	2026-08-17T14:04:42.2133801Z 14:04:42 [INFO] [Camoufox] 启动无头浏览器 (headless=True)...
register	注册（免费无鉴权服务商）	2026-08-17T14:04:42.2134533Z 14:04:42 [DEBUG] Using selector: EpollSelector
register	注册（免费无鉴权服务商）	2026-08-17T14:04:42.4156678Z 14:04:42 [ERROR] [Camoufox注册] 失败：RuntimeError: Camoufox 浏览器二进制未安装，请先执行: camoufox fetch
register	注册（免费无鉴权服务商）	2026-08-17T14:04:42.4158643Z 14:04:42 [INFO] [DropMail] 已释放邮箱上下文: ac0ce8d19f45@dropmail.click（status=available, note=Camoufox失败: Camoufox 浏览器二进制未安装，请先执行: camoufox fetch）
register	注册（免费无鉴权服务商）	2026-08-17T14:04:42.4160469Z 14:04:42 [INFO] [批量] 开始第 36/100 个注册
register	注册（免费无鉴权服务商）	2026-08-17T14:04:42.4170094Z 14:04:42 [DEBUG] Starting new HTTPS connection (1): myagentinbox.com:443
register	注册（免费无鉴权服务商）	2026-08-17T14:04:42.5024246Z 14:04:42 [ERROR] [Camoufox注册] 失败：RuntimeError: Camoufox 浏览器二进制未安装，请先执行: camoufox fetch
register	注册（免费无鉴权服务商）	2026-08-17T14:04:42.5026061Z 14:04:42 [INFO] [Catchmail] 已释放邮箱上下文: db7hhcphxf@catchmail.io（status=available, note=Camoufox失败: Camoufox 浏览器二进制未安装，请先执行: camoufox fetch）
register	注册（免费无鉴权服务商）	2026-08-17T14:04:42.5027333Z 14:04:42 [INFO] [批量] 开始第 37/100 个注册
register	注册（免费无鉴权服务商）	2026-08-17T14:04:42.5033993Z 14:04:42 [DEBUG] Starting new HTTPS connection (1): dropmail.click:443
register	注册（免费无鉴权服务商）	2026-08-17T14:04:42.5785903Z 14:04:42 [ERROR] [Camoufox注册] 失败：RuntimeError: Camoufox 浏览器二进制未安装，请先执行: camoufox fetch
register	注册（免费无鉴权服务商）	2026-08-17T14:04:42.5787441Z 14:04:42 [INFO] [QXFY] 已释放邮箱上下文: ygr9ce733a@deploytools.site（status=available, note=Camoufox失败: Camoufox 浏览器二进制未安装，请先执行: camoufox fetch）
register	注册（免费无鉴权服务商）	2026-08-17T14:04:42.5788983Z 14:04:42 [INFO] [批量] 开始第 38/100 个注册
register	注册（免费无鉴权服务商）	2026-08-17T14:04:42.5789583Z 14:04:42 [INFO] [Catchmail] 已生成临时邮箱: x4vobwmlms@catchmail.io
register	注册（免费无鉴权服务商）	2026-08-17T14:04:42.5791448Z 14:04:42 [INFO] [EmailProvider] 使用邮箱来源: catchmail, email=x4vobwmlms@catchmail.io (order=['catchmail', 'tempmailc', 'dropmail', 'myagentinbox', 'tempmail', 'qxfy', 'throwawaymail'])
register	注册（免费无鉴权服务商）	2026-08-17T14:04:42.5792776Z 14:04:42 [DEBUG] 自动获取邮箱: x4vobwmlms@catchmail.io
register	注册（免费无鉴权服务商）	2026-08-17T14:04:42.5793330Z 14:04:42 [DEBUG] 自动生成显示名称: Oenuah Xbapna
register	注册（免费无鉴权服务商）	2026-08-17T14:04:42.5793942Z 14:04:42 [INFO] [Camoufox] 使用代理: socks5://127.0.0.1:40000
register	注册（免费无鉴权服务商）	2026-08-17T14:04:42.5794546Z 14:04:42 [INFO] [Camoufox] 启动无头浏览器 (headless=True)...
register	注册（免费无鉴权服务商）	2026-08-17T14:04:42.5796734Z 14:04:42 [DEBUG] Using selector: EpollSelector
register	注册（免费无鉴权服务商）	2026-08-17T14:04:42.6472724Z 14:04:42 [DEBUG] https://myagentinbox.com:443 "POST /api/inboxes HTTP/1.1" 201 109
register	注册（免费无鉴权服务商）	2026-08-17T14:04:42.6488778Z 14:04:42 [INFO] [MyAgentInbox] 已创建临时邮箱: dxwmgs4m1z@myagentinbox.com（过期 24h）
register	注册（免费无鉴权服务商）	2026-08-17T14:04:42.6490767Z 14:04:42 [INFO] [EmailProvider] 使用邮箱来源: myagentinbox, email=dxwmgs4m1z@myagentinbox.com (order=['myagentinbox', 'tempmail', 'tempmailc', 'dropmail', 'catchmail', 'qxfy', 'throwawaymail'])
register	注册（免费无鉴权服务商）	2026-08-17T14:04:42.6492641Z 14:04:42 [DEBUG] 自动获取邮箱: dxwmgs4m1z@myagentinbox.com
register	注册（免费无鉴权服务商）	2026-08-17T14:04:42.6493242Z 14:04:42 [DEBUG] 自动生成显示名称: Rtqq Noir
register	注册（免费无鉴权服务商）	2026-08-17T14:04:42.6493819Z 14:04:42 [INFO] [Camoufox] 使用代理: socks5://127.0.0.1:40000
register	注册（免费无鉴权服务商）	2026-08-17T14:04:42.6494475Z 14:04:42 [INFO] [Camoufox] 启动无头浏览器 (headless=True)...
register	注册（免费无鉴权服务商）	2026-08-17T14:04:42.6495011Z 14:04:42 [DEBUG] Using selector: EpollSelector
register	注册（免费无鉴权服务商）	2026-08-17T14:04:42.8155548Z 14:04:42 [DEBUG] https://dropmail.click:443 "POST /api/v1/public/mailbox HTTP/1.1" 201 113
register	注册（免费无鉴权服务商）	2026-08-17T14:04:42.8174101Z 14:04:42 [INFO] [DropMail] 已创建临时邮箱: 02f124cfab93@dropmail.click（有效期 2026-08-17T14:14:42Z）
register	注册（免费无鉴权服务商）	2026-08-17T14:04:42.8176090Z 14:04:42 [INFO] [EmailProvider] 使用邮箱来源: dropmail, email=02f124cfab93@dropmail.click (order=['dropmail', 'catchmail', 'tempmail', 'throwawaymail', 'qxfy', 'myagentinbox', 'tempmailc'])
register	注册（免费无鉴权服务商）	2026-08-17T14:04:42.8178806Z 14:04:42 [DEBUG] 自动获取邮箱: 02f124cfab93@dropmail.click
register	注册（免费无鉴权服务商）	2026-08-17T14:04:42.8179790Z 14:04:42 [DEBUG] 自动生成显示名称: Iwag Ftqak
register	注册（免费无鉴权服务商）	2026-08-17T14:04:42.8180833Z 14:04:42 [INFO] [Camoufox] 使用代理: socks5://127.0.0.1:40000
register	注册（免费无鉴权服务商）	2026-08-17T14:04:42.8181937Z 14:04:42 [INFO] [Camoufox] 启动无头浏览器 (headless=True)...
register	注册（免费无鉴权服务商）	2026-08-17T14:04:42.8182715Z 14:04:42 [DEBUG] Using selector: EpollSelector
register	注册（免费无鉴权服务商）	2026-08-17T14:04:42.9244501Z 14:04:42 [ERROR] [Camoufox注册] 失败：RuntimeError: Camoufox 浏览器二进制未安装，请先执行: camoufox fetch
register	注册（免费无鉴权服务商）	2026-08-17T14:04:42.9246382Z 14:04:42 [INFO] [Catchmail] 已释放邮箱上下文: x4vobwmlms@catchmail.io（status=available, note=Camoufox失败: Camoufox 浏览器二进制未安装，请先执行: camoufox fetch）
register	注册（免费无鉴权服务商）	2026-08-17T14:04:42.9247948Z 14:04:42 [INFO] [批量] 开始第 39/100 个注册
register	注册（免费无鉴权服务商）	2026-08-17T14:04:42.9256988Z 14:04:42 [DEBUG] Starting new HTTPS connection (1): dropmail.click:443
register	注册（免费无鉴权服务商）	2026-08-17T14:04:43.0430457Z 14:04:43 [ERROR] [Camoufox注册] 失败：RuntimeError: Camoufox 浏览器二进制未安装，请先执行: camoufox fetch
register	注册（免费无鉴权服务商）	2026-08-17T14:04:43.0432073Z 14:04:43 [INFO] [MyAgentInbox] 已释放邮箱上下文: dxwmgs4m1z@myagentinbox.com（status=available, note=Camoufox失败: Camoufox 浏览器二进制未安装，请先执行: camoufox fetch）
register	注册（免费无鉴权服务商）	2026-08-17T14:04:43.0441226Z 14:04:43 [INFO] [批量] 开始第 40/100 个注册
register	注册（免费无鉴权服务商）	2026-08-17T14:04:43.0441866Z 14:04:43 [DEBUG] Starting new HTTPS connection (1): myagentinbox.com:443
register	注册（免费无鉴权服务商）	2026-08-17T14:04:43.1338510Z 14:04:43 [DEBUG] https://dropmail.click:443 "POST /api/v1/public/mailbox HTTP/1.1" 201 113
register	注册（免费无鉴权服务商）	2026-08-17T14:04:43.1353060Z 14:04:43 [INFO] [DropMail] 已创建临时邮箱: b9e4b134aef7@dropmail.click（有效期 2026-08-17T14:14:43Z）
register	注册（免费无鉴权服务商）	2026-08-17T14:04:43.1355005Z 14:04:43 [INFO] [EmailProvider] 使用邮箱来源: dropmail, email=b9e4b134aef7@dropmail.click (order=['dropmail', 'tempmailc', 'myagentinbox', 'qxfy', 'catchmail', 'throwawaymail', 'tempmail'])
register	注册（免费无鉴权服务商）	2026-08-17T14:04:43.1356264Z 14:04:43 [DEBUG] 自动获取邮箱: b9e4b134aef7@dropmail.click
register	注册（免费无鉴权服务商）	2026-08-17T14:04:43.1356809Z 14:04:43 [DEBUG] 自动生成显示名称: Kmsirtx Kjft
register	注册（免费无鉴权服务商）	2026-08-17T14:04:43.1357396Z 14:04:43 [INFO] [Camoufox] 使用代理: socks5://127.0.0.1:40000
register	注册（免费无鉴权服务商）	2026-08-17T14:04:43.1358525Z 14:04:43 [INFO] [Camoufox] 启动无头浏览器 (headless=True)...
register	注册（免费无鉴权服务商）	2026-08-17T14:04:43.1359008Z 14:04:43 [DEBUG] Using selector: EpollSelector
register	注册（免费无鉴权服务商）	2026-08-17T14:04:43.1992032Z 14:04:43 [DEBUG] https://myagentinbox.com:443 "POST /api/inboxes HTTP/1.1" 201 109
register	注册（免费无鉴权服务商）	2026-08-17T14:04:43.2008196Z 14:04:43 [INFO] [MyAgentInbox] 已创建临时邮箱: ee5s4ho4mz@myagentinbox.com（过期 24h）
register	注册（免费无鉴权服务商）	2026-08-17T14:04:43.2010076Z 14:04:43 [INFO] [EmailProvider] 使用邮箱来源: myagentinbox, email=ee5s4ho4mz@myagentinbox.com (order=['myagentinbox', 'catchmail', 'tempmail', 'throwawaymail', 'qxfy', 'tempmailc', 'dropmail'])
register	注册（免费无鉴权服务商）	2026-08-17T14:04:43.2012032Z 14:04:43 [DEBUG] 自动获取邮箱: ee5s4ho4mz@myagentinbox.com
register	注册（免费无鉴权服务商）	2026-08-17T14:04:43.2012975Z 14:04:43 [DEBUG] 自动生成显示名称: Jllozf Rwpzusn
register	注册（免费无鉴权服务商）	2026-08-17T14:04:43.2013785Z 14:04:43 [INFO] [Camoufox] 使用代理: socks5://127.0.0.1:40000
register	注册（免费无鉴权服务商）	2026-08-17T14:04:43.2014669Z 14:04:43 [INFO] [Camoufox] 启动无头浏览器 (headless=True)...
register	注册（免费无鉴权服务商）	2026-08-17T14:04:43.2015460Z 14:04:43 [DEBUG] Using selector: EpollSelector
register	注册（免费无鉴权服务商）	2026-08-17T14:04:43.2093984Z 14:04:43 [ERROR] [Camoufox注册] 失败：RuntimeError: Camoufox 浏览器二进制未安装，请先执行: camoufox fetch
register	注册（免费无鉴权服务商）	2026-08-17T14:04:43.2097506Z 14:04:43 [INFO] [DropMail] 已释放邮箱上下文: 02f124cfab93@dropmail.click（status=available, note=Camoufox失败: Camoufox 浏览器二进制未安装，请先执行: camoufox fetch）
register	注册（免费无鉴权服务商）	2026-08-17T14:04:43.2109213Z 14:04:43 [INFO] [批量] 开始第 41/100 个注册
register	注册（免费无鉴权服务商）	2026-08-17T14:04:43.2110021Z 14:04:43 [INFO] [Catchmail] 已生成临时邮箱: tu8pa9zmnv@catchmail.io
register	注册（免费无鉴权服务商）	2026-08-17T14:04:43.2111956Z 14:04:43 [INFO] [EmailProvider] 使用邮箱来源: catchmail, email=tu8pa9zmnv@catchmail.io (order=['catchmail', 'dropmail', 'myagentinbox', 'throwawaymail', 'tempmailc', 'tempmail', 'qxfy'])
register	注册（免费无鉴权服务商）	2026-08-17T14:04:43.2113439Z 14:04:43 [DEBUG] 自动获取邮箱: tu8pa9zmnv@catchmail.io
register	注册（免费无鉴权服务商）	2026-08-17T14:04:43.2114152Z 14:04:43 [DEBUG] 自动生成显示名称: Zfpe Ilppujh
register	注册（免费无鉴权服务商）	2026-08-17T14:04:43.2114918Z 14:04:43 [INFO] [Camoufox] 使用代理: socks5://127.0.0.1:40000
register	注册（免费无鉴权服务商）	2026-08-17T14:04:43.2115709Z 14:04:43 [INFO] [Camoufox] 启动无头浏览器 (headless=True)...
register	注册（免费无鉴权服务商）	2026-08-17T14:04:43.2116392Z 14:04:43 [DEBUG] Using selector: EpollSelector
register	注册（免费无鉴权服务商）	2026-08-17T14:04:43.5944934Z 14:04:43 [ERROR] [Camoufox注册] 失败：RuntimeError: Camoufox 浏览器二进制未安装，请先执行: camoufox fetch
register	注册（免费无鉴权服务商）	2026-08-17T14:04:43.6002325Z 14:04:43 [INFO] [DropMail] 已释放邮箱上下文: b9e4b134aef7@dropmail.click（status=available, note=Camoufox失败: Camoufox 浏览器二进制未安装，请先执行: camoufox fetch）
register	注册（免费无鉴权服务商）	2026-08-17T14:04:43.6010988Z 14:04:43 [INFO] [批量] 开始第 42/100 个注册
register	注册（免费无鉴权服务商）	2026-08-17T14:04:43.6016618Z 14:04:43 [INFO] [TempMailC] 已生成临时邮箱: wwjvxek6hr@kojoball.email
register	注册（免费无鉴权服务商）	2026-08-17T14:04:43.6041949Z 14:04:43 [INFO] [EmailProvider] 使用邮箱来源: tempmailc, email=wwjvxek6hr@kojoball.email (order=['tempmailc', 'tempmail', 'catchmail', 'myagentinbox', 'qxfy', 'dropmail', 'throwawaymail'])
register	注册（免费无鉴权服务商）	2026-08-17T14:04:43.6071022Z 14:04:43 [DEBUG] 自动获取邮箱: wwjvxek6hr@kojoball.email
register	注册（免费无鉴权服务商）	2026-08-17T14:04:43.6071668Z 14:04:43 [DEBUG] 自动生成显示名称: Zzsayv Dyljvn
register	注册（免费无鉴权服务商）	2026-08-17T14:04:43.6081465Z 14:04:43 [INFO] [Camoufox] 使用代理: socks5://127.0.0.1:40000
register	注册（免费无鉴权服务商）	2026-08-17T14:04:43.6082550Z 14:04:43 [INFO] [Camoufox] 启动无头浏览器 (headless=True)...
register	注册（免费无鉴权服务商）	2026-08-17T14:04:43.6083273Z 14:04:43 [DEBUG] Using selector: EpollSelector
register	注册（免费无鉴权服务商）	2026-08-17T14:04:43.6227139Z 14:04:43 [ERROR] [Camoufox注册] 失败：RuntimeError: Camoufox 浏览器二进制未安装，请先执行: camoufox fetch
register	注册（免费无鉴权服务商）	2026-08-17T14:04:43.6229042Z 14:04:43 [INFO] [MyAgentInbox] 已释放邮箱上下文: ee5s4ho4mz@myagentinbox.com（status=available, note=Camoufox失败: Camoufox 浏览器二进制未安装，请先执行: camoufox fetch）
register	注册（免费无鉴权服务商）	2026-08-17T14:04:43.6236027Z 14:04:43 [INFO] [批量] 开始第 43/100 个注册
register	注册（免费无鉴权服务商）	2026-08-17T14:04:43.6262214Z 14:04:43 [INFO] [TempMailC] 已生成临时邮箱: jn8c3uw0ev@kojoball.email
register	注册（免费无鉴权服务商）	2026-08-17T14:04:43.6275170Z 14:04:43 [INFO] [EmailProvider] 使用邮箱来源: tempmailc, email=jn8c3uw0ev@kojoball.email (order=['tempmailc', 'myagentinbox', 'tempmail', 'dropmail', 'throwawaymail', 'catchmail', 'qxfy'])
register	注册（免费无鉴权服务商）	2026-08-17T14:04:43.6276847Z 14:04:43 [DEBUG] 自动获取邮箱: jn8c3uw0ev@kojoball.email
register	注册（免费无鉴权服务商）	2026-08-17T14:04:43.6277666Z 14:04:43 [DEBUG] 自动生成显示名称: Nnntca Bnxm
register	注册（免费无鉴权服务商）	2026-08-17T14:04:43.6278484Z 14:04:43 [INFO] [Camoufox] 使用代理: socks5://127.0.0.1:40000
register	注册（免费无鉴权服务商）	2026-08-17T14:04:43.6279326Z 14:04:43 [INFO] [Camoufox] 启动无头浏览器 (headless=True)...
register	注册（免费无鉴权服务商）	2026-08-17T14:04:43.6280083Z 14:04:43 [DEBUG] Using selector: EpollSelector
register	注册（免费无鉴权服务商）	2026-08-17T14:04:43.6410941Z 14:04:43 [ERROR] [Camoufox注册] 失败：RuntimeError: Camoufox 浏览器二进制未安装，请先执行: camoufox fetch
register	注册（免费无鉴权服务商）	2026-08-17T14:04:43.6422084Z 14:04:43 [INFO] [Catchmail] 已释放邮箱上下文: tu8pa9zmnv@catchmail.io（status=available, note=Camoufox失败: Camoufox 浏览器二进制未安装，请先执行: camoufox fetch）
register	注册（免费无鉴权服务商）	2026-08-17T14:04:43.6427571Z 14:04:43 [INFO] [批量] 开始第 44/100 个注册
register	注册（免费无鉴权服务商）	2026-08-17T14:04:43.6429260Z 14:04:43 [DEBUG] Starting new HTTPS connection (1): api.tempmail.lol:443
register	注册（免费无鉴权服务商）	2026-08-17T14:04:43.8983102Z 14:04:43 [DEBUG] https://api.tempmail.lol:443 "POST /v2/inbox/create HTTP/1.1" 201 90
register	注册（免费无鉴权服务商）	2026-08-17T14:04:43.8997697Z 14:04:43 [INFO] [TempMail.lol] 已创建邮箱: troy6a6ffb@vz.foodlpqse.com
register	注册（免费无鉴权服务商）	2026-08-17T14:04:43.9000535Z 14:04:43 [INFO] [EmailProvider] 使用邮箱来源: tempmail, email=troy6a6ffb@vz.foodlpqse.com (order=['tempmail', 'tempmailc', 'throwawaymail', 'myagentinbox', 'dropmail', 'catchmail', 'qxfy'])
register	注册（免费无鉴权服务商）	2026-08-17T14:04:43.9002203Z 14:04:43 [DEBUG] 自动获取邮箱: troy6a6ffb@vz.foodlpqse.com
register	注册（免费无鉴权服务商）	2026-08-17T14:04:43.9003059Z 14:04:43 [DEBUG] 自动生成显示名称: Qjkkvo Zqcfwh
register	注册（免费无鉴权服务商）	2026-08-17T14:04:43.9003826Z 14:04:43 [INFO] [Camoufox] 使用代理: socks5://127.0.0.1:40000
register	注册（免费无鉴权服务商）	2026-08-17T14:04:43.9004661Z 14:04:43 [INFO] [Camoufox] 启动无头浏览器 (headless=True)...
register	注册（免费无鉴权服务商）	2026-08-17T14:04:43.9005354Z 14:04:43 [DEBUG] Using selector: EpollSelector
register	注册（免费无鉴权服务商）	2026-08-17T14:04:43.9874275Z 14:04:43 [ERROR] [Camoufox注册] 失败：RuntimeError: Camoufox 浏览器二进制未安装，请先执行: camoufox fetch
register	注册（免费无鉴权服务商）	2026-08-17T14:04:43.9875908Z 14:04:43 [INFO] [TempMailC] 已释放邮箱上下文: wwjvxek6hr@kojoball.email（status=available, note=Camoufox失败: Camoufox 浏览器二进制未安装，请先执行: camoufox fetch）
register	注册（免费无鉴权服务商）	2026-08-17T14:04:43.9890897Z 14:04:43 [INFO] [批量] 开始第 45/100 个注册
register	注册（免费无鉴权服务商）	2026-08-17T14:04:43.9891863Z 14:04:43 [DEBUG] Starting new HTTPS connection (1): dropmail.click:443
register	注册（免费无鉴权服务商）	2026-08-17T14:04:44.0121832Z 14:04:44 [ERROR] [Camoufox注册] 失败：RuntimeError: Camoufox 浏览器二进制未安装，请先执行: camoufox fetch
register	注册（免费无鉴权服务商）	2026-08-17T14:04:44.0123279Z 14:04:44 [INFO] [TempMailC] 已释放邮箱上下文: jn8c3uw0ev@kojoball.email（status=available, note=Camoufox失败: Camoufox 浏览器二进制未安装，请先执行: camoufox fetch）
register	注册（免费无鉴权服务商）	2026-08-17T14:04:44.0136708Z 14:04:44 [INFO] [批量] 开始第 46/100 个注册
register	注册（免费无鉴权服务商）	2026-08-17T14:04:44.0137355Z 14:04:44 [DEBUG] Starting new HTTPS connection (1): dropmail.click:443
register	注册（免费无鉴权服务商）	2026-08-17T14:04:44.2391125Z 14:04:44 [ERROR] [Camoufox注册] 失败：RuntimeError: Camoufox 浏览器二进制未安装，请先执行: camoufox fetch
register	注册（免费无鉴权服务商）	2026-08-17T14:04:44.2392709Z 14:04:44 [INFO] [TempMail.lol] 已释放邮箱上下文: troy6a6ffb@vz.foodlpqse.com（status=available, note=Camoufox失败: Camoufox 浏览器二进制未安装，请先执行: camoufox fetch）
register	注册（免费无鉴权服务商）	2026-08-17T14:04:44.2393712Z 14:04:44 [INFO] [批量] 开始第 47/100 个注册
register	注册（免费无鉴权服务商）	2026-08-17T14:04:44.2401201Z 14:04:44 [DEBUG] Starting new HTTPS connection (1): api.tempmail.lol:443
register	注册（免费无鉴权服务商）	2026-08-17T14:04:44.2819027Z 14:04:44 [DEBUG] https://dropmail.click:443 "POST /api/v1/public/mailbox HTTP/1.1" 201 113
register	注册（免费无鉴权服务商）	2026-08-17T14:04:44.2832342Z 14:04:44 [INFO] [DropMail] 已创建临时邮箱: cdf34b5e93f8@dropmail.click（有效期 2026-08-17T14:14:44Z）
register	注册（免费无鉴权服务商）	2026-08-17T14:04:44.2833952Z 14:04:44 [INFO] [EmailProvider] 使用邮箱来源: dropmail, email=cdf34b5e93f8@dropmail.click (order=['dropmail', 'myagentinbox', 'qxfy', 'tempmailc', 'throwawaymail', 'catchmail', 'tempmail'])
register	注册（免费无鉴权服务商）	2026-08-17T14:04:44.2835297Z 14:04:44 [DEBUG] 自动获取邮箱: cdf34b5e93f8@dropmail.click
register	注册（免费无鉴权服务商）	2026-08-17T14:04:44.2835794Z 14:04:44 [DEBUG] 自动生成显示名称: Gcbqh Fnai
register	注册（免费无鉴权服务商）	2026-08-17T14:04:44.2836185Z 14:04:44 [INFO] [Camoufox] 使用代理: socks5://127.0.0.1:40000
register	注册（免费无鉴权服务商）	2026-08-17T14:04:44.2836999Z 14:04:44 [INFO] [Camoufox] 启动无头浏览器 (headless=True)...
register	注册（免费无鉴权服务商）	2026-08-17T14:04:44.2837345Z 14:04:44 [DEBUG] Using selector: EpollSelector
register	注册（免费无鉴权服务商）	2026-08-17T14:04:44.2933207Z 14:04:44 [DEBUG] https://dropmail.click:443 "POST /api/v1/public/mailbox HTTP/1.1" 201 113
register	注册（免费无鉴权服务商）	2026-08-17T14:04:44.2947892Z 14:04:44 [INFO] [DropMail] 已创建临时邮箱: 2f4e77bfef86@dropmail.click（有效期 2026-08-17T14:14:44Z）
register	注册（免费无鉴权服务商）	2026-08-17T14:04:44.2949669Z 14:04:44 [INFO] [EmailProvider] 使用邮箱来源: dropmail, email=2f4e77bfef86@dropmail.click (order=['dropmail', 'throwawaymail', 'catchmail', 'tempmailc', 'tempmail', 'qxfy', 'myagentinbox'])
register	注册（免费无鉴权服务商）	2026-08-17T14:04:44.2951253Z 14:04:44 [DEBUG] 自动获取邮箱: 2f4e77bfef86@dropmail.click
register	注册（免费无鉴权服务商）	2026-08-17T14:04:44.2951893Z 14:04:44 [DEBUG] 自动生成显示名称: Iwqiv Awuq
register	注册（免费无鉴权服务商）	2026-08-17T14:04:44.2952585Z 14:04:44 [INFO] [Camoufox] 使用代理: socks5://127.0.0.1:40000
register	注册（免费无鉴权服务商）	2026-08-17T14:04:44.2953299Z 14:04:44 [INFO] [Camoufox] 启动无头浏览器 (headless=True)...
register	注册（免费无鉴权服务商）	2026-08-17T14:04:44.2953884Z 14:04:44 [DEBUG] Using selector: EpollSelector
register	注册（免费无鉴权服务商）	2026-08-17T14:04:44.4666698Z 14:04:44 [DEBUG] https://api.tempmail.lol:443 "POST /v2/inbox/create HTTP/1.1" 201 93
register	注册（免费无鉴权服务商）	2026-08-17T14:04:44.4691812Z 14:04:44 [INFO] [TempMail.lol] 已创建邮箱: hilary6a6ffc@66l.foodlpqse.com
register	注册（免费无鉴权服务商）	2026-08-17T14:04:44.4702037Z 14:04:44 [INFO] [EmailProvider] 使用邮箱来源: tempmail, email=hilary6a6ffc@66l.foodlpqse.com (order=['tempmail', 'tempmailc', 'dropmail', 'catchmail', 'myagentinbox', 'throwawaymail', 'qxfy'])
register	注册（免费无鉴权服务商）	2026-08-17T14:04:44.4704145Z 14:04:44 [DEBUG] 自动获取邮箱: hilary6a6ffc@66l.foodlpqse.com
register	注册（免费无鉴权服务商）	2026-08-17T14:04:44.4705067Z 14:04:44 [DEBUG] 自动生成显示名称: Bavffj Ygfgiti
register	注册（免费无鉴权服务商）	2026-08-17T14:04:44.4705957Z 14:04:44 [INFO] [Camoufox] 使用代理: socks5://127.0.0.1:40000
register	注册（免费无鉴权服务商）	2026-08-17T14:04:44.4706930Z 14:04:44 [INFO] [Camoufox] 启动无头浏览器 (headless=True)...
register	注册（免费无鉴权服务商）	2026-08-17T14:04:44.4707722Z 14:04:44 [DEBUG] Using selector: EpollSelector
register	注册（免费无鉴权服务商）	2026-08-17T14:04:44.6383896Z 14:04:44 [ERROR] [Camoufox注册] 失败：RuntimeError: Camoufox 浏览器二进制未安装，请先执行: camoufox fetch
register	注册（免费无鉴权服务商）	2026-08-17T14:04:44.6396307Z 14:04:44 [INFO] [DropMail] 已释放邮箱上下文: cdf34b5e93f8@dropmail.click（status=available, note=Camoufox失败: Camoufox 浏览器二进制未安装，请先执行: camoufox fetch）
register	注册（免费无鉴权服务商）	2026-08-17T14:04:44.6410087Z 14:04:44 [INFO] [批量] 开始第 48/100 个注册
register	注册（免费无鉴权服务商）	2026-08-17T14:04:44.6411283Z 14:04:44 [INFO] [QXFY] 已生成临时邮箱: kiiqh0tue2@kami666.xyz
register	注册（免费无鉴权服务商）	2026-08-17T14:04:44.6412892Z 14:04:44 [INFO] [EmailProvider] 使用邮箱来源: qxfy, email=kiiqh0tue2@kami666.xyz (order=['qxfy', 'myagentinbox', 'tempmail', 'throwawaymail', 'tempmailc', 'dropmail', 'catchmail'])
register	注册（免费无鉴权服务商）	2026-08-17T14:04:44.6414269Z 14:04:44 [DEBUG] 自动获取邮箱: kiiqh0tue2@kami666.xyz
register	注册（免费无鉴权服务商）	2026-08-17T14:04:44.6414952Z 14:04:44 [DEBUG] 自动生成显示名称: Tchv Legoieb
register	注册（免费无鉴权服务商）	2026-08-17T14:04:44.6415667Z 14:04:44 [INFO] [Camoufox] 使用代理: socks5://127.0.0.1:40000
register	注册（免费无鉴权服务商）	2026-08-17T14:04:44.6416441Z 14:04:44 [INFO] [Camoufox] 启动无头浏览器 (headless=True)...
register	注册（免费无鉴权服务商）	2026-08-17T14:04:44.6417625Z 14:04:44 [DEBUG] Using selector: EpollSelector
register	注册（免费无鉴权服务商）	2026-08-17T14:04:44.7018192Z 14:04:44 [ERROR] [Camoufox注册] 失败：RuntimeError: Camoufox 浏览器二进制未安装，请先执行: camoufox fetch
register	注册（免费无鉴权服务商）	2026-08-17T14:04:44.7019958Z 14:04:44 [INFO] [DropMail] 已释放邮箱上下文: 2f4e77bfef86@dropmail.click（status=available, note=Camoufox失败: Camoufox 浏览器二进制未安装，请先执行: camoufox fetch）
register	注册（免费无鉴权服务商）	2026-08-17T14:04:44.7021537Z 14:04:44 [INFO] [批量] 开始第 49/100 个注册
register	注册（免费无鉴权服务商）	2026-08-17T14:04:44.7028855Z 14:04:44 [DEBUG] Starting new HTTPS connection (1): throwawaymail.app:443
register	注册（免费无鉴权服务商）	2026-08-17T14:04:44.8398771Z 14:04:44 [DEBUG] https://throwawaymail.app:443 "POST /api/mailboxes HTTP/1.1" 201 193
register	注册（免费无鉴权服务商）	2026-08-17T14:04:44.8419168Z 14:04:44 [INFO] [ThrowawayMail] 已创建临时邮箱: wet.upset.oil@throwawaymail.app（过期 2026-08-17T14:14:44.808897+00:00）
register	注册（免费无鉴权服务商）	2026-08-17T14:04:44.8421568Z 14:04:44 [INFO] [EmailProvider] 使用邮箱来源: throwawaymail, email=wet.upset.oil@throwawaymail.app (order=['throwawaymail', 'dropmail', 'tempmail', 'tempmailc', 'catchmail', 'qxfy', 'myagentinbox'])
register	注册（免费无鉴权服务商）	2026-08-17T14:04:44.8423355Z 14:04:44 [DEBUG] 自动获取邮箱: wet.upset.oil@throwawaymail.app
register	注册（免费无鉴权服务商）	2026-08-17T14:04:44.8424165Z 14:04:44 [DEBUG] 自动生成显示名称: Xjxdki Cunlysk
register	注册（免费无鉴权服务商）	2026-08-17T14:04:44.8424996Z 14:04:44 [INFO] [Camoufox] 使用代理: socks5://127.0.0.1:40000
register	注册（免费无鉴权服务商）	2026-08-17T14:04:44.8426365Z 14:04:44 [INFO] [Camoufox] 启动无头浏览器 (headless=True)...
register	注册（免费无鉴权服务商）	2026-08-17T14:04:44.8427096Z 14:04:44 [DEBUG] Using selector: EpollSelector
register	注册（免费无鉴权服务商）	2026-08-17T14:04:44.8971048Z 14:04:44 [ERROR] [Camoufox注册] 失败：RuntimeError: Camoufox 浏览器二进制未安装，请先执行: camoufox fetch
register	注册（免费无鉴权服务商）	2026-08-17T14:04:44.8973051Z 14:04:44 [INFO] [TempMail.lol] 已释放邮箱上下文: hilary6a6ffc@66l.foodlpqse.com（status=available, note=Camoufox失败: Camoufox 浏览器二进制未安装，请先执行: camoufox fetch）
register	注册（免费无鉴权服务商）	2026-08-17T14:04:44.8974315Z 14:04:44 [INFO] [批量] 开始第 50/100 个注册
register	注册（免费无鉴权服务商）	2026-08-17T14:04:44.8980910Z 14:04:44 [DEBUG] Starting new HTTPS connection (1): myagentinbox.com:443
register	注册（免费无鉴权服务商）	2026-08-17T14:04:45.0428043Z 14:04:45 [DEBUG] https://myagentinbox.com:443 "POST /api/inboxes HTTP/1.1" 201 109
register	注册（免费无鉴权服务商）	2026-08-17T14:04:45.0437863Z 14:04:45 [INFO] [MyAgentInbox] 已创建临时邮箱: le0m2v4abb@myagentinbox.com（过期 24h）
register	注册（免费无鉴权服务商）	2026-08-17T14:04:45.0439607Z 14:04:45 [INFO] [EmailProvider] 使用邮箱来源: myagentinbox, email=le0m2v4abb@myagentinbox.com (order=['myagentinbox', 'throwawaymail', 'qxfy', 'dropmail', 'catchmail', 'tempmail', 'tempmailc'])
register	注册（免费无鉴权服务商）	2026-08-17T14:04:45.0441186Z 14:04:45 [DEBUG] 自动获取邮箱: le0m2v4abb@myagentinbox.com
register	注册（免费无鉴权服务商）	2026-08-17T14:04:45.0441759Z 14:04:45 [DEBUG] 自动生成显示名称: Jobwykm Ocbl
register	注册（免费无鉴权服务商）	2026-08-17T14:04:45.0442343Z 14:04:45 [INFO] [Camoufox] 使用代理: socks5://127.0.0.1:40000
register	注册（免费无鉴权服务商）	2026-08-17T14:04:45.0443076Z 14:04:45 [INFO] [Camoufox] 启动无头浏览器 (headless=True)...
register	注册（免费无鉴权服务商）	2026-08-17T14:04:45.0443682Z 14:04:45 [DEBUG] Using selector: EpollSelector
register	注册（免费无鉴权服务商）	2026-08-17T14:04:45.0587747Z 14:04:45 [ERROR] [Camoufox注册] 失败：RuntimeError: Camoufox 浏览器二进制未安装，请先执行: camoufox fetch
register	注册（免费无鉴权服务商）	2026-08-17T14:04:45.0598017Z 14:04:45 [INFO] [QXFY] 已释放邮箱上下文: kiiqh0tue2@kami666.xyz（status=available, note=Camoufox失败: Camoufox 浏览器二进制未安装，请先执行: camoufox fetch）
register	注册（免费无鉴权服务商）	2026-08-17T14:04:45.0598888Z 14:04:45 [INFO] [批量] 开始第 51/100 个注册
register	注册（免费无鉴权服务商）	2026-08-17T14:04:45.0600013Z 14:04:45 [INFO] [QXFY] 已生成临时邮箱: ux2p6l3cba@free.violet.us.ci
register	注册（免费无鉴权服务商）	2026-08-17T14:04:45.0601426Z 14:04:45 [INFO] [EmailProvider] 使用邮箱来源: qxfy, email=ux2p6l3cba@free.violet.us.ci (order=['qxfy', 'tempmail', 'throwawaymail', 'dropmail', 'catchmail', 'tempmailc', 'myagentinbox'])
register	注册（免费无鉴权服务商）	2026-08-17T14:04:45.0602706Z 14:04:45 [DEBUG] 自动获取邮箱: ux2p6l3cba@free.violet.us.ci
register	注册（免费无鉴权服务商）	2026-08-17T14:04:45.0603259Z 14:04:45 [DEBUG] 自动生成显示名称: Rcjbko Tcvu
register	注册（免费无鉴权服务商）	2026-08-17T14:04:45.0603744Z 14:04:45 [INFO] [Camoufox] 使用代理: socks5://127.0.0.1:40000
register	注册（免费无鉴权服务商）	2026-08-17T14:04:45.0604300Z 14:04:45 [INFO] [Camoufox] 启动无头浏览器 (headless=True)...
register	注册（免费无鉴权服务商）	2026-08-17T14:04:45.0604823Z 14:04:45 [DEBUG] Using selector: EpollSelector
register	注册（免费无鉴权服务商）	2026-08-17T14:04:45.3540790Z 14:04:45 [ERROR] [Camoufox注册] 失败：RuntimeError: Camoufox 浏览器二进制未安装，请先执行: camoufox fetch
register	注册（免费无鉴权服务商）	2026-08-17T14:04:45.3544416Z 14:04:45 [INFO] [ThrowawayMail] 已释放邮箱上下文: wet.upset.oil@throwawaymail.app（status=available, note=Camoufox失败: Camoufox 浏览器二进制未安装，请先执行: camoufox fetch）
register	注册（免费无鉴权服务商）	2026-08-17T14:04:45.3546220Z 14:04:45 [INFO] [批量] 开始第 52/100 个注册
register	注册（免费无鉴权服务商）	2026-08-17T14:04:45.3554525Z 14:04:45 [DEBUG] Starting new HTTPS connection (1): myagentinbox.com:443
register	注册（免费无鉴权服务商）	2026-08-17T14:04:45.5044212Z 14:04:45 [ERROR] [Camoufox注册] 失败：RuntimeError: Camoufox 浏览器二进制未安装，请先执行: camoufox fetch
register	注册（免费无鉴权服务商）	2026-08-17T14:04:45.5046866Z 14:04:45 [INFO] [MyAgentInbox] 已释放邮箱上下文: le0m2v4abb@myagentinbox.com（status=available, note=Camoufox失败: Camoufox 浏览器二进制未安装，请先执行: camoufox fetch）
register	注册（免费无鉴权服务商）	2026-08-17T14:04:45.5048246Z 14:04:45 [INFO] [批量] 开始第 53/100 个注册
register	注册（免费无鉴权服务商）	2026-08-17T14:04:45.5049120Z 14:04:45 [INFO] [TempMailC] 已生成临时邮箱: cr9qzteyp8@domsr.fun
register	注册（免费无鉴权服务商）	2026-08-17T14:04:45.5050749Z 14:04:45 [INFO] [EmailProvider] 使用邮箱来源: tempmailc, email=cr9qzteyp8@domsr.fun (order=['tempmailc', 'catchmail', 'myagentinbox', 'qxfy', 'tempmail', 'dropmail', 'throwawaymail'])
register	注册（免费无鉴权服务商）	2026-08-17T14:04:45.5052013Z 14:04:45 [DEBUG] 自动获取邮箱: cr9qzteyp8@domsr.fun
register	注册（免费无鉴权服务商）	2026-08-17T14:04:45.5052596Z 14:04:45 [DEBUG] 自动生成显示名称: Eorjk Ytwls
register	注册（免费无鉴权服务商）	2026-08-17T14:04:45.5053227Z 14:04:45 [INFO] [Camoufox] 使用代理: socks5://127.0.0.1:40000
register	注册（免费无鉴权服务商）	2026-08-17T14:04:45.5053892Z 14:04:45 [INFO] [Camoufox] 启动无头浏览器 (headless=True)...
register	注册（免费无鉴权服务商）	2026-08-17T14:04:45.5054271Z 14:04:45 [DEBUG] Using selector: EpollSelector
register	注册（免费无鉴权服务商）	2026-08-17T14:04:45.5155910Z 14:04:45 [DEBUG] https://myagentinbox.com:443 "POST /api/inboxes HTTP/1.1" 201 109
register	注册（免费无鉴权服务商）	2026-08-17T14:04:45.5179948Z 14:04:45 [INFO] [MyAgentInbox] 已创建临时邮箱: qpe1prvyv7@myagentinbox.com（过期 24h）
register	注册（免费无鉴权服务商）	2026-08-17T14:04:45.5182587Z 14:04:45 [INFO] [EmailProvider] 使用邮箱来源: myagentinbox, email=qpe1prvyv7@myagentinbox.com (order=['myagentinbox', 'tempmailc', 'qxfy', 'throwawaymail', 'dropmail', 'catchmail', 'tempmail'])
register	注册（免费无鉴权服务商）	2026-08-17T14:04:45.5184357Z 14:04:45 [DEBUG] 自动获取邮箱: qpe1prvyv7@myagentinbox.com
register	注册（免费无鉴权服务商）	2026-08-17T14:04:45.5185346Z 14:04:45 [DEBUG] 自动生成显示名称: Sorvop Zoyv
register	注册（免费无鉴权服务商）	2026-08-17T14:04:45.5186246Z 14:04:45 [INFO] [Camoufox] 使用代理: socks5://127.0.0.1:40000
register	注册（免费无鉴权服务商）	2026-08-17T14:04:45.5187213Z 14:04:45 [INFO] [Camoufox] 启动无头浏览器 (headless=True)...
register	注册（免费无鉴权服务商）	2026-08-17T14:04:45.5188040Z 14:04:45 [DEBUG] Using selector: EpollSelector
register	注册（免费无鉴权服务商）	2026-08-17T14:04:45.5212511Z 14:04:45 [ERROR] [Camoufox注册] 失败：RuntimeError: Camoufox 浏览器二进制未安装，请先执行: camoufox fetch
register	注册（免费无鉴权服务商）	2026-08-17T14:04:45.5214811Z 14:04:45 [INFO] [QXFY] 已释放邮箱上下文: ux2p6l3cba@free.violet.us.ci（status=available, note=Camoufox失败: Camoufox 浏览器二进制未安装，请先执行: camoufox fetch）
register	注册（免费无鉴权服务商）	2026-08-17T14:04:45.5216234Z 14:04:45 [INFO] [批量] 开始第 54/100 个注册
register	注册（免费无鉴权服务商）	2026-08-17T14:04:45.5226827Z 14:04:45 [DEBUG] Starting new HTTPS connection (1): throwawaymail.app:443
register	注册（免费无鉴权服务商）	2026-08-17T14:04:45.6387918Z 14:04:45 [DEBUG] https://throwawaymail.app:443 "POST /api/mailboxes HTTP/1.1" 201 200
register	注册（免费无鉴权服务商）	2026-08-17T14:04:45.6411383Z 14:04:45 [INFO] [ThrowawayMail] 已创建临时邮箱: blade.destroy.denial@throwawaymail.app（过期 2026-08-17T14:14:45.606689+00:00）
register	注册（免费无鉴权服务商）	2026-08-17T14:04:45.6413760Z 14:04:45 [INFO] [EmailProvider] 使用邮箱来源: throwawaymail, email=blade.destroy.denial@throwawaymail.app (order=['throwawaymail', 'tempmail', 'dropmail', 'qxfy', 'myagentinbox', 'catchmail', 'tempmailc'])
register	注册（免费无鉴权服务商）	2026-08-17T14:04:45.6415850Z 14:04:45 [DEBUG] 自动获取邮箱: blade.destroy.denial@throwawaymail.app
register	注册（免费无鉴权服务商）	2026-08-17T14:04:45.6416822Z 14:04:45 [DEBUG] 自动生成显示名称: Oghqfvq Dvfwv
register	注册（免费无鉴权服务商）	2026-08-17T14:04:45.6418355Z 14:04:45 [INFO] [Camoufox] 使用代理: socks5://127.0.0.1:40000
register	注册（免费无鉴权服务商）	2026-08-17T14:04:45.6419279Z 14:04:45 [INFO] [Camoufox] 启动无头浏览器 (headless=True)...
register	注册（免费无鉴权服务商）	2026-08-17T14:04:45.6420079Z 14:04:45 [DEBUG] Using selector: EpollSelector
register	注册（免费无鉴权服务商）	2026-08-17T14:04:45.9829377Z 14:04:45 [ERROR] [Camoufox注册] 失败：RuntimeError: Camoufox 浏览器二进制未安装，请先执行: camoufox fetch
register	注册（免费无鉴权服务商）	2026-08-17T14:04:45.9849492Z 14:04:45 [INFO] [MyAgentInbox] 已释放邮箱上下文: qpe1prvyv7@myagentinbox.com（status=available, note=Camoufox失败: Camoufox 浏览器二进制未安装，请先执行: camoufox fetch）
register	注册（免费无鉴权服务商）	2026-08-17T14:04:45.9851104Z 14:04:45 [INFO] [批量] 开始第 55/100 个注册
register	注册（免费无鉴权服务商）	2026-08-17T14:04:45.9851963Z 14:04:45 [DEBUG] Starting new HTTPS connection (1): dropmail.click:443
register	注册（免费无鉴权服务商）	2026-08-17T14:04:46.0041744Z 14:04:46 [ERROR] [Camoufox注册] 失败：RuntimeError: Camoufox 浏览器二进制未安装，请先执行: camoufox fetch
register	注册（免费无鉴权服务商）	2026-08-17T14:04:46.0052738Z 14:04:46 [INFO] [TempMailC] 已释放邮箱上下文: cr9qzteyp8@domsr.fun（status=available, note=Camoufox失败: Camoufox 浏览器二进制未安装，请先执行: camoufox fetch）
register	注册（免费无鉴权服务商）	2026-08-17T14:04:46.0054048Z 14:04:46 [INFO] [批量] 开始第 56/100 个注册
register	注册（免费无鉴权服务商）	2026-08-17T14:04:46.0054992Z 14:04:46 [INFO] [Catchmail] 已生成临时邮箱: rqnx2o32ru@catchmail.io
register	注册（免费无鉴权服务商）	2026-08-17T14:04:46.0056663Z 14:04:46 [INFO] [EmailProvider] 使用邮箱来源: catchmail, email=rqnx2o32ru@catchmail.io (order=['catchmail', 'qxfy', 'dropmail', 'tempmailc', 'throwawaymail', 'myagentinbox', 'tempmail'])
register	注册（免费无鉴权服务商）	2026-08-17T14:04:46.0058533Z 14:04:46 [DEBUG] 自动获取邮箱: rqnx2o32ru@catchmail.io
register	注册（免费无鉴权服务商）	2026-08-17T14:04:46.0059289Z 14:04:46 [DEBUG] 自动生成显示名称: Xgnwj Smmndtq
register	注册（免费无鉴权服务商）	2026-08-17T14:04:46.0059963Z 14:04:46 [INFO] [Camoufox] 使用代理: socks5://127.0.0.1:40000
register	注册（免费无鉴权服务商）	2026-08-17T14:04:46.0060880Z 14:04:46 [INFO] [Camoufox] 启动无头浏览器 (headless=True)...
register	注册（免费无鉴权服务商）	2026-08-17T14:04:46.0061603Z 14:04:46 [DEBUG] Using selector: EpollSelector
register	注册（免费无鉴权服务商）	2026-08-17T14:04:46.0985400Z 14:04:46 [ERROR] [Camoufox注册] 失败：RuntimeError: Camoufox 浏览器二进制未安装，请先执行: camoufox fetch
register	注册（免费无鉴权服务商）	2026-08-17T14:04:46.0987688Z 14:04:46 [INFO] [ThrowawayMail] 已释放邮箱上下文: blade.destroy.denial@throwawaymail.app（status=available, note=Camoufox失败: Camoufox 浏览器二进制未安装，请先执行: camoufox fetch）
register	注册（免费无鉴权服务商）	2026-08-17T14:04:46.0989132Z 14:04:46 [INFO] [批量] 开始第 57/100 个注册
register	注册（免费无鉴权服务商）	2026-08-17T14:04:46.0997183Z 14:04:46 [DEBUG] Starting new HTTPS connection (1): api.tempmail.lol:443
register	注册（免费无鉴权服务商）	2026-08-17T14:04:46.2877932Z 14:04:46 [DEBUG] https://dropmail.click:443 "POST /api/v1/public/mailbox HTTP/1.1" 201 113
register	注册（免费无鉴权服务商）	2026-08-17T14:04:46.2893626Z 14:04:46 [INFO] [DropMail] 已创建临时邮箱: 90dc4339eb7b@dropmail.click（有效期 2026-08-17T14:14:46Z）
register	注册（免费无鉴权服务商）	2026-08-17T14:04:46.2895216Z 14:04:46 [INFO] [EmailProvider] 使用邮箱来源: dropmail, email=90dc4339eb7b@dropmail.click (order=['dropmail', 'throwawaymail', 'catchmail', 'qxfy', 'myagentinbox', 'tempmail', 'tempmailc'])
register	注册（免费无鉴权服务商）	2026-08-17T14:04:46.2896458Z 14:04:46 [DEBUG] 自动获取邮箱: 90dc4339eb7b@dropmail.click
register	注册（免费无鉴权服务商）	2026-08-17T14:04:46.2896978Z 14:04:46 [DEBUG] 自动生成显示名称: Jira Cfafmwb
register	注册（免费无鉴权服务商）	2026-08-17T14:04:46.2897551Z 14:04:46 [INFO] [Camoufox] 使用代理: socks5://127.0.0.1:40000
register	注册（免费无鉴权服务商）	2026-08-17T14:04:46.2898172Z 14:04:46 [INFO] [Camoufox] 启动无头浏览器 (headless=True)...
register	注册（免费无鉴权服务商）	2026-08-17T14:04:46.2898681Z 14:04:46 [DEBUG] Using selector: EpollSelector
register	注册（免费无鉴权服务商）	2026-08-17T14:04:46.3138130Z 14:04:46 [DEBUG] https://api.tempmail.lol:443 "POST /v2/inbox/create HTTP/1.1" 201 90
register	注册（免费无鉴权服务商）	2026-08-17T14:04:46.3154649Z 14:04:46 [INFO] [TempMail.lol] 已创建邮箱: cochard6a6ffe@zq.moonvf.com
register	注册（免费无鉴权服务商）	2026-08-17T14:04:46.3161969Z 14:04:46 [INFO] [EmailProvider] 使用邮箱来源: tempmail, email=cochard6a6ffe@zq.moonvf.com (order=['tempmail', 'qxfy', 'tempmailc', 'catchmail', 'throwawaymail', 'myagentinbox', 'dropmail'])
register	注册（免费无鉴权服务商）	2026-08-17T14:04:46.3163721Z 14:04:46 [DEBUG] 自动获取邮箱: cochard6a6ffe@zq.moonvf.com
register	注册（免费无鉴权服务商）	2026-08-17T14:04:46.3164479Z 14:04:46 [DEBUG] 自动生成显示名称: Htyea Kfkpqko
register	注册（免费无鉴权服务商）	2026-08-17T14:04:46.3165220Z 14:04:46 [INFO] [Camoufox] 使用代理: socks5://127.0.0.1:40000
register	注册（免费无鉴权服务商）	2026-08-17T14:04:46.3166126Z 14:04:46 [INFO] [Camoufox] 启动无头浏览器 (headless=True)...
register	注册（免费无鉴权服务商）	2026-08-17T14:04:46.3166737Z 14:04:46 [DEBUG] Using selector: EpollSelector
register	注册（免费无鉴权服务商）	2026-08-17T14:04:46.3706577Z 14:04:46 [ERROR] [Camoufox注册] 失败：RuntimeError: Camoufox 浏览器二进制未安装，请先执行: camoufox fetch
register	注册（免费无鉴权服务商）	2026-08-17T14:04:46.3708020Z 14:04:46 [INFO] [Catchmail] 已释放邮箱上下文: rqnx2o32ru@catchmail.io（status=available, note=Camoufox失败: Camoufox 浏览器二进制未安装，请先执行: camoufox fetch）
register	注册（免费无鉴权服务商）	2026-08-17T14:04:46.3714961Z 14:04:46 [INFO] [批量] 开始第 58/100 个注册
register	注册（免费无鉴权服务商）	2026-08-17T14:04:46.3719576Z 14:04:46 [DEBUG] Starting new HTTPS connection (1): myagentinbox.com:443
register	注册（免费无鉴权服务商）	2026-08-17T14:04:46.5047076Z 14:04:46 [DEBUG] https://myagentinbox.com:443 "POST /api/inboxes HTTP/1.1" 201 109
register	注册（免费无鉴权服务商）	2026-08-17T14:04:46.5082143Z 14:04:46 [INFO] [MyAgentInbox] 已创建临时邮箱: ax7htdgn2y@myagentinbox.com（过期 24h）
register	注册（免费无鉴权服务商）	2026-08-17T14:04:46.5084218Z 14:04:46 [INFO] [EmailProvider] 使用邮箱来源: myagentinbox, email=ax7htdgn2y@myagentinbox.com (order=['myagentinbox', 'qxfy', 'dropmail', 'tempmailc', 'tempmail', 'throwawaymail', 'catchmail'])
register	注册（免费无鉴权服务商）	2026-08-17T14:04:46.5086039Z 14:04:46 [DEBUG] 自动获取邮箱: ax7htdgn2y@myagentinbox.com
register	注册（免费无鉴权服务商）	2026-08-17T14:04:46.5086990Z 14:04:46 [DEBUG] 自动生成显示名称: Cqbvgc Pyhdgt
register	注册（免费无鉴权服务商）	2026-08-17T14:04:46.5087874Z 14:04:46 [INFO] [Camoufox] 使用代理: socks5://127.0.0.1:40000
register	注册（免费无鉴权服务商）	2026-08-17T14:04:46.5088838Z 14:04:46 [INFO] [Camoufox] 启动无头浏览器 (headless=True)...
register	注册（免费无鉴权服务商）	2026-08-17T14:04:46.5089653Z 14:04:46 [DEBUG] Using selector: EpollSelector
register	注册（免费无鉴权服务商）	2026-08-17T14:04:46.7291231Z 14:04:46 [ERROR] [Camoufox注册] 失败：RuntimeError: Camoufox 浏览器二进制未安装，请先执行: camoufox fetch
register	注册（免费无鉴权服务商）	2026-08-17T14:04:46.7321480Z 14:04:46 [INFO] [DropMail] 已释放邮箱上下文: 90dc4339eb7b@dropmail.click（status=available, note=Camoufox失败: Camoufox 浏览器二进制未安装，请先执行: camoufox fetch）
register	注册（免费无鉴权服务商）	2026-08-17T14:04:46.7323084Z 14:04:46 [INFO] [批量] 开始第 59/100 个注册
register	注册（免费无鉴权服务商）	2026-08-17T14:04:46.7323859Z 14:04:46 [INFO] [Catchmail] 已生成临时邮箱: tdlq4iuy6l@catchmail.io
register	注册（免费无鉴权服务商）	2026-08-17T14:04:46.7325456Z 14:04:46 [INFO] [EmailProvider] 使用邮箱来源: catchmail, email=tdlq4iuy6l@catchmail.io (order=['catchmail', 'throwawaymail', 'tempmailc', 'myagentinbox', 'dropmail', 'qxfy', 'tempmail'])
register	注册（免费无鉴权服务商）	2026-08-17T14:04:46.7326935Z 14:04:46 [DEBUG] 自动获取邮箱: tdlq4iuy6l@catchmail.io
register	注册（免费无鉴权服务商）	2026-08-17T14:04:46.7327729Z 14:04:46 [DEBUG] 自动生成显示名称: Gvkjn Jzalpcb
register	注册（免费无鉴权服务商）	2026-08-17T14:04:46.7328449Z 14:04:46 [INFO] [Camoufox] 使用代理: socks5://127.0.0.1:40000
register	注册（免费无鉴权服务商）	2026-08-17T14:04:46.7329316Z 14:04:46 [INFO] [Camoufox] 启动无头浏览器 (headless=True)...
register	注册（免费无鉴权服务商）	2026-08-17T14:04:46.7330010Z 14:04:46 [DEBUG] Using selector: EpollSelector
register	注册（免费无鉴权服务商）	2026-08-17T14:04:46.7772524Z 14:04:46 [ERROR] [Camoufox注册] 失败：RuntimeError: Camoufox 浏览器二进制未安装，请先执行: camoufox fetch
register	注册（免费无鉴权服务商）	2026-08-17T14:04:46.7774996Z 14:04:46 [INFO] [TempMail.lol] 已释放邮箱上下文: cochard6a6ffe@zq.moonvf.com（status=available, note=Camoufox失败: Camoufox 浏览器二进制未安装，请先执行: camoufox fetch）
register	注册（免费无鉴权服务商）	2026-08-17T14:04:46.7787671Z 14:04:46 [INFO] [批量] 开始第 60/100 个注册
register	注册（免费无鉴权服务商）	2026-08-17T14:04:46.7788706Z 14:04:46 [DEBUG] Starting new HTTPS connection (1): api.tempmail.lol:443
register	注册（免费无鉴权服务商）	2026-08-17T14:04:46.9051965Z 14:04:46 [ERROR] [Camoufox注册] 失败：RuntimeError: Camoufox 浏览器二进制未安装，请先执行: camoufox fetch
register	注册（免费无鉴权服务商）	2026-08-17T14:04:46.9053405Z 14:04:46 [INFO] [MyAgentInbox] 已释放邮箱上下文: ax7htdgn2y@myagentinbox.com（status=available, note=Camoufox失败: Camoufox 浏览器二进制未安装，请先执行: camoufox fetch）
register	注册（免费无鉴权服务商）	2026-08-17T14:04:46.9054420Z 14:04:46 [INFO] [批量] 开始第 61/100 个注册
register	注册（免费无鉴权服务商）	2026-08-17T14:04:46.9055924Z 14:04:46 [INFO] [QXFY] 已生成临时邮箱: i6fwpovh86@qxfy.store
register	注册（免费无鉴权服务商）	2026-08-17T14:04:46.9057111Z 14:04:46 [INFO] [EmailProvider] 使用邮箱来源: qxfy, email=i6fwpovh86@qxfy.store (order=['qxfy', 'catchmail', 'throwawaymail', 'tempmail', 'dropmail', 'myagentinbox', 'tempmailc'])
register	注册（免费无鉴权服务商）	2026-08-17T14:04:46.9058494Z 14:04:46 [DEBUG] 自动获取邮箱: i6fwpovh86@qxfy.store
register	注册（免费无鉴权服务商）	2026-08-17T14:04:46.9059104Z 14:04:46 [DEBUG] 自动生成显示名称: Yqbarwd Tzcbey
register	注册（免费无鉴权服务商）	2026-08-17T14:04:46.9059751Z 14:04:46 [INFO] [Camoufox] 使用代理: socks5://127.0.0.1:40000
register	注册（免费无鉴权服务商）	2026-08-17T14:04:46.9060525Z 14:04:46 [INFO] [Camoufox] 启动无头浏览器 (headless=True)...
register	注册（免费无鉴权服务商）	2026-08-17T14:04:46.9061280Z 14:04:46 [DEBUG] Using selector: EpollSelector
register	注册（免费无鉴权服务商）	2026-08-17T14:04:47.0688966Z 14:04:47 [DEBUG] https://api.tempmail.lol:443 "POST /v2/inbox/create HTTP/1.1" 201 89
register	注册（免费无鉴权服务商）	2026-08-17T14:04:47.0708331Z 14:04:47 [INFO] [TempMail.lol] 已创建邮箱: cyndy6a6ffe@0k.arcglen.com
register	注册（免费无鉴权服务商）	2026-08-17T14:04:47.0710145Z 14:04:47 [INFO] [EmailProvider] 使用邮箱来源: tempmail, email=cyndy6a6ffe@0k.arcglen.com (order=['tempmail', 'catchmail', 'tempmailc', 'qxfy', 'myagentinbox', 'dropmail', 'throwawaymail'])
register	注册（免费无鉴权服务商）	2026-08-17T14:04:47.0712177Z 14:04:47 [DEBUG] 自动获取邮箱: cyndy6a6ffe@0k.arcglen.com
register	注册（免费无鉴权服务商）	2026-08-17T14:04:47.0713115Z 14:04:47 [DEBUG] 自动生成显示名称: Csugl Lfkw
register	注册（免费无鉴权服务商）	2026-08-17T14:04:47.0713960Z 14:04:47 [INFO] [Camoufox] 使用代理: socks5://127.0.0.1:40000
register	注册（免费无鉴权服务商）	2026-08-17T14:04:47.0714812Z 14:04:47 [INFO] [Camoufox] 启动无头浏览器 (headless=True)...
register	注册（免费无鉴权服务商）	2026-08-17T14:04:47.0716045Z 14:04:47 [DEBUG] Using selector: EpollSelector
register	注册（免费无鉴权服务商）	2026-08-17T14:04:47.0963615Z 14:04:47 [ERROR] [Camoufox注册] 失败：RuntimeError: Camoufox 浏览器二进制未安装，请先执行: camoufox fetch
register	注册（免费无鉴权服务商）	2026-08-17T14:04:47.0964838Z 14:04:47 [INFO] [Catchmail] 已释放邮箱上下文: tdlq4iuy6l@catchmail.io（status=available, note=Camoufox失败: Camoufox 浏览器二进制未安装，请先执行: camoufox fetch）
register	注册（免费无鉴权服务商）	2026-08-17T14:04:47.0973862Z 14:04:47 [INFO] [批量] 开始第 62/100 个注册
register	注册（免费无鉴权服务商）	2026-08-17T14:04:47.0983520Z 14:04:47 [INFO] [Catchmail] 已生成临时邮箱: a6agi8npn3@catchmail.io
register	注册（免费无鉴权服务商）	2026-08-17T14:04:47.0985094Z 14:04:47 [INFO] [EmailProvider] 使用邮箱来源: catchmail, email=a6agi8npn3@catchmail.io (order=['catchmail', 'qxfy', 'tempmail', 'tempmailc', 'throwawaymail', 'myagentinbox', 'dropmail'])
register	注册（免费无鉴权服务商）	2026-08-17T14:04:47.0996632Z 14:04:47 [DEBUG] 自动获取邮箱: a6agi8npn3@catchmail.io
register	注册（免费无鉴权服务商）	2026-08-17T14:04:47.0997554Z 14:04:47 [DEBUG] 自动生成显示名称: Uixwsjr Wowqr
register	注册（免费无鉴权服务商）	2026-08-17T14:04:47.0998388Z 14:04:47 [INFO] [Camoufox] 使用代理: socks5://127.0.0.1:40000
register	注册（免费无鉴权服务商）	2026-08-17T14:04:47.0999261Z 14:04:47 [INFO] [Camoufox] 启动无头浏览器 (headless=True)...
register	注册（免费无鉴权服务商）	2026-08-17T14:04:47.1000003Z 14:04:47 [DEBUG] Using selector: EpollSelector
register	注册（免费无鉴权服务商）	2026-08-17T14:04:47.3009441Z 14:04:47 [ERROR] [Camoufox注册] 失败：RuntimeError: Camoufox 浏览器二进制未安装，请先执行: camoufox fetch
register	注册（免费无鉴权服务商）	2026-08-17T14:04:47.3012940Z 14:04:47 [INFO] [QXFY] 已释放邮箱上下文: i6fwpovh86@qxfy.store（status=available, note=Camoufox失败: Camoufox 浏览器二进制未安装，请先执行: camoufox fetch）
register	注册（免费无鉴权服务商）	2026-08-17T14:04:47.3014372Z 14:04:47 [INFO] [批量] 开始第 63/100 个注册
register	注册（免费无鉴权服务商）	2026-08-17T14:04:47.3022918Z 14:04:47 [DEBUG] Starting new HTTPS connection (1): myagentinbox.com:443
register	注册（免费无鉴权服务商）	2026-08-17T14:04:47.4564508Z 14:04:47 [DEBUG] https://myagentinbox.com:443 "POST /api/inboxes HTTP/1.1" 201 109
register	注册（免费无鉴权服务商）	2026-08-17T14:04:47.4582570Z 14:04:47 [INFO] [MyAgentInbox] 已创建临时邮箱: df0yqtqx1o@myagentinbox.com（过期 24h）
register	注册（免费无鉴权服务商）	2026-08-17T14:04:47.4585625Z 14:04:47 [INFO] [EmailProvider] 使用邮箱来源: myagentinbox, email=df0yqtqx1o@myagentinbox.com (order=['myagentinbox', 'tempmail', 'qxfy', 'tempmailc', 'dropmail', 'throwawaymail', 'catchmail'])
register	注册（免费无鉴权服务商）	2026-08-17T14:04:47.4587432Z 14:04:47 [DEBUG] 自动获取邮箱: df0yqtqx1o@myagentinbox.com
register	注册（免费无鉴权服务商）	2026-08-17T14:04:47.4588610Z 14:04:47 [DEBUG] 自动生成显示名称: Htlbrj Xqxokhv
register	注册（免费无鉴权服务商）	2026-08-17T14:04:47.4589559Z 14:04:47 [INFO] [Camoufox] 使用代理: socks5://127.0.0.1:40000
register	注册（免费无鉴权服务商）	2026-08-17T14:04:47.4590717Z 14:04:47 [INFO] [Camoufox] 启动无头浏览器 (headless=True)...
register	注册（免费无鉴权服务商）	2026-08-17T14:04:47.4591520Z 14:04:47 [DEBUG] Using selector: EpollSelector
register	注册（免费无鉴权服务商）	2026-08-17T14:04:47.4836274Z 14:04:47 [ERROR] [Camoufox注册] 失败：RuntimeError: Camoufox 浏览器二进制未安装，请先执行: camoufox fetch
register	注册（免费无鉴权服务商）	2026-08-17T14:04:47.4839538Z 14:04:47 [INFO] [Catchmail] 已释放邮箱上下文: a6agi8npn3@catchmail.io（status=available, note=Camoufox失败: Camoufox 浏览器二进制未安装，请先执行: camoufox fetch）
register	注册（免费无鉴权服务商）	2026-08-17T14:04:47.4845384Z 14:04:47 [INFO] [批量] 开始第 64/100 个注册
register	注册（免费无鉴权服务商）	2026-08-17T14:04:47.4849472Z 14:04:47 [DEBUG] Starting new HTTPS connection (1): throwawaymail.app:443
register	注册（免费无鉴权服务商）	2026-08-17T14:04:47.5059128Z 14:04:47 [ERROR] [Camoufox注册] 失败：RuntimeError: Camoufox 浏览器二进制未安装，请先执行: camoufox fetch
register	注册（免费无鉴权服务商）	2026-08-17T14:04:47.5062729Z 14:04:47 [INFO] [TempMail.lol] 已释放邮箱上下文: cyndy6a6ffe@0k.arcglen.com（status=available, note=Camoufox失败: Camoufox 浏览器二进制未安装，请先执行: camoufox fetch）
register	注册（免费无鉴权服务商）	2026-08-17T14:04:47.5064670Z 14:04:47 [INFO] [批量] 开始第 65/100 个注册
register	注册（免费无鉴权服务商）	2026-08-17T14:04:47.5071842Z 14:04:47 [DEBUG] Starting new HTTPS connection (1): dropmail.click:443
register	注册（免费无鉴权服务商）	2026-08-17T14:04:47.6381967Z 14:04:47 [DEBUG] https://throwawaymail.app:443 "POST /api/mailboxes HTTP/1.1" 201 199
register	注册（免费无鉴权服务商）	2026-08-17T14:04:47.6397900Z 14:04:47 [INFO] [ThrowawayMail] 已创建临时邮箱: process.silk.manage@throwawaymail.app（过期 2026-08-17T14:14:47.610324+00:00）
register	注册（免费无鉴权服务商）	2026-08-17T14:04:47.6399808Z 14:04:47 [INFO] [EmailProvider] 使用邮箱来源: throwawaymail, email=process.silk.manage@throwawaymail.app (order=['throwawaymail', 'tempmail', 'tempmailc', 'myagentinbox', 'dropmail', 'qxfy', 'catchmail'])
register	注册（免费无鉴权服务商）	2026-08-17T14:04:47.6401514Z 14:04:47 [DEBUG] 自动获取邮箱: process.silk.manage@throwawaymail.app
register	注册（免费无鉴权服务商）	2026-08-17T14:04:47.6402606Z 14:04:47 [DEBUG] 自动生成显示名称: Oqqkgwm Ruxd
register	注册（免费无鉴权服务商）	2026-08-17T14:04:47.6403465Z 14:04:47 [INFO] [Camoufox] 使用代理: socks5://127.0.0.1:40000
register	注册（免费无鉴权服务商）	2026-08-17T14:04:47.6404489Z 14:04:47 [INFO] [Camoufox] 启动无头浏览器 (headless=True)...
register	注册（免费无鉴权服务商）	2026-08-17T14:04:47.6405136Z 14:04:47 [DEBUG] Using selector: EpollSelector
register	注册（免费无鉴权服务商）	2026-08-17T14:04:47.6867741Z 14:04:47 [DEBUG] https://dropmail.click:443 "POST /api/v1/public/mailbox HTTP/1.1" 201 113
register	注册（免费无鉴权服务商）	2026-08-17T14:04:47.6916505Z 14:04:47 [INFO] [DropMail] 已创建临时邮箱: bd05722dc373@dropmail.click（有效期 2026-08-17T14:14:47Z）
register	注册（免费无鉴权服务商）	2026-08-17T14:04:47.6932479Z 14:04:47 [INFO] [EmailProvider] 使用邮箱来源: dropmail, email=bd05722dc373@dropmail.click (order=['dropmail', 'catchmail', 'qxfy', 'tempmailc', 'tempmail', 'myagentinbox', 'throwawaymail'])
register	注册（免费无鉴权服务商）	2026-08-17T14:04:47.6934064Z 14:04:47 [DEBUG] 自动获取邮箱: bd05722dc373@dropmail.click
register	注册（免费无鉴权服务商）	2026-08-17T14:04:47.6934944Z 14:04:47 [DEBUG] 自动生成显示名称: Ywrdn Aygzxs
register	注册（免费无鉴权服务商）	2026-08-17T14:04:47.6935991Z 14:04:47 [INFO] [Camoufox] 使用代理: socks5://127.0.0.1:40000
register	注册（免费无鉴权服务商）	2026-08-17T14:04:47.6936985Z 14:04:47 [INFO] [Camoufox] 启动无头浏览器 (headless=True)...
register	注册（免费无鉴权服务商）	2026-08-17T14:04:47.6937723Z 14:04:47 [DEBUG] Using selector: EpollSelector
register	注册（免费无鉴权服务商）	2026-08-17T14:04:47.8207206Z 14:04:47 [ERROR] [Camoufox注册] 失败：RuntimeError: Camoufox 浏览器二进制未安装，请先执行: camoufox fetch
register	注册（免费无鉴权服务商）	2026-08-17T14:04:47.8242039Z 14:04:47 [INFO] [MyAgentInbox] 已释放邮箱上下文: df0yqtqx1o@myagentinbox.com（status=available, note=Camoufox失败: Camoufox 浏览器二进制未安装，请先执行: camoufox fetch）
register	注册（免费无鉴权服务商）	2026-08-17T14:04:47.8280962Z 14:04:47 [INFO] [批量] 开始第 66/100 个注册
register	注册（免费无鉴权服务商）	2026-08-17T14:04:47.8281647Z 14:04:47 [INFO] [TempMailC] 已生成临时邮箱: fmisdvojya@kojoball.email
register	注册（免费无鉴权服务商）	2026-08-17T14:04:47.8295732Z 14:04:47 [INFO] [EmailProvider] 使用邮箱来源: tempmailc, email=fmisdvojya@kojoball.email (order=['tempmailc', 'dropmail', 'throwawaymail', 'qxfy', 'myagentinbox', 'catchmail', 'tempmail'])
register	注册（免费无鉴权服务商）	2026-08-17T14:04:47.8297457Z 14:04:47 [DEBUG] 自动获取邮箱: fmisdvojya@kojoball.email
register	注册（免费无鉴权服务商）	2026-08-17T14:04:47.8298192Z 14:04:47 [DEBUG] 自动生成显示名称: Fjaa Kicmgd
register	注册（免费无鉴权服务商）	2026-08-17T14:04:47.8298961Z 14:04:47 [INFO] [Camoufox] 使用代理: socks5://127.0.0.1:40000
register	注册（免费无鉴权服务商）	2026-08-17T14:04:47.8300444Z 14:04:47 [INFO] [Camoufox] 启动无头浏览器 (headless=True)...
register	注册（免费无鉴权服务商）	2026-08-17T14:04:47.8301217Z 14:04:47 [DEBUG] Using selector: EpollSelector
register	注册（免费无鉴权服务商）	2026-08-17T14:04:48.1054936Z 14:04:48 [ERROR] [Camoufox注册] 失败：RuntimeError: Camoufox 浏览器二进制未安装，请先执行: camoufox fetch
register	注册（免费无鉴权服务商）	2026-08-17T14:04:48.1092107Z 14:04:48 [INFO] [ThrowawayMail] 已释放邮箱上下文: process.silk.manage@throwawaymail.app（status=available, note=Camoufox失败: Camoufox 浏览器二进制未安装，请先执行: camoufox fetch）
register	注册（免费无鉴权服务商）	2026-08-17T14:04:48.1103663Z 14:04:48 [INFO] [批量] 开始第 67/100 个注册
register	注册（免费无鉴权服务商）	2026-08-17T14:04:48.1104458Z 14:04:48 [INFO] [Catchmail] 已生成临时邮箱: a2mcv495gk@catchmail.io
register	注册（免费无鉴权服务商）	2026-08-17T14:04:48.1106048Z 14:04:48 [INFO] [EmailProvider] 使用邮箱来源: catchmail, email=a2mcv495gk@catchmail.io (order=['catchmail', 'dropmail', 'tempmail', 'throwawaymail', 'myagentinbox', 'tempmailc', 'qxfy'])
register	注册（免费无鉴权服务商）	2026-08-17T14:04:48.1107432Z 14:04:48 [DEBUG] 自动获取邮箱: a2mcv495gk@catchmail.io
register	注册（免费无鉴权服务商）	2026-08-17T14:04:48.1108149Z 14:04:48 [DEBUG] 自动生成显示名称: Gwequ Mlfaeyk
register	注册（免费无鉴权服务商）	2026-08-17T14:04:48.1109254Z 14:04:48 [INFO] [Camoufox] 使用代理: socks5://127.0.0.1:40000
register	注册（免费无鉴权服务商）	2026-08-17T14:04:48.1111003Z 14:04:48 [INFO] [Camoufox] 启动无头浏览器 (headless=True)...
register	注册（免费无鉴权服务商）	2026-08-17T14:04:48.1111821Z 14:04:48 [DEBUG] Using selector: EpollSelector
register	注册（免费无鉴权服务商）	2026-08-17T14:04:48.1571304Z 14:04:48 [ERROR] [Camoufox注册] 失败：RuntimeError: Camoufox 浏览器二进制未安装，请先执行: camoufox fetch
register	注册（免费无鉴权服务商）	2026-08-17T14:04:48.1573065Z 14:04:48 [INFO] [DropMail] 已释放邮箱上下文: bd05722dc373@dropmail.click（status=available, note=Camoufox失败: Camoufox 浏览器二进制未安装，请先执行: camoufox fetch）
register	注册（免费无鉴权服务商）	2026-08-17T14:04:48.1574562Z 14:04:48 [INFO] [批量] 开始第 68/100 个注册
register	注册（免费无鉴权服务商）	2026-08-17T14:04:48.1575584Z 14:04:48 [INFO] [Catchmail] 已生成临时邮箱: sxdprq31pj@catchmail.io
register	注册（免费无鉴权服务商）	2026-08-17T14:04:48.1577332Z 14:04:48 [INFO] [EmailProvider] 使用邮箱来源: catchmail, email=sxdprq31pj@catchmail.io (order=['catchmail', 'dropmail', 'myagentinbox', 'tempmail', 'throwawaymail', 'qxfy', 'tempmailc'])
register	注册（免费无鉴权服务商）	2026-08-17T14:04:48.1578922Z 14:04:48 [DEBUG] 自动获取邮箱: sxdprq31pj@catchmail.io
register	注册（免费无鉴权服务商）	2026-08-17T14:04:48.1579734Z 14:04:48 [DEBUG] 自动生成显示名称: Ruksl Ecgp
register	注册（免费无鉴权服务商）	2026-08-17T14:04:48.1580886Z 14:04:48 [INFO] [Camoufox] 使用代理: socks5://127.0.0.1:40000
register	注册（免费无鉴权服务商）	2026-08-17T14:04:48.1581798Z 14:04:48 [INFO] [Camoufox] 启动无头浏览器 (headless=True)...
register	注册（免费无鉴权服务商）	2026-08-17T14:04:48.1582556Z 14:04:48 [DEBUG] Using selector: EpollSelector
register	注册（免费无鉴权服务商）	2026-08-17T14:04:48.2286967Z 14:04:48 [ERROR] [Camoufox注册] 失败：RuntimeError: Camoufox 浏览器二进制未安装，请先执行: camoufox fetch
register	注册（免费无鉴权服务商）	2026-08-17T14:04:48.2290072Z 14:04:48 [INFO] [TempMailC] 已释放邮箱上下文: fmisdvojya@kojoball.email（status=available, note=Camoufox失败: Camoufox 浏览器二进制未安装，请先执行: camoufox fetch）
register	注册（免费无鉴权服务商）	2026-08-17T14:04:48.2291906Z 14:04:48 [INFO] [批量] 开始第 69/100 个注册
register	注册（免费无鉴权服务商）	2026-08-17T14:04:48.2292792Z 14:04:48 [INFO] [TempMailC] 已生成临时邮箱: tsak3j9mn8@domsr.fun
register	注册（免费无鉴权服务商）	2026-08-17T14:04:48.2294574Z 14:04:48 [INFO] [EmailProvider] 使用邮箱来源: tempmailc, email=tsak3j9mn8@domsr.fun (order=['tempmailc', 'throwawaymail', 'catchmail', 'qxfy', 'tempmail', 'myagentinbox', 'dropmail'])
register	注册（免费无鉴权服务商）	2026-08-17T14:04:48.2296323Z 14:04:48 [DEBUG] 自动获取邮箱: tsak3j9mn8@domsr.fun
register	注册（免费无鉴权服务商）	2026-08-17T14:04:48.2297251Z 14:04:48 [DEBUG] 自动生成显示名称: Hbkbhdp Iprth
register	注册（免费无鉴权服务商）	2026-08-17T14:04:48.2298781Z 14:04:48 [INFO] [Camoufox] 使用代理: socks5://127.0.0.1:40000
register	注册（免费无鉴权服务商）	2026-08-17T14:04:48.2299659Z 14:04:48 [INFO] [Camoufox] 启动无头浏览器 (headless=True)...
register	注册（免费无鉴权服务商）	2026-08-17T14:04:48.2300779Z 14:04:48 [DEBUG] Using selector: EpollSelector
register	注册（免费无鉴权服务商）	2026-08-17T14:04:48.5404857Z 14:04:48 [ERROR] [Camoufox注册] 失败：RuntimeError: Camoufox 浏览器二进制未安装，请先执行: camoufox fetch
register	注册（免费无鉴权服务商）	2026-08-17T14:04:48.5421203Z 14:04:48 [INFO] [Catchmail] 已释放邮箱上下文: a2mcv495gk@catchmail.io（status=available, note=Camoufox失败: Camoufox 浏览器二进制未安装，请先执行: camoufox fetch）
register	注册（免费无鉴权服务商）	2026-08-17T14:04:48.5422770Z 14:04:48 [INFO] [批量] 开始第 70/100 个注册
register	注册（免费无鉴权服务商）	2026-08-17T14:04:48.5435834Z 14:04:48 [INFO] [QXFY] 已生成临时邮箱: pwfyxn84qp@violetfree.cc.cd
register	注册（免费无鉴权服务商）	2026-08-17T14:04:48.5437611Z 14:04:48 [INFO] [EmailProvider] 使用邮箱来源: qxfy, email=pwfyxn84qp@violetfree.cc.cd (order=['qxfy', 'myagentinbox', 'dropmail', 'tempmail', 'catchmail', 'tempmailc', 'throwawaymail'])
register	注册（免费无鉴权服务商）	2026-08-17T14:04:48.5439227Z 14:04:48 [DEBUG] 自动获取邮箱: pwfyxn84qp@violetfree.cc.cd
register	注册（免费无鉴权服务商）	2026-08-17T14:04:48.5440049Z 14:04:48 [DEBUG] 自动生成显示名称: Rncixj Pmgwadd
register	注册（免费无鉴权服务商）	2026-08-17T14:04:48.5441112Z 14:04:48 [INFO] [Camoufox] 使用代理: socks5://127.0.0.1:40000
register	注册（免费无鉴权服务商）	2026-08-17T14:04:48.5441970Z 14:04:48 [INFO] [Camoufox] 启动无头浏览器 (headless=True)...
register	注册（免费无鉴权服务商）	2026-08-17T14:04:48.5442690Z 14:04:48 [DEBUG] Using selector: EpollSelector
register	注册（免费无鉴权服务商）	2026-08-17T14:04:48.6569205Z 14:04:48 [ERROR] [Camoufox注册] 失败：RuntimeError: Camoufox 浏览器二进制未安装，请先执行: camoufox fetch
register	注册（免费无鉴权服务商）	2026-08-17T14:04:48.6571252Z 14:04:48 [INFO] [Catchmail] 已释放邮箱上下文: sxdprq31pj@catchmail.io（status=available, note=Camoufox失败: Camoufox 浏览器二进制未安装，请先执行: camoufox fetch）
register	注册（免费无鉴权服务商）	2026-08-17T14:04:48.6572488Z 14:04:48 [INFO] [批量] 开始第 71/100 个注册
register	注册（免费无鉴权服务商）	2026-08-17T14:04:48.6579335Z 14:04:48 [DEBUG] Starting new HTTPS connection (1): throwawaymail.app:443
register	注册（免费无鉴权服务商）	2026-08-17T14:04:48.6598499Z 14:04:48 [ERROR] [Camoufox注册] 失败：RuntimeError: Camoufox 浏览器二进制未安装，请先执行: camoufox fetch
register	注册（免费无鉴权服务商）	2026-08-17T14:04:48.6599943Z 14:04:48 [INFO] [TempMailC] 已释放邮箱上下文: tsak3j9mn8@domsr.fun（status=available, note=Camoufox失败: Camoufox 浏览器二进制未安装，请先执行: camoufox fetch）
register	注册（免费无鉴权服务商）	2026-08-17T14:04:48.6601295Z 14:04:48 [INFO] [批量] 开始第 72/100 个注册
register	注册（免费无鉴权服务商）	2026-08-17T14:04:48.6606041Z 14:04:48 [DEBUG] Starting new HTTPS connection (1): throwawaymail.app:443
register	注册（免费无鉴权服务商）	2026-08-17T14:04:48.7744401Z 14:04:48 [DEBUG] https://throwawaymail.app:443 "POST /api/mailboxes HTTP/1.1" 201 201
register	注册（免费无鉴权服务商）	2026-08-17T14:04:48.7758380Z 14:04:48 [INFO] [ThrowawayMail] 已创建临时邮箱: tourist.planet.helmet@throwawaymail.app（过期 2026-08-17T14:14:48.747247+00:00）
register	注册（免费无鉴权服务商）	2026-08-17T14:04:48.7760483Z 14:04:48 [INFO] [EmailProvider] 使用邮箱来源: throwawaymail, email=tourist.planet.helmet@throwawaymail.app (order=['throwawaymail', 'dropmail', 'myagentinbox', 'catchmail', 'tempmailc', 'tempmail', 'qxfy'])
register	注册（免费无鉴权服务商）	2026-08-17T14:04:48.7761862Z 14:04:48 [DEBUG] 自动获取邮箱: tourist.planet.helmet@throwawaymail.app
register	注册（免费无鉴权服务商）	2026-08-17T14:04:48.7762480Z 14:04:48 [DEBUG] 自动生成显示名称: Nuri Zjxk
register	注册（免费无鉴权服务商）	2026-08-17T14:04:48.7763045Z 14:04:48 [INFO] [Camoufox] 使用代理: socks5://127.0.0.1:40000
register	注册（免费无鉴权服务商）	2026-08-17T14:04:48.7763727Z 14:04:48 [INFO] [Camoufox] 启动无头浏览器 (headless=True)...
register	注册（免费无鉴权服务商）	2026-08-17T14:04:48.7764263Z 14:04:48 [DEBUG] Using selector: EpollSelector
register	注册（免费无鉴权服务商）	2026-08-17T14:04:48.8221739Z 14:04:48 [DEBUG] https://throwawaymail.app:443 "POST /api/mailboxes HTTP/1.1" 201 201
register	注册（免费无鉴权服务商）	2026-08-17T14:04:48.8238244Z 14:04:48 [INFO] [ThrowawayMail] 已创建临时邮箱: differ.captain.column@throwawaymail.app（过期 2026-08-17T14:14:48.792700+00:00）
register	注册（免费无鉴权服务商）	2026-08-17T14:04:48.8240787Z 14:04:48 [INFO] [EmailProvider] 使用邮箱来源: throwawaymail, email=differ.captain.column@throwawaymail.app (order=['throwawaymail', 'qxfy', 'dropmail', 'myagentinbox', 'catchmail', 'tempmail', 'tempmailc'])
register	注册（免费无鉴权服务商）	2026-08-17T14:04:48.8252183Z 14:04:48 [DEBUG] 自动获取邮箱: differ.captain.column@throwawaymail.app
register	注册（免费无鉴权服务商）	2026-08-17T14:04:48.8253126Z 14:04:48 [DEBUG] 自动生成显示名称: Modmvwy Zcbv
register	注册（免费无鉴权服务商）	2026-08-17T14:04:48.8253946Z 14:04:48 [INFO] [Camoufox] 使用代理: socks5://127.0.0.1:40000
register	注册（免费无鉴权服务商）	2026-08-17T14:04:48.8254806Z 14:04:48 [INFO] [Camoufox] 启动无头浏览器 (headless=True)...
register	注册（免费无鉴权服务商）	2026-08-17T14:04:48.8255514Z 14:04:48 [DEBUG] Using selector: EpollSelector
register	注册（免费无鉴权服务商）	2026-08-17T14:04:48.9723030Z 14:04:48 [ERROR] [Camoufox注册] 失败：RuntimeError: Camoufox 浏览器二进制未安装，请先执行: camoufox fetch
register	注册（免费无鉴权服务商）	2026-08-17T14:04:48.9725366Z 14:04:48 [INFO] [QXFY] 已释放邮箱上下文: pwfyxn84qp@violetfree.cc.cd（status=available, note=Camoufox失败: Camoufox 浏览器二进制未安装，请先执行: camoufox fetch）
register	注册（免费无鉴权服务商）	2026-08-17T14:04:48.9726634Z 14:04:48 [INFO] [批量] 开始第 73/100 个注册
register	注册（免费无鉴权服务商）	2026-08-17T14:04:48.9727731Z 14:04:48 [INFO] [TempMailC] 已生成临时邮箱: cn8dfi63cs@kojoball.email
register	注册（免费无鉴权服务商）	2026-08-17T14:04:48.9729352Z 14:04:48 [INFO] [EmailProvider] 使用邮箱来源: tempmailc, email=cn8dfi63cs@kojoball.email (order=['tempmailc', 'myagentinbox', 'dropmail', 'throwawaymail', 'catchmail', 'qxfy', 'tempmail'])
register	注册（免费无鉴权服务商）	2026-08-17T14:04:48.9731223Z 14:04:48 [DEBUG] 自动获取邮箱: cn8dfi63cs@kojoball.email
register	注册（免费无鉴权服务商）	2026-08-17T14:04:48.9731993Z 14:04:48 [DEBUG] 自动生成显示名称: Jpgvyog Lzex
register	注册（免费无鉴权服务商）	2026-08-17T14:04:48.9732738Z 14:04:48 [INFO] [Camoufox] 使用代理: socks5://127.0.0.1:40000
register	注册（免费无鉴权服务商）	2026-08-17T14:04:48.9733567Z 14:04:48 [INFO] [Camoufox] 启动无头浏览器 (headless=True)...
register	注册（免费无鉴权服务商）	2026-08-17T14:04:48.9734327Z 14:04:48 [DEBUG] Using selector: EpollSelector
register	注册（免费无鉴权服务商）	2026-08-17T14:04:49.1936191Z 14:04:49 [ERROR] [Camoufox注册] 失败：RuntimeError: Camoufox 浏览器二进制未安装，请先执行: camoufox fetch
register	注册（免费无鉴权服务商）	2026-08-17T14:04:49.1938266Z 14:04:49 [INFO] [ThrowawayMail] 已释放邮箱上下文: tourist.planet.helmet@throwawaymail.app（status=available, note=Camoufox失败: Camoufox 浏览器二进制未安装，请先执行: camoufox fetch）
register	注册（免费无鉴权服务商）	2026-08-17T14:04:49.1939577Z 14:04:49 [INFO] [批量] 开始第 74/100 个注册
register	注册（免费无鉴权服务商）	2026-08-17T14:04:49.1940519Z 14:04:49 [INFO] [Catchmail] 已生成临时邮箱: u06evqp2lh@catchmail.io
register	注册（免费无鉴权服务商）	2026-08-17T14:04:49.1942120Z 14:04:49 [INFO] [EmailProvider] 使用邮箱来源: catchmail, email=u06evqp2lh@catchmail.io (order=['catchmail', 'tempmail', 'myagentinbox', 'dropmail', 'tempmailc', 'qxfy', 'throwawaymail'])
register	注册（免费无鉴权服务商）	2026-08-17T14:04:49.1943488Z 14:04:49 [DEBUG] 自动获取邮箱: u06evqp2lh@catchmail.io
register	注册（免费无鉴权服务商）	2026-08-17T14:04:49.1944194Z 14:04:49 [DEBUG] 自动生成显示名称: Fyrhqff Ihxigd
register	注册（免费无鉴权服务商）	2026-08-17T14:04:49.1944950Z 14:04:49 [INFO] [Camoufox] 使用代理: socks5://127.0.0.1:40000
register	注册（免费无鉴权服务商）	2026-08-17T14:04:49.1945705Z 14:04:49 [INFO] [Camoufox] 启动无头浏览器 (headless=True)...
register	注册（免费无鉴权服务商）	2026-08-17T14:04:49.1946339Z 14:04:49 [DEBUG] Using selector: EpollSelector
register	注册（免费无鉴权服务商）	2026-08-17T14:04:49.2980019Z 14:04:49 [ERROR] [Camoufox注册] 失败：RuntimeError: Camoufox 浏览器二进制未安装，请先执行: camoufox fetch
register	注册（免费无鉴权服务商）	2026-08-17T14:04:49.2982180Z 14:04:49 [INFO] [ThrowawayMail] 已释放邮箱上下文: differ.captain.column@throwawaymail.app（status=available, note=Camoufox失败: Camoufox 浏览器二进制未安装，请先执行: camoufox fetch）
register	注册（免费无鉴权服务商）	2026-08-17T14:04:49.2983585Z 14:04:49 [INFO] [批量] 开始第 75/100 个注册
register	注册（免费无鉴权服务商）	2026-08-17T14:04:49.2984304Z 14:04:49 [INFO] [Catchmail] 已生成临时邮箱: yjde6mqdpm@catchmail.io
register	注册（免费无鉴权服务商）	2026-08-17T14:04:49.2985849Z 14:04:49 [INFO] [EmailProvider] 使用邮箱来源: catchmail, email=yjde6mqdpm@catchmail.io (order=['catchmail', 'qxfy', 'throwawaymail', 'myagentinbox', 'tempmail', 'dropmail', 'tempmailc'])
register	注册（免费无鉴权服务商）	2026-08-17T14:04:49.2987259Z 14:04:49 [DEBUG] 自动获取邮箱: yjde6mqdpm@catchmail.io
register	注册（免费无鉴权服务商）	2026-08-17T14:04:49.2987903Z 14:04:49 [DEBUG] 自动生成显示名称: Lxuq Jorkm
register	注册（免费无鉴权服务商）	2026-08-17T14:04:49.2988598Z 14:04:49 [INFO] [Camoufox] 使用代理: socks5://127.0.0.1:40000
register	注册（免费无鉴权服务商）	2026-08-17T14:04:49.2989356Z 14:04:49 [INFO] [Camoufox] 启动无头浏览器 (headless=True)...
register	注册（免费无鉴权服务商）	2026-08-17T14:04:49.2989964Z 14:04:49 [DEBUG] Using selector: EpollSelector
register	注册（免费无鉴权服务商）	2026-08-17T14:04:49.4190554Z 14:04:49 [ERROR] [Camoufox注册] 失败：RuntimeError: Camoufox 浏览器二进制未安装，请先执行: camoufox fetch
register	注册（免费无鉴权服务商）	2026-08-17T14:04:49.4211798Z 14:04:49 [INFO] [TempMailC] 已释放邮箱上下文: cn8dfi63cs@kojoball.email（status=available, note=Camoufox失败: Camoufox 浏览器二进制未安装，请先执行: camoufox fetch）
register	注册（免费无鉴权服务商）	2026-08-17T14:04:49.4214557Z 14:04:49 [INFO] [批量] 开始第 76/100 个注册
register	注册（免费无鉴权服务商）	2026-08-17T14:04:49.4215530Z 14:04:49 [DEBUG] Starting new HTTPS connection (1): throwawaymail.app:443
register	注册（免费无鉴权服务商）	2026-08-17T14:04:49.5537127Z 14:04:49 [DEBUG] https://throwawaymail.app:443 "POST /api/mailboxes HTTP/1.1" 201 196
register	注册（免费无鉴权服务商）	2026-08-17T14:04:49.5557931Z 14:04:49 [INFO] [ThrowawayMail] 已创建临时邮箱: camp.hill.rookie@throwawaymail.app（过期 2026-08-17T14:14:49.523686+00:00）
register	注册（免费无鉴权服务商）	2026-08-17T14:04:49.5575011Z 14:04:49 [INFO] [EmailProvider] 使用邮箱来源: throwawaymail, email=camp.hill.rookie@throwawaymail.app (order=['throwawaymail', 'tempmailc', 'dropmail', 'tempmail', 'myagentinbox', 'qxfy', 'catchmail'])
register	注册（免费无鉴权服务商）	2026-08-17T14:04:49.5589010Z 14:04:49 [DEBUG] 自动获取邮箱: camp.hill.rookie@throwawaymail.app
register	注册（免费无鉴权服务商）	2026-08-17T14:04:49.5589993Z 14:04:49 [DEBUG] 自动生成显示名称: Cmbddl Dvlg
register	注册（免费无鉴权服务商）	2026-08-17T14:04:49.5591183Z 14:04:49 [INFO] [Camoufox] 使用代理: socks5://127.0.0.1:40000
register	注册（免费无鉴权服务商）	2026-08-17T14:04:49.5592070Z 14:04:49 [INFO] [Camoufox] 启动无头浏览器 (headless=True)...
register	注册（免费无鉴权服务商）	2026-08-17T14:04:49.5593279Z 14:04:49 [DEBUG] Using selector: EpollSelector
register	注册（免费无鉴权服务商）	2026-08-17T14:04:49.6275412Z 14:04:49 [ERROR] [Camoufox注册] 失败：RuntimeError: Camoufox 浏览器二进制未安装，请先执行: camoufox fetch
register	注册（免费无鉴权服务商）	2026-08-17T14:04:49.6282374Z 14:04:49 [INFO] [Catchmail] 已释放邮箱上下文: u06evqp2lh@catchmail.io（status=available, note=Camoufox失败: Camoufox 浏览器二进制未安装，请先执行: camoufox fetch）
register	注册（免费无鉴权服务商）	2026-08-17T14:04:49.6283764Z 14:04:49 [INFO] [批量] 开始第 77/100 个注册
register	注册（免费无鉴权服务商）	2026-08-17T14:04:49.6284606Z 14:04:49 [INFO] [TempMailC] 已生成临时邮箱: b8d1sx37ap@domsr.fun
register	注册（免费无鉴权服务商）	2026-08-17T14:04:49.6286285Z 14:04:49 [INFO] [EmailProvider] 使用邮箱来源: tempmailc, email=b8d1sx37ap@domsr.fun (order=['tempmailc', 'throwawaymail', 'myagentinbox', 'tempmail', 'qxfy', 'catchmail', 'dropmail'])
register	注册（免费无鉴权服务商）	2026-08-17T14:04:49.6287766Z 14:04:49 [DEBUG] 自动获取邮箱: b8d1sx37ap@domsr.fun
register	注册（免费无鉴权服务商）	2026-08-17T14:04:49.6288604Z 14:04:49 [DEBUG] 自动生成显示名称: Ufisb Vlms
register	注册（免费无鉴权服务商）	2026-08-17T14:04:49.6289443Z 14:04:49 [INFO] [Camoufox] 使用代理: socks5://127.0.0.1:40000
register	注册（免费无鉴权服务商）	2026-08-17T14:04:49.6290471Z 14:04:49 [INFO] [Camoufox] 启动无头浏览器 (headless=True)...
register	注册（免费无鉴权服务商）	2026-08-17T14:04:49.6291219Z 14:04:49 [DEBUG] Using selector: EpollSelector
register	注册（免费无鉴权服务商）	2026-08-17T14:04:49.6787743Z 14:04:49 [ERROR] [Camoufox注册] 失败：RuntimeError: Camoufox 浏览器二进制未安装，请先执行: camoufox fetch
register	注册（免费无鉴权服务商）	2026-08-17T14:04:49.6789344Z 14:04:49 [INFO] [Catchmail] 已释放邮箱上下文: yjde6mqdpm@catchmail.io（status=available, note=Camoufox失败: Camoufox 浏览器二进制未安装，请先执行: camoufox fetch）
register	注册（免费无鉴权服务商）	2026-08-17T14:04:49.6802712Z 14:04:49 [INFO] [批量] 开始第 78/100 个注册
register	注册（免费无鉴权服务商）	2026-08-17T14:04:49.6803654Z 14:04:49 [INFO] [TempMailC] 已生成临时邮箱: vp88f00s8c@kortazo.email
register	注册（免费无鉴权服务商）	2026-08-17T14:04:49.6805410Z 14:04:49 [INFO] [EmailProvider] 使用邮箱来源: tempmailc, email=vp88f00s8c@kortazo.email (order=['tempmailc', 'catchmail', 'throwawaymail', 'qxfy', 'tempmail', 'dropmail', 'myagentinbox'])
register	注册（免费无鉴权服务商）	2026-08-17T14:04:49.6816522Z 14:04:49 [DEBUG] 自动获取邮箱: vp88f00s8c@kortazo.email
register	注册（免费无鉴权服务商）	2026-08-17T14:04:49.6817408Z 14:04:49 [DEBUG] 自动生成显示名称: Vrip Fotsg
register	注册（免费无鉴权服务商）	2026-08-17T14:04:49.6818215Z 14:04:49 [INFO] [Camoufox] 使用代理: socks5://127.0.0.1:40000
register	注册（免费无鉴权服务商）	2026-08-17T14:04:49.6819044Z 14:04:49 [INFO] [Camoufox] 启动无头浏览器 (headless=True)...
register	注册（免费无鉴权服务商）	2026-08-17T14:04:49.6819783Z 14:04:49 [DEBUG] Using selector: EpollSelector
register	注册（免费无鉴权服务商）	2026-08-17T14:04:50.0044052Z 14:04:50 [ERROR] [Camoufox注册] 失败：RuntimeError: Camoufox 浏览器二进制未安装，请先执行: camoufox fetch
register	注册（免费无鉴权服务商）	2026-08-17T14:04:50.0045882Z 14:04:50 [INFO] [ThrowawayMail] 已释放邮箱上下文: camp.hill.rookie@throwawaymail.app（status=available, note=Camoufox失败: Camoufox 浏览器二进制未安装，请先执行: camoufox fetch）
register	注册（免费无鉴权服务商）	2026-08-17T14:04:50.0047187Z 14:04:50 [INFO] [批量] 开始第 79/100 个注册
register	注册（免费无鉴权服务商）	2026-08-17T14:04:50.0054820Z 14:04:50 [DEBUG] Starting new HTTPS connection (1): dropmail.click:443
register	注册（免费无鉴权服务商）	2026-08-17T14:04:50.0417673Z 14:04:50 [ERROR] [Camoufox注册] 失败：RuntimeError: Camoufox 浏览器二进制未安装，请先执行: camoufox fetch
register	注册（免费无鉴权服务商）	2026-08-17T14:04:50.0418701Z 14:04:50 [INFO] [TempMailC] 已释放邮箱上下文: b8d1sx37ap@domsr.fun（status=available, note=Camoufox失败: Camoufox 浏览器二进制未安装，请先执行: camoufox fetch）
register	注册（免费无鉴权服务商）	2026-08-17T14:04:50.0424229Z 14:04:50 [INFO] [批量] 开始第 80/100 个注册
register	注册（免费无鉴权服务商）	2026-08-17T14:04:50.0434436Z 14:04:50 [DEBUG] Starting new HTTPS connection (1): api.tempmail.lol:443
register	注册（免费无鉴权服务商）	2026-08-17T14:04:50.1405606Z 14:04:50 [ERROR] [Camoufox注册] 失败：RuntimeError: Camoufox 浏览器二进制未安装，请先执行: camoufox fetch
register	注册（免费无鉴权服务商）	2026-08-17T14:04:50.1406973Z 14:04:50 [INFO] [TempMailC] 已释放邮箱上下文: vp88f00s8c@kortazo.email（status=available, note=Camoufox失败: Camoufox 浏览器二进制未安装，请先执行: camoufox fetch）
register	注册（免费无鉴权服务商）	2026-08-17T14:04:50.1407652Z 14:04:50 [INFO] [批量] 开始第 81/100 个注册
register	注册（免费无鉴权服务商）	2026-08-17T14:04:50.1408653Z 14:04:50 [INFO] [TempMailC] 已生成临时邮箱: bnf9w4wbwu@kortazo.email
register	注册（免费无鉴权服务商）	2026-08-17T14:04:50.1409862Z 14:04:50 [INFO] [EmailProvider] 使用邮箱来源: tempmailc, email=bnf9w4wbwu@kortazo.email (order=['tempmailc', 'tempmail', 'throwawaymail', 'dropmail', 'qxfy', 'myagentinbox', 'catchmail'])
register	注册（免费无鉴权服务商）	2026-08-17T14:04:50.1411139Z 14:04:50 [DEBUG] 自动获取邮箱: bnf9w4wbwu@kortazo.email
register	注册（免费无鉴权服务商）	2026-08-17T14:04:50.1411618Z 14:04:50 [DEBUG] 自动生成显示名称: Gsmkuw Amspgid
register	注册（免费无鉴权服务商）	2026-08-17T14:04:50.1412099Z 14:04:50 [INFO] [Camoufox] 使用代理: socks5://127.0.0.1:40000
register	注册（免费无鉴权服务商）	2026-08-17T14:04:50.1412531Z 14:04:50 [INFO] [Camoufox] 启动无头浏览器 (headless=True)...
register	注册（免费无鉴权服务商）	2026-08-17T14:04:50.1412871Z 14:04:50 [DEBUG] Using selector: EpollSelector
register	注册（免费无鉴权服务商）	2026-08-17T14:04:50.1875273Z 14:04:50 [DEBUG] https://dropmail.click:443 "POST /api/v1/public/mailbox HTTP/1.1" 201 113
register	注册（免费无鉴权服务商）	2026-08-17T14:04:50.1890933Z 14:04:50 [INFO] [DropMail] 已创建临时邮箱: d0512fc872aa@dropmail.click（有效期 2026-08-17T14:14:50Z）
register	注册（免费无鉴权服务商）	2026-08-17T14:04:50.1892528Z 14:04:50 [INFO] [EmailProvider] 使用邮箱来源: dropmail, email=d0512fc872aa@dropmail.click (order=['dropmail', 'tempmailc', 'tempmail', 'myagentinbox', 'catchmail', 'qxfy', 'throwawaymail'])
register	注册（免费无鉴权服务商）	2026-08-17T14:04:50.1893726Z 14:04:50 [DEBUG] 自动获取邮箱: d0512fc872aa@dropmail.click
register	注册（免费无鉴权服务商）	2026-08-17T14:04:50.1894282Z 14:04:50 [DEBUG] 自动生成显示名称: Wcjtuxi Ulcd
register	注册（免费无鉴权服务商）	2026-08-17T14:04:50.1894876Z 14:04:50 [INFO] [Camoufox] 使用代理: socks5://127.0.0.1:40000
register	注册（免费无鉴权服务商）	2026-08-17T14:04:50.1895536Z 14:04:50 [INFO] [Camoufox] 启动无头浏览器 (headless=True)...
register	注册（免费无鉴权服务商）	2026-08-17T14:04:50.1896128Z 14:04:50 [DEBUG] Using selector: EpollSelector
register	注册（免费无鉴权服务商）	2026-08-17T14:04:50.3201160Z 14:04:50 [DEBUG] https://api.tempmail.lol:443 "POST /v2/inbox/create HTTP/1.1" 201 93
register	注册（免费无鉴权服务商）	2026-08-17T14:04:50.3221106Z 14:04:50 [INFO] [TempMail.lol] 已创建邮箱: phionna6a7002@sq.foodlpqse.com
register	注册（免费无鉴权服务商）	2026-08-17T14:04:50.3223081Z 14:04:50 [INFO] [EmailProvider] 使用邮箱来源: tempmail, email=phionna6a7002@sq.foodlpqse.com (order=['tempmail', 'throwawaymail', 'qxfy', 'catchmail', 'tempmailc', 'myagentinbox', 'dropmail'])
register	注册（免费无鉴权服务商）	2026-08-17T14:04:50.3224708Z 14:04:50 [DEBUG] 自动获取邮箱: phionna6a7002@sq.foodlpqse.com
register	注册（免费无鉴权服务商）	2026-08-17T14:04:50.3225526Z 14:04:50 [DEBUG] 自动生成显示名称: Lzqbs Ubcst
register	注册（免费无鉴权服务商）	2026-08-17T14:04:50.3226342Z 14:04:50 [INFO] [Camoufox] 使用代理: socks5://127.0.0.1:40000
register	注册（免费无鉴权服务商）	2026-08-17T14:04:50.3227196Z 14:04:50 [INFO] [Camoufox] 启动无头浏览器 (headless=True)...
register	注册（免费无鉴权服务商）	2026-08-17T14:04:50.3227908Z 14:04:50 [DEBUG] Using selector: EpollSelector
register	注册（免费无鉴权服务商）	2026-08-17T14:04:50.5593309Z 14:04:50 [ERROR] [Camoufox注册] 失败：RuntimeError: Camoufox 浏览器二进制未安装，请先执行: camoufox fetch
register	注册（免费无鉴权服务商）	2026-08-17T14:04:50.5596032Z 14:04:50 [INFO] [TempMailC] 已释放邮箱上下文: bnf9w4wbwu@kortazo.email（status=available, note=Camoufox失败: Camoufox 浏览器二进制未安装，请先执行: camoufox fetch）
register	注册（免费无鉴权服务商）	2026-08-17T14:04:50.5610144Z 14:04:50 [INFO] [批量] 开始第 82/100 个注册
register	注册（免费无鉴权服务商）	2026-08-17T14:04:50.5620605Z 14:04:50 [INFO] [QXFY] 已生成临时邮箱: mzg1vb0cgc@kami666.xyz
register	注册（免费无鉴权服务商）	2026-08-17T14:04:50.5622251Z 14:04:50 [INFO] [EmailProvider] 使用邮箱来源: qxfy, email=mzg1vb0cgc@kami666.xyz (order=['qxfy', 'catchmail', 'dropmail', 'myagentinbox', 'tempmailc', 'tempmail', 'throwawaymail'])
register	注册（免费无鉴权服务商）	2026-08-17T14:04:50.5623706Z 14:04:50 [DEBUG] 自动获取邮箱: mzg1vb0cgc@kami666.xyz
register	注册（免费无鉴权服务商）	2026-08-17T14:04:50.5624463Z 14:04:50 [DEBUG] 自动生成显示名称: Xijo Uzskvf
register	注册（免费无鉴权服务商）	2026-08-17T14:04:50.5625296Z 14:04:50 [INFO] [Camoufox] 使用代理: socks5://127.0.0.1:40000
register	注册（免费无鉴权服务商）	2026-08-17T14:04:50.5626128Z 14:04:50 [INFO] [Camoufox] 启动无头浏览器 (headless=True)...
register	注册（免费无鉴权服务商）	2026-08-17T14:04:50.5626808Z 14:04:50 [DEBUG] Using selector: EpollSelector
register	注册（免费无鉴权服务商）	2026-08-17T14:04:50.5769008Z 14:04:50 [ERROR] [Camoufox注册] 失败：RuntimeError: Camoufox 浏览器二进制未安装，请先执行: camoufox fetch
register	注册（免费无鉴权服务商）	2026-08-17T14:04:50.5771098Z 14:04:50 [INFO] [DropMail] 已释放邮箱上下文: d0512fc872aa@dropmail.click（status=available, note=Camoufox失败: Camoufox 浏览器二进制未安装，请先执行: camoufox fetch）
register	注册（免费无鉴权服务商）	2026-08-17T14:04:50.5772813Z 14:04:50 [INFO] [批量] 开始第 83/100 个注册
register	注册（免费无鉴权服务商）	2026-08-17T14:04:50.5782595Z 14:04:50 [DEBUG] Starting new HTTPS connection (1): dropmail.click:443
register	注册（免费无鉴权服务商）	2026-08-17T14:04:50.7361590Z 14:04:50 [ERROR] [Camoufox注册] 失败：RuntimeError: Camoufox 浏览器二进制未安装，请先执行: camoufox fetch
register	注册（免费无鉴权服务商）	2026-08-17T14:04:50.7363045Z 14:04:50 [INFO] [TempMail.lol] 已释放邮箱上下文: phionna6a7002@sq.foodlpqse.com（status=available, note=Camoufox失败: Camoufox 浏览器二进制未安装，请先执行: camoufox fetch）
register	注册（免费无鉴权服务商）	2026-08-17T14:04:50.7363885Z 14:04:50 [INFO] [批量] 开始第 84/100 个注册
register	注册（免费无鉴权服务商）	2026-08-17T14:04:50.7372721Z 14:04:50 [DEBUG] Starting new HTTPS connection (1): throwawaymail.app:443
register	注册（免费无鉴权服务商）	2026-08-17T14:04:50.7811701Z 14:04:50 [DEBUG] https://dropmail.click:443 "POST /api/v1/public/mailbox HTTP/1.1" 201 113
register	注册（免费无鉴权服务商）	2026-08-17T14:04:50.7813935Z 14:04:50 [INFO] [DropMail] 已创建临时邮箱: a742e0b1730f@dropmail.click（有效期 2026-08-17T14:14:50Z）
register	注册（免费无鉴权服务商）	2026-08-17T14:04:50.7816036Z 14:04:50 [INFO] [EmailProvider] 使用邮箱来源: dropmail, email=a742e0b1730f@dropmail.click (order=['dropmail', 'catchmail', 'qxfy', 'tempmailc', 'throwawaymail', 'myagentinbox', 'tempmail'])
register	注册（免费无鉴权服务商）	2026-08-17T14:04:50.7817453Z 14:04:50 [DEBUG] 自动获取邮箱: a742e0b1730f@dropmail.click
register	注册（免费无鉴权服务商）	2026-08-17T14:04:50.7818215Z 14:04:50 [DEBUG] 自动生成显示名称: Zdenap Iyitzui
register	注册（免费无鉴权服务商）	2026-08-17T14:04:50.7818872Z 14:04:50 [INFO] [Camoufox] 使用代理: socks5://127.0.0.1:40000
register	注册（免费无鉴权服务商）	2026-08-17T14:04:50.7819648Z 14:04:50 [INFO] [Camoufox] 启动无头浏览器 (headless=True)...
register	注册（免费无鉴权服务商）	2026-08-17T14:04:50.7820497Z 14:04:50 [DEBUG] Using selector: EpollSelector
register	注册（免费无鉴权服务商）	2026-08-17T14:04:50.8711414Z 14:04:50 [DEBUG] https://throwawaymail.app:443 "POST /api/mailboxes HTTP/1.1" 201 196
register	注册（免费无鉴权服务商）	2026-08-17T14:04:50.8743207Z 14:04:50 [INFO] [ThrowawayMail] 已创建临时邮箱: poem.acid.pencil@throwawaymail.app（过期 2026-08-17T14:14:50.843828+00:00）
register	注册（免费无鉴权服务商）	2026-08-17T14:04:50.8746260Z 14:04:50 [INFO] [EmailProvider] 使用邮箱来源: throwawaymail, email=poem.acid.pencil@throwawaymail.app (order=['throwawaymail', 'tempmail', 'tempmailc', 'qxfy', 'catchmail', 'myagentinbox', 'dropmail'])
register	注册（免费无鉴权服务商）	2026-08-17T14:04:50.8749521Z 14:04:50 [DEBUG] 自动获取邮箱: poem.acid.pencil@throwawaymail.app
register	注册（免费无鉴权服务商）	2026-08-17T14:04:50.8750716Z 14:04:50 [DEBUG] 自动生成显示名称: Ymzejn Wbass
register	注册（免费无鉴权服务商）	2026-08-17T14:04:50.8751728Z 14:04:50 [INFO] [Camoufox] 使用代理: socks5://127.0.0.1:40000
register	注册（免费无鉴权服务商）	2026-08-17T14:04:50.8752621Z 14:04:50 [INFO] [Camoufox] 启动无头浏览器 (headless=True)...
register	注册（免费无鉴权服务商）	2026-08-17T14:04:50.8753342Z 14:04:50 [DEBUG] Using selector: EpollSelector
register	注册（免费无鉴权服务商）	2026-08-17T14:04:50.9649537Z 14:04:50 [ERROR] [Camoufox注册] 失败：RuntimeError: Camoufox 浏览器二进制未安装，请先执行: camoufox fetch
register	注册（免费无鉴权服务商）	2026-08-17T14:04:50.9652051Z 14:04:50 [INFO] [QXFY] 已释放邮箱上下文: mzg1vb0cgc@kami666.xyz（status=available, note=Camoufox失败: Camoufox 浏览器二进制未安装，请先执行: camoufox fetch）
register	注册（免费无鉴权服务商）	2026-08-17T14:04:50.9653423Z 14:04:50 [INFO] [批量] 开始第 85/100 个注册
register	注册（免费无鉴权服务商）	2026-08-17T14:04:50.9655124Z 14:04:50 [INFO] [QXFY] 已生成临时邮箱: ho8q5vk62x@free.violet.us.ci
register	注册（免费无鉴权服务商）	2026-08-17T14:04:50.9656615Z 14:04:50 [INFO] [EmailProvider] 使用邮箱来源: qxfy, email=ho8q5vk62x@free.violet.us.ci (order=['qxfy', 'dropmail', 'myagentinbox', 'catchmail', 'tempmail', 'throwawaymail', 'tempmailc'])
register	注册（免费无鉴权服务商）	2026-08-17T14:04:50.9666130Z 14:04:50 [DEBUG] 自动获取邮箱: ho8q5vk62x@free.violet.us.ci
register	注册（免费无鉴权服务商）	2026-08-17T14:04:50.9666992Z 14:04:50 [DEBUG] 自动生成显示名称: Witbq Dipf
register	注册（免费无鉴权服务商）	2026-08-17T14:04:50.9678032Z 14:04:50 [INFO] [Camoufox] 使用代理: socks5://127.0.0.1:40000
register	注册（免费无鉴权服务商）	2026-08-17T14:04:50.9679016Z 14:04:50 [INFO] [Camoufox] 启动无头浏览器 (headless=True)...
register	注册（免费无鉴权服务商）	2026-08-17T14:04:50.9679771Z 14:04:50 [DEBUG] Using selector: EpollSelector
register	注册（免费无鉴权服务商）	2026-08-17T14:04:51.2070737Z 14:04:51 [ERROR] [Camoufox注册] 失败：RuntimeError: Camoufox 浏览器二进制未安装，请先执行: camoufox fetch
register	注册（免费无鉴权服务商）	2026-08-17T14:04:51.2073576Z 14:04:51 [INFO] [DropMail] 已释放邮箱上下文: a742e0b1730f@dropmail.click（status=available, note=Camoufox失败: Camoufox 浏览器二进制未安装，请先执行: camoufox fetch）
register	注册（免费无鉴权服务商）	2026-08-17T14:04:51.2074919Z 14:04:51 [INFO] [批量] 开始第 86/100 个注册
register	注册（免费无鉴权服务商）	2026-08-17T14:04:51.2075709Z 14:04:51 [INFO] [QXFY] 已生成临时邮箱: eoxd1hd8gd@violetfree.cc.cd
register	注册（免费无鉴权服务商）	2026-08-17T14:04:51.2077370Z 14:04:51 [INFO] [EmailProvider] 使用邮箱来源: qxfy, email=eoxd1hd8gd@violetfree.cc.cd (order=['qxfy', 'dropmail', 'tempmailc', 'throwawaymail', 'catchmail', 'myagentinbox', 'tempmail'])
register	注册（免费无鉴权服务商）	2026-08-17T14:04:51.2078922Z 14:04:51 [DEBUG] 自动获取邮箱: eoxd1hd8gd@violetfree.cc.cd
register	注册（免费无鉴权服务商）	2026-08-17T14:04:51.2079683Z 14:04:51 [DEBUG] 自动生成显示名称: Vbpocc Fwxb
register	注册（免费无鉴权服务商）	2026-08-17T14:04:51.2080725Z 14:04:51 [INFO] [Camoufox] 使用代理: socks5://127.0.0.1:40000
register	注册（免费无鉴权服务商）	2026-08-17T14:04:51.2081548Z 14:04:51 [INFO] [Camoufox] 启动无头浏览器 (headless=True)...
register	注册（免费无鉴权服务商）	2026-08-17T14:04:51.2082233Z 14:04:51 [DEBUG] Using selector: EpollSelector
register	注册（免费无鉴权服务商）	2026-08-17T14:04:51.3033732Z 14:04:51 [ERROR] [Camoufox注册] 失败：RuntimeError: Camoufox 浏览器二进制未安装，请先执行: camoufox fetch
register	注册（免费无鉴权服务商）	2026-08-17T14:04:51.3040117Z 14:04:51 [INFO] [ThrowawayMail] 已释放邮箱上下文: poem.acid.pencil@throwawaymail.app（status=available, note=Camoufox失败: Camoufox 浏览器二进制未安装，请先执行: camoufox fetch）
register	注册（免费无鉴权服务商）	2026-08-17T14:04:51.3041618Z 14:04:51 [INFO] [批量] 开始第 87/100 个注册
register	注册（免费无鉴权服务商）	2026-08-17T14:04:51.3051997Z 14:04:51 [DEBUG] Starting new HTTPS connection (1): myagentinbox.com:443
register	注册（免费无鉴权服务商）	2026-08-17T14:04:51.4239146Z 14:04:51 [ERROR] [Camoufox注册] 失败：RuntimeError: Camoufox 浏览器二进制未安装，请先执行: camoufox fetch
register	注册（免费无鉴权服务商）	2026-08-17T14:04:51.4241396Z 14:04:51 [INFO] [QXFY] 已释放邮箱上下文: ho8q5vk62x@free.violet.us.ci（status=available, note=Camoufox失败: Camoufox 浏览器二进制未安装，请先执行: camoufox fetch）
register	注册（免费无鉴权服务商）	2026-08-17T14:04:51.4242817Z 14:04:51 [INFO] [批量] 开始第 88/100 个注册
register	注册（免费无鉴权服务商）	2026-08-17T14:04:51.4243816Z 14:04:51 [INFO] [Catchmail] 已生成临时邮箱: yk1t11rtr3@catchmail.io
register	注册（免费无鉴权服务商）	2026-08-17T14:04:51.4245294Z 14:04:51 [INFO] [EmailProvider] 使用邮箱来源: catchmail, email=yk1t11rtr3@catchmail.io (order=['catchmail', 'qxfy', 'tempmail', 'myagentinbox', 'dropmail', 'throwawaymail', 'tempmailc'])
register	注册（免费无鉴权服务商）	2026-08-17T14:04:51.4246669Z 14:04:51 [DEBUG] 自动获取邮箱: yk1t11rtr3@catchmail.io
register	注册（免费无鉴权服务商）	2026-08-17T14:04:51.4253402Z 14:04:51 [DEBUG] 自动生成显示名称: Lwpv Qxhb
register	注册（免费无鉴权服务商）	2026-08-17T14:04:51.4254334Z 14:04:51 [INFO] [Camoufox] 使用代理: socks5://127.0.0.1:40000
register	注册（免费无鉴权服务商）	2026-08-17T14:04:51.4265107Z 14:04:51 [INFO] [Camoufox] 启动无头浏览器 (headless=True)...
register	注册（免费无鉴权服务商）	2026-08-17T14:04:51.4265715Z 14:04:51 [DEBUG] Using selector: EpollSelector
register	注册（免费无鉴权服务商）	2026-08-17T14:04:51.4281645Z 14:04:51 [DEBUG] https://myagentinbox.com:443 "POST /api/inboxes HTTP/1.1" 201 109
register	注册（免费无鉴权服务商）	2026-08-17T14:04:51.4301345Z 14:04:51 [INFO] [MyAgentInbox] 已创建临时邮箱: c6r0ov1aoe@myagentinbox.com（过期 24h）
register	注册（免费无鉴权服务商）	2026-08-17T14:04:51.4312512Z 14:04:51 [INFO] [EmailProvider] 使用邮箱来源: myagentinbox, email=c6r0ov1aoe@myagentinbox.com (order=['myagentinbox', 'dropmail', 'tempmailc', 'qxfy', 'catchmail', 'throwawaymail', 'tempmail'])
register	注册（免费无鉴权服务商）	2026-08-17T14:04:51.4323688Z 14:04:51 [DEBUG] 自动获取邮箱: c6r0ov1aoe@myagentinbox.com
register	注册（免费无鉴权服务商）	2026-08-17T14:04:51.4324476Z 14:04:51 [DEBUG] 自动生成显示名称: Psjj Gsfhwfq
register	注册（免费无鉴权服务商）	2026-08-17T14:04:51.4325214Z 14:04:51 [INFO] [Camoufox] 使用代理: socks5://127.0.0.1:40000
register	注册（免费无鉴权服务商）	2026-08-17T14:04:51.4325983Z 14:04:51 [INFO] [Camoufox] 启动无头浏览器 (headless=True)...
register	注册（免费无鉴权服务商）	2026-08-17T14:04:51.4326595Z 14:04:51 [DEBUG] Using selector: EpollSelector
register	注册（免费无鉴权服务商）	2026-08-17T14:04:51.6223705Z 14:04:51 [ERROR] [Camoufox注册] 失败：RuntimeError: Camoufox 浏览器二进制未安装，请先执行: camoufox fetch
register	注册（免费无鉴权服务商）	2026-08-17T14:04:51.6254723Z 14:04:51 [INFO] [QXFY] 已释放邮箱上下文: eoxd1hd8gd@violetfree.cc.cd（status=available, note=Camoufox失败: Camoufox 浏览器二进制未安装，请先执行: camoufox fetch）
register	注册（免费无鉴权服务商）	2026-08-17T14:04:51.6281171Z 14:04:51 [INFO] [批量] 开始第 89/100 个注册
register	注册（免费无鉴权服务商）	2026-08-17T14:04:51.6282229Z 14:04:51 [DEBUG] Starting new HTTPS connection (1): throwawaymail.app:443
register	注册（免费无鉴权服务商）	2026-08-17T14:04:51.7594138Z 14:04:51 [DEBUG] https://throwawaymail.app:443 "POST /api/mailboxes HTTP/1.1" 201 198
register	注册（免费无鉴权服务商）	2026-08-17T14:04:51.7615153Z 14:04:51 [INFO] [ThrowawayMail] 已创建临时邮箱: sketch.uphold.girl@throwawaymail.app（过期 2026-08-17T14:14:51.732041+00:00）
register	注册（免费无鉴权服务商）	2026-08-17T14:04:51.7617397Z 14:04:51 [INFO] [EmailProvider] 使用邮箱来源: throwawaymail, email=sketch.uphold.girl@throwawaymail.app (order=['throwawaymail', 'qxfy', 'dropmail', 'myagentinbox', 'catchmail', 'tempmailc', 'tempmail'])
register	注册（免费无鉴权服务商）	2026-08-17T14:04:51.7619193Z 14:04:51 [DEBUG] 自动获取邮箱: sketch.uphold.girl@throwawaymail.app
register	注册（免费无鉴权服务商）	2026-08-17T14:04:51.7620394Z 14:04:51 [DEBUG] 自动生成显示名称: Fsshxqa Cihp
register	注册（免费无鉴权服务商）	2026-08-17T14:04:51.7621310Z 14:04:51 [INFO] [Camoufox] 使用代理: socks5://127.0.0.1:40000
register	注册（免费无鉴权服务商）	2026-08-17T14:04:51.7622183Z 14:04:51 [INFO] [Camoufox] 启动无头浏览器 (headless=True)...
register	注册（免费无鉴权服务商）	2026-08-17T14:04:51.7622989Z 14:04:51 [DEBUG] Using selector: EpollSelector
register	注册（免费无鉴权服务商）	2026-08-17T14:04:51.8673216Z 14:04:51 [ERROR] [Camoufox注册] 失败：RuntimeError: Camoufox 浏览器二进制未安装，请先执行: camoufox fetch
register	注册（免费无鉴权服务商）	2026-08-17T14:04:51.8674981Z 14:04:51 [INFO] [MyAgentInbox] 已释放邮箱上下文: c6r0ov1aoe@myagentinbox.com（status=available, note=Camoufox失败: Camoufox 浏览器二进制未安装，请先执行: camoufox fetch）
register	注册（免费无鉴权服务商）	2026-08-17T14:04:51.8681174Z 14:04:51 [INFO] [批量] 开始第 90/100 个注册
register	注册（免费无鉴权服务商）	2026-08-17T14:04:51.8685987Z 14:04:51 [DEBUG] Starting new HTTPS connection (1): dropmail.click:443
register	注册（免费无鉴权服务商）	2026-08-17T14:04:51.8694145Z 14:04:51 [ERROR] [Camoufox注册] 失败：RuntimeError: Camoufox 浏览器二进制未安装，请先执行: camoufox fetch
register	注册（免费无鉴权服务商）	2026-08-17T14:04:51.8695625Z 14:04:51 [INFO] [Catchmail] 已释放邮箱上下文: yk1t11rtr3@catchmail.io（status=available, note=Camoufox失败: Camoufox 浏览器二进制未安装，请先执行: camoufox fetch）
register	注册（免费无鉴权服务商）	2026-08-17T14:04:51.8699700Z 14:04:51 [INFO] [批量] 开始第 91/100 个注册
register	注册（免费无鉴权服务商）	2026-08-17T14:04:51.8700607Z 14:04:51 [INFO] [QXFY] 已生成临时邮箱: o73s44swoz@qxfy.store
register	注册（免费无鉴权服务商）	2026-08-17T14:04:51.8702454Z 14:04:51 [INFO] [EmailProvider] 使用邮箱来源: qxfy, email=o73s44swoz@qxfy.store (order=['qxfy', 'dropmail', 'tempmail', 'throwawaymail', 'myagentinbox', 'catchmail', 'tempmailc'])
register	注册（免费无鉴权服务商）	2026-08-17T14:04:51.8705503Z 14:04:51 [DEBUG] 自动获取邮箱: o73s44swoz@qxfy.store
register	注册（免费无鉴权服务商）	2026-08-17T14:04:51.8706184Z 14:04:51 [DEBUG] 自动生成显示名称: Gvgb Eiqpfib
register	注册（免费无鉴权服务商）	2026-08-17T14:04:51.8706867Z 14:04:51 [INFO] [Camoufox] 使用代理: socks5://127.0.0.1:40000
register	注册（免费无鉴权服务商）	2026-08-17T14:04:51.8707543Z 14:04:51 [INFO] [Camoufox] 启动无头浏览器 (headless=True)...
register	注册（免费无鉴权服务商）	2026-08-17T14:04:51.8708126Z 14:04:51 [DEBUG] Using selector: EpollSelector
register	注册（免费无鉴权服务商）	2026-08-17T14:04:52.0802412Z 14:04:52 [DEBUG] https://dropmail.click:443 "POST /api/v1/public/mailbox HTTP/1.1" 201 113
register	注册（免费无鉴权服务商）	2026-08-17T14:04:52.0804390Z 14:04:52 [INFO] [DropMail] 已创建临时邮箱: 386b3f670b01@dropmail.click（有效期 2026-08-17T14:14:51Z）
register	注册（免费无鉴权服务商）	2026-08-17T14:04:52.0809569Z 14:04:52 [INFO] [EmailProvider] 使用邮箱来源: dropmail, email=386b3f670b01@dropmail.click (order=['dropmail', 'throwawaymail', 'tempmailc', 'catchmail', 'myagentinbox', 'qxfy', 'tempmail'])
register	注册（免费无鉴权服务商）	2026-08-17T14:04:52.0811549Z 14:04:52 [DEBUG] 自动获取邮箱: 386b3f670b01@dropmail.click
register	注册（免费无鉴权服务商）	2026-08-17T14:04:52.0812441Z 14:04:52 [DEBUG] 自动生成显示名称: Ipmd Tjuxlvt
register	注册（免费无鉴权服务商）	2026-08-17T14:04:52.0813272Z 14:04:52 [INFO] [Camoufox] 使用代理: socks5://127.0.0.1:40000
register	注册（免费无鉴权服务商）	2026-08-17T14:04:52.0814637Z 14:04:52 [INFO] [Camoufox] 启动无头浏览器 (headless=True)...
register	注册（免费无鉴权服务商）	2026-08-17T14:04:52.0815364Z 14:04:52 [DEBUG] Using selector: EpollSelector
register	注册（免费无鉴权服务商）	2026-08-17T14:04:52.1569374Z 14:04:52 [ERROR] [Camoufox注册] 失败：RuntimeError: Camoufox 浏览器二进制未安装，请先执行: camoufox fetch
register	注册（免费无鉴权服务商）	2026-08-17T14:04:52.1571247Z 14:04:52 [INFO] [ThrowawayMail] 已释放邮箱上下文: sketch.uphold.girl@throwawaymail.app（status=available, note=Camoufox失败: Camoufox 浏览器二进制未安装，请先执行: camoufox fetch）
register	注册（免费无鉴权服务商）	2026-08-17T14:04:52.1581862Z 14:04:52 [INFO] [批量] 开始第 92/100 个注册
register	注册（免费无鉴权服务商）	2026-08-17T14:04:52.1584859Z 14:04:52 [DEBUG] Starting new HTTPS connection (1): api.tempmail.lol:443
register	注册（免费无鉴权服务商）	2026-08-17T14:04:52.2625777Z 14:04:52 [ERROR] [Camoufox注册] 失败：RuntimeError: Camoufox 浏览器二进制未安装，请先执行: camoufox fetch
register	注册（免费无鉴权服务商）	2026-08-17T14:04:52.2627470Z 14:04:52 [INFO] [QXFY] 已释放邮箱上下文: o73s44swoz@qxfy.store（status=available, note=Camoufox失败: Camoufox 浏览器二进制未安装，请先执行: camoufox fetch）
register	注册（免费无鉴权服务商）	2026-08-17T14:04:52.2628654Z 14:04:52 [INFO] [批量] 开始第 93/100 个注册
register	注册（免费无鉴权服务商）	2026-08-17T14:04:52.2635321Z 14:04:52 [DEBUG] Starting new HTTPS connection (1): myagentinbox.com:443
register	注册（免费无鉴权服务商）	2026-08-17T14:04:52.3551708Z 14:04:52 [DEBUG] https://myagentinbox.com:443 "POST /api/inboxes HTTP/1.1" 201 109
register	注册（免费无鉴权服务商）	2026-08-17T14:04:52.3565944Z 14:04:52 [INFO] [MyAgentInbox] 已创建临时邮箱: hqu6bbw0oz@myagentinbox.com（过期 24h）
register	注册（免费无鉴权服务商）	2026-08-17T14:04:52.3567633Z 14:04:52 [INFO] [EmailProvider] 使用邮箱来源: myagentinbox, email=hqu6bbw0oz@myagentinbox.com (order=['myagentinbox', 'qxfy', 'catchmail', 'dropmail', 'throwawaymail', 'tempmailc', 'tempmail'])
register	注册（免费无鉴权服务商）	2026-08-17T14:04:52.3569011Z 14:04:52 [DEBUG] 自动获取邮箱: hqu6bbw0oz@myagentinbox.com
register	注册（免费无鉴权服务商）	2026-08-17T14:04:52.3569691Z 14:04:52 [DEBUG] 自动生成显示名称: Yyjszha Tlxlain
register	注册（免费无鉴权服务商）	2026-08-17T14:04:52.3570604Z 14:04:52 [INFO] [Camoufox] 使用代理: socks5://127.0.0.1:40000
register	注册（免费无鉴权服务商）	2026-08-17T14:04:52.3571318Z 14:04:52 [INFO] [Camoufox] 启动无头浏览器 (headless=True)...
register	注册（免费无鉴权服务商）	2026-08-17T14:04:52.3571894Z 14:04:52 [DEBUG] Using selector: EpollSelector
register	注册（免费无鉴权服务商）	2026-08-17T14:04:52.3855975Z 14:04:52 [DEBUG] https://api.tempmail.lol:443 "POST /v2/inbox/create HTTP/1.1" 201 96
register	注册（免费无鉴权服务商）	2026-08-17T14:04:52.3898393Z 14:04:52 [INFO] [TempMail.lol] 已创建邮箱: courtenay6a7004@4yf.jazzemany.com
register	注册（免费无鉴权服务商）	2026-08-17T14:04:52.3909276Z 14:04:52 [INFO] [EmailProvider] 使用邮箱来源: tempmail, email=courtenay6a7004@4yf.jazzemany.com (order=['tempmail', 'throwawaymail', 'catchmail', 'tempmailc', 'qxfy', 'dropmail', 'myagentinbox'])
register	注册（免费无鉴权服务商）	2026-08-17T14:04:52.3911669Z 14:04:52 [DEBUG] 自动获取邮箱: courtenay6a7004@4yf.jazzemany.com
register	注册（免费无鉴权服务商）	2026-08-17T14:04:52.3912556Z 14:04:52 [DEBUG] 自动生成显示名称: Qmgncq Ohzxw
register	注册（免费无鉴权服务商）	2026-08-17T14:04:52.3913379Z 14:04:52 [INFO] [Camoufox] 使用代理: socks5://127.0.0.1:40000
register	注册（免费无鉴权服务商）	2026-08-17T14:04:52.3915242Z 14:04:52 [INFO] [Camoufox] 启动无头浏览器 (headless=True)...
register	注册（免费无鉴权服务商）	2026-08-17T14:04:52.3915992Z 14:04:52 [DEBUG] Using selector: EpollSelector
register	注册（免费无鉴权服务商）	2026-08-17T14:04:52.4684129Z 14:04:52 [ERROR] [Camoufox注册] 失败：RuntimeError: Camoufox 浏览器二进制未安装，请先执行: camoufox fetch
register	注册（免费无鉴权服务商）	2026-08-17T14:04:52.4686487Z 14:04:52 [INFO] [DropMail] 已释放邮箱上下文: 386b3f670b01@dropmail.click（status=available, note=Camoufox失败: Camoufox 浏览器二进制未安装，请先执行: camoufox fetch）
register	注册（免费无鉴权服务商）	2026-08-17T14:04:52.4687890Z 14:04:52 [INFO] [批量] 开始第 94/100 个注册
register	注册（免费无鉴权服务商）	2026-08-17T14:04:52.4688744Z 14:04:52 [INFO] [Catchmail] 已生成临时邮箱: wtke32zu7g@catchmail.io
register	注册（免费无鉴权服务商）	2026-08-17T14:04:52.4690677Z 14:04:52 [INFO] [EmailProvider] 使用邮箱来源: catchmail, email=wtke32zu7g@catchmail.io (order=['catchmail', 'tempmail', 'tempmailc', 'myagentinbox', 'throwawaymail', 'dropmail', 'qxfy'])
register	注册（免费无鉴权服务商）	2026-08-17T14:04:52.4692231Z 14:04:52 [DEBUG] 自动获取邮箱: wtke32zu7g@catchmail.io
register	注册（免费无鉴权服务商）	2026-08-17T14:04:52.4693033Z 14:04:52 [DEBUG] 自动生成显示名称: Ponr Kcch
register	注册（免费无鉴权服务商）	2026-08-17T14:04:52.4693840Z 14:04:52 [INFO] [Camoufox] 使用代理: socks5://127.0.0.1:40000
register	注册（免费无鉴权服务商）	2026-08-17T14:04:52.4694688Z 14:04:52 [INFO] [Camoufox] 启动无头浏览器 (headless=True)...
register	注册（免费无鉴权服务商）	2026-08-17T14:04:52.4695389Z 14:04:52 [DEBUG] Using selector: EpollSelector
register	注册（免费无鉴权服务商）	2026-08-17T14:04:52.7781492Z 14:04:52 [ERROR] [Camoufox注册] 失败：RuntimeError: Camoufox 浏览器二进制未安装，请先执行: camoufox fetch
register	注册（免费无鉴权服务商）	2026-08-17T14:04:52.7797425Z 14:04:52 [INFO] [MyAgentInbox] 已释放邮箱上下文: hqu6bbw0oz@myagentinbox.com（status=available, note=Camoufox失败: Camoufox 浏览器二进制未安装，请先执行: camoufox fetch）
register	注册（免费无鉴权服务商）	2026-08-17T14:04:52.7799182Z 14:04:52 [INFO] [批量] 开始第 95/100 个注册
register	注册（免费无鉴权服务商）	2026-08-17T14:04:52.7813116Z 14:04:52 [INFO] [QXFY] 已生成临时邮箱: bdupszb2rf@deploytools.site
register	注册（免费无鉴权服务商）	2026-08-17T14:04:52.7814957Z 14:04:52 [INFO] [EmailProvider] 使用邮箱来源: qxfy, email=bdupszb2rf@deploytools.site (order=['qxfy', 'throwawaymail', 'catchmail', 'tempmail', 'myagentinbox', 'dropmail', 'tempmailc'])
register	注册（免费无鉴权服务商）	2026-08-17T14:04:52.7816550Z 14:04:52 [DEBUG] 自动获取邮箱: bdupszb2rf@deploytools.site
register	注册（免费无鉴权服务商）	2026-08-17T14:04:52.7817447Z 14:04:52 [DEBUG] 自动生成显示名称: Bkafv Gcpxgbm
register	注册（免费无鉴权服务商）	2026-08-17T14:04:52.7818345Z 14:04:52 [INFO] [Camoufox] 使用代理: socks5://127.0.0.1:40000
register	注册（免费无鉴权服务商）	2026-08-17T14:04:52.7819426Z 14:04:52 [INFO] [Camoufox] 启动无头浏览器 (headless=True)...
register	注册（免费无鉴权服务商）	2026-08-17T14:04:52.7820449Z 14:04:52 [DEBUG] Using selector: EpollSelector
register	注册（免费无鉴权服务商）	2026-08-17T14:04:52.8377947Z 14:04:52 [ERROR] [Camoufox注册] 失败：RuntimeError: Camoufox 浏览器二进制未安装，请先执行: camoufox fetch
register	注册（免费无鉴权服务商）	2026-08-17T14:04:52.8380093Z 14:04:52 [INFO] [TempMail.lol] 已释放邮箱上下文: courtenay6a7004@4yf.jazzemany.com（status=available, note=Camoufox失败: Camoufox 浏览器二进制未安装，请先执行: camoufox fetch）
register	注册（免费无鉴权服务商）	2026-08-17T14:04:52.8384743Z 14:04:52 [INFO] [批量] 开始第 96/100 个注册
register	注册（免费无鉴权服务商）	2026-08-17T14:04:52.8385756Z 14:04:52 [INFO] [TempMailC] 已生成临时邮箱: s4pyyjg91w@kojoball.email
register	注册（免费无鉴权服务商）	2026-08-17T14:04:52.8387598Z 14:04:52 [INFO] [EmailProvider] 使用邮箱来源: tempmailc, email=s4pyyjg91w@kojoball.email (order=['tempmailc', 'throwawaymail', 'catchmail', 'dropmail', 'myagentinbox', 'qxfy', 'tempmail'])
register	注册（免费无鉴权服务商）	2026-08-17T14:04:52.8390124Z 14:04:52 [DEBUG] 自动获取邮箱: s4pyyjg91w@kojoball.email
register	注册（免费无鉴权服务商）	2026-08-17T14:04:52.8391387Z 14:04:52 [DEBUG] 自动生成显示名称: Ucrwzuu Vkij
register	注册（免费无鉴权服务商）	2026-08-17T14:04:52.8392270Z 14:04:52 [INFO] [Camoufox] 使用代理: socks5://127.0.0.1:40000
register	注册（免费无鉴权服务商）	2026-08-17T14:04:52.8393198Z 14:04:52 [INFO] [Camoufox] 启动无头浏览器 (headless=True)...
register	注册（免费无鉴权服务商）	2026-08-17T14:04:52.8393971Z 14:04:52 [DEBUG] Using selector: EpollSelector
register	注册（免费无鉴权服务商）	2026-08-17T14:04:52.9666070Z 14:04:52 [ERROR] [Camoufox注册] 失败：RuntimeError: Camoufox 浏览器二进制未安装，请先执行: camoufox fetch
register	注册（免费无鉴权服务商）	2026-08-17T14:04:52.9680939Z 14:04:52 [INFO] [Catchmail] 已释放邮箱上下文: wtke32zu7g@catchmail.io（status=available, note=Camoufox失败: Camoufox 浏览器二进制未安装，请先执行: camoufox fetch）
register	注册（免费无鉴权服务商）	2026-08-17T14:04:52.9682111Z 14:04:52 [INFO] [批量] 开始第 97/100 个注册
register	注册（免费无鉴权服务商）	2026-08-17T14:04:52.9682677Z 14:04:52 [DEBUG] Starting new HTTPS connection (1): myagentinbox.com:443
register	注册（免费无鉴权服务商）	2026-08-17T14:04:53.0919346Z 14:04:53 [DEBUG] https://myagentinbox.com:443 "POST /api/inboxes HTTP/1.1" 201 109
register	注册（免费无鉴权服务商）	2026-08-17T14:04:53.0942282Z 14:04:53 [INFO] [MyAgentInbox] 已创建临时邮箱: 8n2usnh1b4@myagentinbox.com（过期 24h）
register	注册（免费无鉴权服务商）	2026-08-17T14:04:53.0952851Z 14:04:53 [INFO] [EmailProvider] 使用邮箱来源: myagentinbox, email=8n2usnh1b4@myagentinbox.com (order=['myagentinbox', 'throwawaymail', 'dropmail', 'tempmail', 'catchmail', 'qxfy', 'tempmailc'])
register	注册（免费无鉴权服务商）	2026-08-17T14:04:53.0964674Z 14:04:53 [DEBUG] 自动获取邮箱: 8n2usnh1b4@myagentinbox.com
register	注册（免费无鉴权服务商）	2026-08-17T14:04:53.0965653Z 14:04:53 [DEBUG] 自动生成显示名称: Zvzt Mtnbnw
register	注册（免费无鉴权服务商）	2026-08-17T14:04:53.0966561Z 14:04:53 [INFO] [Camoufox] 使用代理: socks5://127.0.0.1:40000
register	注册（免费无鉴权服务商）	2026-08-17T14:04:53.0967444Z 14:04:53 [INFO] [Camoufox] 启动无头浏览器 (headless=True)...
register	注册（免费无鉴权服务商）	2026-08-17T14:04:53.0968185Z 14:04:53 [DEBUG] Using selector: EpollSelector
register	注册（免费无鉴权服务商）	2026-08-17T14:04:53.2050826Z 14:04:53 [ERROR] [Camoufox注册] 失败：RuntimeError: Camoufox 浏览器二进制未安装，请先执行: camoufox fetch
register	注册（免费无鉴权服务商）	2026-08-17T14:04:53.2052667Z 14:04:53 [INFO] [QXFY] 已释放邮箱上下文: bdupszb2rf@deploytools.site（status=available, note=Camoufox失败: Camoufox 浏览器二进制未安装，请先执行: camoufox fetch）
register	注册（免费无鉴权服务商）	2026-08-17T14:04:53.2053978Z 14:04:53 [INFO] [批量] 开始第 98/100 个注册
register	注册（免费无鉴权服务商）	2026-08-17T14:04:53.2062382Z 14:04:53 [DEBUG] Starting new HTTPS connection (1): myagentinbox.com:443
register	注册（免费无鉴权服务商）	2026-08-17T14:04:53.2489644Z 14:04:53 [ERROR] [Camoufox注册] 失败：RuntimeError: Camoufox 浏览器二进制未安装，请先执行: camoufox fetch
register	注册（免费无鉴权服务商）	2026-08-17T14:04:53.2491822Z 14:04:53 [INFO] [TempMailC] 已释放邮箱上下文: s4pyyjg91w@kojoball.email（status=available, note=Camoufox失败: Camoufox 浏览器二进制未安装，请先执行: camoufox fetch）
register	注册（免费无鉴权服务商）	2026-08-17T14:04:53.2493170Z 14:04:53 [INFO] [批量] 开始第 99/100 个注册
register	注册（免费无鉴权服务商）	2026-08-17T14:04:53.2499826Z 14:04:53 [DEBUG] Starting new HTTPS connection (1): api.tempmail.lol:443
register	注册（免费无鉴权服务商）	2026-08-17T14:04:53.3755999Z 14:04:53 [DEBUG] https://myagentinbox.com:443 "POST /api/inboxes HTTP/1.1" 201 109
register	注册（免费无鉴权服务商）	2026-08-17T14:04:53.3770875Z 14:04:53 [INFO] [MyAgentInbox] 已创建临时邮箱: pg502vxhyc@myagentinbox.com（过期 24h）
register	注册（免费无鉴权服务商）	2026-08-17T14:04:53.3772736Z 14:04:53 [INFO] [EmailProvider] 使用邮箱来源: myagentinbox, email=pg502vxhyc@myagentinbox.com (order=['myagentinbox', 'dropmail', 'tempmailc', 'qxfy', 'catchmail', 'throwawaymail', 'tempmail'])
register	注册（免费无鉴权服务商）	2026-08-17T14:04:53.3774255Z 14:04:53 [DEBUG] 自动获取邮箱: pg502vxhyc@myagentinbox.com
register	注册（免费无鉴权服务商）	2026-08-17T14:04:53.3774973Z 14:04:53 [DEBUG] 自动生成显示名称: Ivoneqp Mftnfo
register	注册（免费无鉴权服务商）	2026-08-17T14:04:53.3775944Z 14:04:53 [INFO] [Camoufox] 使用代理: socks5://127.0.0.1:40000
register	注册（免费无鉴权服务商）	2026-08-17T14:04:53.3776834Z 14:04:53 [INFO] [Camoufox] 启动无头浏览器 (headless=True)...
register	注册（免费无鉴权服务商）	2026-08-17T14:04:53.3777392Z 14:04:53 [DEBUG] Using selector: EpollSelector
register	注册（免费无鉴权服务商）	2026-08-17T14:04:53.4686912Z 14:04:53 [ERROR] [Camoufox注册] 失败：RuntimeError: Camoufox 浏览器二进制未安装，请先执行: camoufox fetch
register	注册（免费无鉴权服务商）	2026-08-17T14:04:53.4688944Z 14:04:53 [INFO] [MyAgentInbox] 已释放邮箱上下文: 8n2usnh1b4@myagentinbox.com（status=available, note=Camoufox失败: Camoufox 浏览器二进制未安装，请先执行: camoufox fetch）
register	注册（免费无鉴权服务商）	2026-08-17T14:04:53.4690540Z 14:04:53 [INFO] [批量] 开始第 100/100 个注册
register	注册（免费无鉴权服务商）	2026-08-17T14:04:53.4691560Z 14:04:53 [INFO] [Catchmail] 已生成临时邮箱: jab29njcks@catchmail.io
register	注册（免费无鉴权服务商）	2026-08-17T14:04:53.4693147Z 14:04:53 [INFO] [EmailProvider] 使用邮箱来源: catchmail, email=jab29njcks@catchmail.io (order=['catchmail', 'dropmail', 'throwawaymail', 'tempmail', 'tempmailc', 'qxfy', 'myagentinbox'])
register	注册（免费无鉴权服务商）	2026-08-17T14:04:53.4694542Z 14:04:53 [DEBUG] 自动获取邮箱: jab29njcks@catchmail.io
register	注册（免费无鉴权服务商）	2026-08-17T14:04:53.4695129Z 14:04:53 [DEBUG] 自动生成显示名称: Jzefljx Mhej
register	注册（免费无鉴权服务商）	2026-08-17T14:04:53.4695776Z 14:04:53 [INFO] [Camoufox] 使用代理: socks5://127.0.0.1:40000
register	注册（免费无鉴权服务商）	2026-08-17T14:04:53.4696448Z 14:04:53 [INFO] [Camoufox] 启动无头浏览器 (headless=True)...
register	注册（免费无鉴权服务商）	2026-08-17T14:04:53.4696985Z 14:04:53 [DEBUG] Using selector: EpollSelector
register	注册（免费无鉴权服务商）	2026-08-17T14:04:53.5321685Z 14:04:53 [DEBUG] https://api.tempmail.lol:443 "POST /v2/inbox/create HTTP/1.1" 201 95
register	注册（免费无鉴权服务商）	2026-08-17T14:04:53.5341764Z 14:04:53 [INFO] [TempMail.lol] 已创建邮箱: modestine6a7005@sc.foodlpqse.com
register	注册（免费无鉴权服务商）	2026-08-17T14:04:53.5343857Z 14:04:53 [INFO] [EmailProvider] 使用邮箱来源: tempmail, email=modestine6a7005@sc.foodlpqse.com (order=['tempmail', 'qxfy', 'dropmail', 'catchmail', 'tempmailc', 'myagentinbox', 'throwawaymail'])
register	注册（免费无鉴权服务商）	2026-08-17T14:04:53.5355502Z 14:04:53 [DEBUG] 自动获取邮箱: modestine6a7005@sc.foodlpqse.com
register	注册（免费无鉴权服务商）	2026-08-17T14:04:53.5356390Z 14:04:53 [DEBUG] 自动生成显示名称: Fncjb Rekvcru
register	注册（免费无鉴权服务商）	2026-08-17T14:04:53.5357168Z 14:04:53 [INFO] [Camoufox] 使用代理: socks5://127.0.0.1:40000
register	注册（免费无鉴权服务商）	2026-08-17T14:04:53.5358027Z 14:04:53 [INFO] [Camoufox] 启动无头浏览器 (headless=True)...
register	注册（免费无鉴权服务商）	2026-08-17T14:04:53.5358728Z 14:04:53 [DEBUG] Using selector: EpollSelector
register	注册（免费无鉴权服务商）	2026-08-17T14:04:53.8082472Z 14:04:53 [ERROR] [Camoufox注册] 失败：RuntimeError: Camoufox 浏览器二进制未安装，请先执行: camoufox fetch
register	注册（免费无鉴权服务商）	2026-08-17T14:04:53.8087586Z 14:04:53 [INFO] [MyAgentInbox] 已释放邮箱上下文: pg502vxhyc@myagentinbox.com（status=available, note=Camoufox失败: Camoufox 浏览器二进制未安装，请先执行: camoufox fetch）
register	注册（免费无鉴权服务商）	2026-08-17T14:04:53.8483268Z 14:04:53 [ERROR] [Camoufox注册] 失败：RuntimeError: Camoufox 浏览器二进制未安装，请先执行: camoufox fetch
register	注册（免费无鉴权服务商）	2026-08-17T14:04:53.8484511Z 14:04:53 [INFO] [Catchmail] 已释放邮箱上下文: jab29njcks@catchmail.io（status=available, note=Camoufox失败: Camoufox 浏览器二进制未安装，请先执行: camoufox fetch）
register	注册（免费无鉴权服务商）	2026-08-17T14:04:53.9470807Z 14:04:53 [ERROR] [Camoufox注册] 失败：RuntimeError: Camoufox 浏览器二进制未安装，请先执行: camoufox fetch
register	注册（免费无鉴权服务商）	2026-08-17T14:04:53.9472400Z 14:04:53 [INFO] [TempMail.lol] 已释放邮箱上下文: modestine6a7005@sc.foodlpqse.com（status=available, note=Camoufox失败: Camoufox 浏览器二进制未安装，请先执行: camoufox fetch）
register	注册（免费无鉴权服务商）	2026-08-17T14:04:53.9476321Z 14:04:53 [INFO] [批量] 完成：成功 0 / 尝试 100 / 目标 100
register	注册（免费无鉴权服务商）	2026-08-17T14:04:53.9477279Z Extracting addon (UBO): 100%
register	注册（免费无鉴权服务商）	2026-08-17T14:04:53.9477665Z Extracting addon (UBO): Complete
register	注册（免费无鉴权服务商）	2026-08-17T14:04:54.0450916Z ##[error]Process completed with exit code 1.
